"lambda.input","lambda.est","kappa","kappa.z","CI.lower","CI.upper"
0,1e-06,0.228018059835152,-0.406172833168439,0,0.0903969843505142
0,1e-06,0.266890062569974,2.21597481684026,0,0.141317434014911
0,1e-06,0.222395056678788,-0.82481186929673,0,0.0486874487158666
0,1e-06,0.218050772096851,-1.12818725891217,0,0.0912227984538102
0,1e-06,0.245279559448628,0.742083560023158,0,0.125887690524941
0,1e-06,0.233220658504242,-0.0759856851183531,0,0.13732250235827
0,1e-06,0.254609677425643,1.42987716715021,0,0.142174825233985
0,1e-06,0.225921180727315,-0.571998065752579,0,0.0983169917320331
0,0.00347226918251802,0.212414207611937,-1.57341244863275,0,0.0845840743664759
0,0.0403056212146722,0.246542286312217,0.872848226674743,0,0.214965675947574
0,1e-06,0.229211795869719,-0.327450912320024,0,0.0647882245647832
0,1e-06,0.24587873655117,0.879482626924206,0,0.0947485899234993
0,0.19453055808023,0.274665615030314,2.64299565453229,0.0256805831325928,0.432326522893739
0,1e-06,0.266480093107766,2.20052823486841,0,0.0697048105348555
0,0.00560776042457482,0.232941837947827,-0.0926678949982821,0,0.190591901064778
0,0.00170408447455793,0.228742012906368,-0.364405939986385,0,0.0889156888303006
0,1e-06,0.230539155622648,-0.260811543656166,0,0.0747623735130497
0,0.00506558227831351,0.24506329827184,0.754922514039933,0,0.19702010775922
0,0.0356986706757552,0.252563104239396,1.33898918394448,0,0.242770512482656
0,1e-06,0.232513012514124,-0.149954293278855,0,0.102287467836755
0,1e-06,0.238080291136317,0.272695878422882,0,0.101829680876836
0,1e-06,0.219202137876393,-1.07760014740084,0,0.0893125711022407
0,1e-06,0.250602147885505,1.24553837150131,0,0.118564025344844
0,1e-06,0.230377216649281,-0.240404130982512,0,0.080047090472353
0,1e-06,0.241742121022651,0.503056685281767,0,0.0459942856909422
0,1e-06,0.258744501245821,1.77184434741722,0,0.16542119330988
0,0.0207623931081454,0.239207640081647,0.394856558283248,0,0.154882270676476
0,1e-06,0.246010280416561,0.859496050316863,0,0.095340215554139
0,0.0318095340900396,0.215774439195538,-1.35196064760715,0,0.16226078018301
0,1e-06,0.249308591312466,1.11611903316697,0,0.109416535090172
0,1e-06,0.231885407897314,-0.125622997391068,0,0.0888476404653717
0,0.0162473553175741,0.237574629277949,0.257045205722412,0,0.145720446424054
0,1e-06,0.243802215258251,0.650402377033929,0,0.122271976038155
0,1e-06,0.225164026727024,-0.693726848745334,0,0.112274506229283
0,1e-06,0.224182629487419,-0.708426250898155,0,0.0799262235301228
0,1e-06,0.227060236062921,-0.516787796917838,0,0.0842025324444804
0,1e-06,0.223854027833126,-0.765139054221603,0,0.149744057867946
0,0.0128450465228248,0.249057639502564,1.06409236838987,0,0.152103004146493
0,1e-06,0.227128505860371,-0.547002363367521,0,0.0763866668198771
0,1e-06,0.237291747500977,0.29951085903048,0,0.0503930413656099
0,1e-06,0.23741109994911,0.274557972174856,0,0.202009497551499
0,1e-06,0.225043187769787,-0.731233805668932,0,0.0587054476267212
0,1e-06,0.216554606221589,-1.32926549482156,0,0.0729385677636114
0,1e-06,0.244595660249236,0.759870408896134,0,0.0933016311607341
0,1e-06,0.229195575508491,-0.331440223071893,0,0.072410761530827
0,1e-06,0.212971093547819,-1.67134372515409,0,0.0683417428454848
0,1e-06,0.243003200137716,0.58728054318026,0,0.138173247208208
0,1e-06,0.25644983264874,1.64604040357155,0,0.0714910093947495
0,1e-06,0.222107554309703,-0.895536827809463,0,0.0509421114796316
0,0.0986543162093225,0.257672457249233,1.6161855076941,0,0.296302933375153
0.05,1e-06,0.227860072615014,-0.461443403707122,0,0.15638700708592
0.05,0.0706802567508765,0.235895948123901,0.155380310754516,0,0.233927086912883
0.05,0.0227469043993611,0.251826765621184,1.27642004245868,0,0.236129767945116
0.05,0.0164575407006361,0.239568454535186,0.457506437642892,0,0.169986349163115
0.05,0.0854633239859012,0.23357986629394,-0.00701840490426339,0.000837121780900928,0.253674105055911
0.05,0.0086073874315332,0.228785522005724,-0.427493505878225,0,0.104371837099994
0.05,0.0251540018147144,0.237209592082354,0.249495309703897,0,0.19167455045564
0.05,0.137955890548749,0.26839131263576,2.1921930815143,0,0.364033655039288
0.05,1e-06,0.255352026802951,1.47458478375939,0,0.261137727387918
0.05,0.0352573978444992,0.22167111550236,-0.911656383757681,0,0.149929001514863
0.05,9.61594622107659e-05,0.23786726299125,0.297495897220519,0,0.108128664520521
0.05,0.0740006733731591,0.23665209298045,0.273350123025967,0,0.243836610638989
0.05,0.0800323099060262,0.252925281463344,1.31972318177395,0,0.286845171597459
0.05,0.00637024196102135,0.241106855839279,0.539069391249733,0,0.132532544127098
0.05,1e-06,0.218147241004082,-1.1851059669322,0,0.0903880281481598
0.05,0.0219947648899512,0.247079763215681,0.960407210725904,0,0.195055271342728
0.05,0.0442239351640495,0.234732737205561,0.0840541032716985,0,0.209161707340932
0.05,0.116342398559588,0.247208768695719,0.944069819645372,0,0.319288315704743
0.05,0.122543239734409,0.249904536267434,1.10881668323655,0.0236932056363416,0.299840417028855
0.05,0.0413473252094706,0.227055966024554,-0.537250614601233,0,0.168736409778161
0.05,1e-06,0.237353196845392,0.246198865163402,0,0.122276338922221
0.05,0.0061910134430538,0.257707323114052,1.72403146840595,0,0.212146689045777
0.05,1e-06,0.231073970909771,-0.209820963643242,0,0.10036288042138
0.05,0.0685412491359007,0.231989535277097,-0.163358719011556,0,0.214654678409586
0.05,1e-06,0.256223501513364,1.51658843412248,0,0.163260651936212
0.05,1e-06,0.246288084026246,0.831647842864009,0,0.104022237758097
0.05,1e-06,0.237029429446997,0.273381536173844,0,0.124876925260285
0.05,0.0726048377779786,0.252131985106065,1.29388906841264,0,0.29837657994324
0.05,0.0184437281036878,0.264406173177445,2.06883296345119,0,0.266370565123965
0.05,1e-06,0.238482062414742,0.275103515376402,0,0.0737853961358495
0.05,1e-06,0.218940039509646,-1.11743940354417,0,0.113202860785896
0.05,1e-06,0.251781802278005,1.28292561670385,0,0.102777556876879
0.05,1e-06,0.249738524468955,1.12560975105736,0,0.216338736227592
0.05,0.0378027632035157,0.236944875455633,0.238268601610426,0,0.161715198914247
0.05,0.120825706174465,0.239602590877668,0.399793597501108,0.0214138431318457,0.284968799096037
0.05,0.152749782238209,0.254006019634267,1.40323057369625,0,0.380230781030685
0.05,1e-06,0.24710264563928,0.986953980938616,0,0.0802196290343975
0.05,1e-06,0.225273273501749,-0.623009877028416,0,0.0953213709633105
0.05,0.126603270649461,0.269620971492669,2.36813245357412,0,0.391096728307765
0.05,0.0347635966159675,0.247991038515559,1.03562784539428,0,0.218674387542292
0.05,1e-06,0.237941180716391,0.351163208226279,0,0.130656788560094
0.05,0.00316276460784314,0.23306234542524,-0.029793692722062,0,0.163671946269208
0.05,1e-06,0.235238381677058,0.0979055695419044,0,0.138790919891307
0.05,0.0463338326977409,0.233140129366931,-0.0454200759437436,0,0.207067327733277
0.05,0.00975331005981858,0.237112894134682,0.25364358409448,0,0.12739784857138
0.05,0.146265730545144,0.274329894220678,2.8040707334321,0.0383495649365818,0.35494947699982
0.05,1e-06,0.241726632337578,0.588538901774195,0,0.183673072268396
0.05,0.0872880670862161,0.282714463262681,3.1296612836728,0,0.366514906835903
0.05,1e-06,0.22271815041198,-0.812596304575871,0,0.0820918776280524
0.05,1e-06,0.231241744989645,-0.198190504377414,0,0.0845980552308994
0.1,1e-06,0.223608502831658,-0.737884661402171,0,0.101830586858817
0.1,0.0263816751643836,0.24954275601967,1.1168060735126,0,0.144403956053122
0.1,0.0688052843772108,0.243798960095067,0.670080301818027,0,0.232341236507169
0.1,1e-06,0.250095329595884,1.11836115669955,0,0.262754872040128
0.1,1e-06,0.248160772724992,1.01509429335362,0,0.0703750265286822
0.1,0.00843573704913877,0.223570876888567,-0.743984900078117,0,0.0897695497890251
0.1,0.0613872163176445,0.26881380469121,2.34814339165277,0,0.31699193965811
0.1,0.0989609615458543,0.254926485366357,1.43643188791488,0,0.305365049604317
0.1,0.015352694330905,0.238545575056617,0.374734658055646,0,0.188692639746256
0.1,0.12037740911433,0.268077812247568,2.2612481637494,0.0228953776822874,0.320633532976229
0.1,0.126771170537975,0.253674114157927,1.35526095709089,0.0359886039569855,0.295070810515927
0.1,0.150856606891688,0.280073840626357,2.97765000024217,0.00550558731692811,0.40034127340063
0.1,1e-06,0.256342457157291,1.59409545562417,0,0.292688803779954
0.1,0.0867216447717135,0.243284558878489,0.627716070527896,0,0.256947922028251
0.1,0.129482433942638,0.270279832571089,2.49945726926052,0.0173987950686146,0.358032566305361
0.1,0.179900930317083,0.272796676946755,2.64051450743056,0.0478410004529371,0.389767300876178
0.1,0.141346614746781,0.268190507915584,2.26600649261294,0.0256670141456719,0.358424836881088
0.1,0.146482372782011,0.263231203706117,2.03938070319095,0.0392110050381879,0.330829362506112
0.1,0.0405916210238818,0.243488741270531,0.687666820902774,0,0.222153483020348
0.1,0.101124804768979,0.268366357680145,2.34149976459349,0,0.397494625481011
0.1,0.0128556626694315,0.234420430904934,0.0770658909513362,0,0.199632446039647
0.1,1e-06,0.251952441425312,1.18021187881618,0,0.105336513743371
0.1,0.240544047449484,0.285455538786391,3.44441648445521,0.0459914430914315,0.483447338788462
0.1,0.0398406623227461,0.253156461951118,1.38070670685147,0,0.282793143605245
0.1,0.100913003475008,0.244852456894529,0.722107979413027,0,0.297293728015268
0.1,0.0430555829149703,0.237122891096977,0.23662329310594,0,0.173238508123997
0.1,0.0788485489391905,0.244729555492095,0.796648384690787,0,0.255597737852378
0.1,0.00329808381942181,0.236022732674098,0.152778922269884,0,0.190841129626728
0.1,0.0629409152978477,0.239429320338658,0.333263948447418,0,0.223772853347497
0.1,0.230720819536124,0.294250773774449,3.83362091637336,0.0877420345350135,0.441928567392571
0.1,1e-06,0.24677802744927,0.8743757617727,0,0.126949705357033
0.1,0.00745775221307541,0.239004890569133,0.311229162140049,0,0.176996375442454
0.1,1e-06,0.25425405501049,1.39325047907457,0,0.146445488044864
0.1,0.0240469770260768,0.227807339330775,-0.464185814034076,0,0.151707649287723
0.1,1e-06,0.261881583622788,1.93026680556981,0,0.29983609271402
0.1,0.0931333036281464,0.240591510134244,0.448608878566573,0,0.274826792747563
0.1,0.0681817821852053,0.240324216868763,0.497729844346247,0,0.211927745587205
0.1,0.0545160620895968,0.247256855123956,1.04771960891043,0,0.242458586583976
0.1,0.191490780556754,0.261651772457083,1.91749263295933,0.0628016867540831,0.38300154055804
0.1,0.0509840420027817,0.242018407482784,0.66286330187877,0,0.218959458643068
0.1,0.00739876062804349,0.221147748192453,-0.981040724009776,0,0.137127114780576
0.1,0.0273387781899817,0.246612894769833,0.902088062122328,0,0.207956844865816
0.1,0.0806900325276629,0.243145328230777,0.693627175683154,0,0.291288715523373
0.1,0.11470276549048,0.263603903588788,1.95609236239372,0,0.390095358049733
0.1,0.0774744382150324,0.242538032090123,0.575422587099926,0.0132490441744319,0.215110758345569
0.1,0.0351981960541423,0.245269609359395,0.735561892684573,0,0.19728895914429
0.1,0.0396288805796043,0.244169484294293,0.716137806406396,0,0.177826340141607
0.1,0.122245162036076,0.266654656665443,2.23539789534735,0.00518829330180719,0.344230597255153
0.1,0.00957795919163795,0.245118483033695,0.795766916211135,0,0.125689979608139
0.1,0.0791341240157167,0.242322676330411,0.609195336397737,0.0132173835712298,0.22503678279936
0.15,1e-06,0.270230328074986,2.41894314135022,0,0.132737210829618
0.15,0.0351496353069189,0.262298356419893,2.02549509685103,0,0.232767002204486
0.15,0.196277159518755,0.276763484268489,2.84453672367613,0.0519755567321695,0.421161824569262
0.15,0.148888782496298,0.255670644505976,1.5058425662092,0.0217000714671716,0.343551228869291
0.15,0.177467153530134,0.270165394037462,2.45925218750131,0.0121455668265371,0.402884638096068
0.15,0.141389431480893,0.267592514691162,2.25899183133802,0.0142342185355791,0.354543814943409
0.15,0.0268116571848762,0.220679707264622,-0.969365993768962,0,0.148680160218451
0.15,0.196420651724084,0.274858028834049,2.69673310757341,0.0630646695931877,0.394109729523229
0.15,0.105877348628244,0.2491261147128,1.03745599464475,0.0192043031570144,0.277077145510012
0.15,0.276565269862309,0.289212151291553,3.63385004695627,0.135808634276726,0.453081984096
0.15,0.0150125377083103,0.230926396175918,-0.213078616529752,0,0.157065310980687
0.15,0.0777367073939438,0.263265178445894,2.0871713680627,0,0.301751012071195
0.15,0.31917111817752,0.297742844518097,4.22791167119867,0.164912100171334,0.504060516564821
0.15,0.0685827985318058,0.246761398973987,0.922416424958078,0,0.237014694469491
0.15,0.0536615591856961,0.231533553842314,-0.226162793076074,0,0.180321995908916
0.15,0.239447170376378,0.287743826117963,3.52076798364587,0.0911074468566504,0.452493642823773
0.15,0.100255689179051,0.246175072930119,0.882629933045006,0.025770752518018,0.256253408443808
0.15,0.190669163569314,0.269564907418305,2.52341391912906,0.0166310620799727,0.426040112338305
0.15,1e-06,0.242379593067676,0.571788646119888,0,0.103654268527548
0.15,0.117017735500749,0.262642116868403,1.99311585343012,0.0138039264950859,0.306629153013457
0.15,1e-06,0.250507570691358,1.12330897948415,0,0.0603530466174215
0.15,0.0785205395132703,0.249885934513535,1.03506970322863,0.0083218175326841,0.245029217948867
0.15,0.282257252398833,0.277450874442095,2.92680430322384,0.113944499675872,0.484986879821579
0.15,0.309887938510608,0.3016055611709,4.37220475451904,0.122063561255698,0.541843934643216
0.15,0.120478165267778,0.272513094072648,2.62448304533437,0,0.396242638586137
0.15,0.0555033009545647,0.245079576666472,0.745977751007654,0,0.194667648259489
0.15,1e-06,0.24452081737217,0.759667951467947,0,0.153211517302802
0.15,0.147016013240659,0.269860465641535,2.46165137188269,0.0348526249432729,0.352678123860327
0.15,0.243514554018096,0.283935910965257,3.34419283083817,0.0839930562369711,0.457934014971572
0.15,0.0462725741414989,0.268992677715591,2.38400707659461,0,0.269189325938944
0.15,0.160628120267704,0.280903021936344,3.10355689808594,0.0611619331796449,0.336814391162564
0.15,0.0836912450340418,0.253391885294177,1.28417794801029,0,0.273084555752135
0.15,0.221782907835073,0.290565543476812,3.62360595190382,0.101136362759879,0.399320445216845
0.15,0.0889042244867201,0.257387735692466,1.71904119499365,0.00506330727329674,0.28013549361875
0.15,0.0693559143680038,0.250322656406363,1.18035228551867,0,0.263206743298355
0.15,1e-06,0.24136191409083,0.540838637849097,0,0.107852228521054
0.15,0.266095051047463,0.287588331223933,3.52873416725511,0.0899056985612873,0.494423030760009
0.15,0.0415646395042929,0.252329238641081,1.2636534164292,0,0.184773789599992
0.15,0.155838133648427,0.250285054118111,1.13753495098552,0.0172141728937777,0.349688234555957
0.15,1e-06,0.230547507409636,-0.256086848570255,0,0.123495411059637
0.15,0.111149079286484,0.288185318094795,3.4284305157151,0.0263894543080666,0.32212605960037
0.15,0.112395905893063,0.258149669479695,1.65430852319858,0.0148980656280581,0.31155537103482
0.15,0.163032830291885,0.272363373703897,2.57009581881841,0.0415735737474875,0.369882629012512
0.15,0.0408576070684779,0.24039192702155,0.478649379292115,0,0.182046598824831
0.15,0.0856813000338935,0.246539803402764,0.880815601017742,0,0.270461581977574
0.15,0.0314056000667084,0.245357761894474,0.795483332169661,0,0.205760690905237
0.15,1e-06,0.241945612116155,0.58317973314735,0,0.0959096828335004
0.15,0.0903892296059449,0.248868009429232,1.06028584999437,0,0.27464300098076
0.15,0.0378893645073751,0.238131715958932,0.286461579592476,0,0.238947686394332
0.15,0.13621421422771,0.254288955014293,1.44622511257976,0.0161683927649098,0.34271484185288
0.2,1e-06,0.24268985304124,0.65301000252285,0,0.119177492220088
0.2,0.159961020522969,0.28551224868288,3.48690867370752,0.0384286454594888,0.382340477654007
0.2,0.184954967935728,0.277463520608854,2.86743957926598,0.0352008127516284,0.423301654894669
0.2,0.198557222152136,0.275914029248011,2.9374316969608,0.0716246168681273,0.392986672676327
0.2,1e-06,0.254519362319703,1.40301925527511,0,0.244972054975918
0.2,0.109520713675698,0.254307719683841,1.48729951276519,0.0100785019604553,0.286183327595737
0.2,0.187824271112287,0.272126648277853,2.45655203818347,0.0551296170999578,0.39047756125902
0.2,0.210832379520729,0.309598724982664,4.89830643800531,0.0732360955853519,0.448960923255512
0.2,0.147795674000649,0.255934461800981,1.58767006989695,0.0139050040705775,0.359756763895547
0.2,0.36240645892441,0.308595654822378,4.45680136348897,0.170489774201864,0.575056851873042
0.2,0.251183057846587,0.298892857408201,4.22450684616593,0.0501549685928758,0.52604376377708
0.2,0.0665551856122924,0.252234620957344,1.29568997203336,0,0.239040337927874
0.2,0.15548187672968,0.259058868218484,1.75012716477507,0.0381889291234385,0.341640672788104
0.2,0.112456916193506,0.253765187063807,1.46358625068193,0,0.340275655168736
0.2,0.0616850626444584,0.236157364925611,0.174164542756481,0,0.245043785018805
0.2,0.0139325479578679,0.236631134713318,0.224734775064741,0,0.109990603824242
0.2,0.137956865272456,0.250289616100389,1.13466072326706,0.017991112251672,0.340904374603069
0.2,0.162552193929117,0.268065524968802,2.17814029354323,0.0380468540037028,0.36589668736574
0.2,0.320133971287661,0.293241925077032,3.86766253190695,0.120355664867185,0.543110502054964
0.2,0.164796249269248,0.266201648742861,2.17914645484475,0.0339072008374927,0.375458970315447
0.2,0.176766173665631,0.269823771179873,2.35425531286452,0.0622233736451388,0.361888641585952
0.2,0.238571604237602,0.283735596235611,3.18731222197602,0.0428380717259962,0.493115671918349
0.2,0.153159610004546,0.277889763049014,2.92131127616313,0,0.463218168077425
0.2,0.26690395108019,0.300403420691516,4.24585559744107,0.109569033218889,0.484165769940567
0.2,0.280527623218578,0.286611695560563,3.57861798976556,0.113274915368527,0.488144963955431
0.2,0.131991784816415,0.261997804195314,1.94584547106073,0.0148722667841761,0.353605570334805
0.2,0.224977475476533,0.265752135348624,2.19757296175317,0.0522527656089,0.438624578840949
0.2,0.132950550198337,0.273609628970407,2.55204973100203,0.0153386905855963,0.393918237049512
0.2,0.219749264396506,0.291812186791108,3.96227354139382,0.0870316627727833,0.426570753272031
0.2,0.205116184342413,0.266934519374706,2.26090314621988,0.0478071236586018,0.425059501673793
0.2,0.112300821020012,0.25519210774934,1.48061755146569,0,0.351445624493734
0.2,0.203785170339876,0.288823553812066,3.74895478221035,0.0317508421307665,0.474387784983115
0.2,0.0330723742940949,0.254917120901588,1.43113416339064,0,0.167000718664513
0.2,0.285493359309347,0.302527796539825,4.28190021959887,0.1147011594432,0.506617286869732
0.2,0.234768382606133,0.277268571928246,2.89090510665278,0.0738905715764811,0.451760265178207
0.2,0.183653809043493,0.268954311957447,2.39476853117981,0.0551115309645779,0.381575913308968
0.2,0.191972338002879,0.268540760383295,2.41858116641135,0.0485841798230669,0.405518198735897
0.2,0.350374493307826,0.330538391799579,6.07475722356142,0.192528724278994,0.536764675630228
0.2,0.109444038672955,0.261455814002903,1.92169102796083,0.0325729237132537,0.26743852785895
0.2,0.18391427083792,0.25648899130557,1.68569284223618,0.0557470833182964,0.374468777791773
0.2,1e-06,0.25380491523966,1.37235890568456,0,0.200708797573407
0.2,0.262913802823153,0.27843738160304,2.99562950957118,0.0766535338084126,0.486779896388961
0.2,0.0944305047730702,0.23287191428926,-0.0588670814983897,0.00907065278066119,0.248738104894025
0.2,0.180263987122057,0.256870122289334,1.61609762374252,0.0527780052654807,0.366186821874796
0.2,0.238430065330471,0.315622314942664,5.01054719159294,0.118871819811375,0.418270097436032
0.2,0.271501197118647,0.302151143110343,4.24646418997076,0.111453005260122,0.493764506610128
0.2,0.239557252554319,0.299013002550239,4.14705962876647,0.0857483200284503,0.462554957147295
0.2,0.20074066764318,0.270140945937846,2.66433724919613,0.0267931739948321,0.436985415005806
0.2,0.233188440129059,0.315996786140941,4.99436486303051,0.080565299290928,0.490482671518821
0.2,0.22131737993585,0.302132067703209,4.25754470155565,0.0767454706745986,0.446196342326602
0.25,0.373116879238086,0.316191359382865,5.28065001965005,0.200860254365138,0.564974852262403
0.25,0.210527067134886,0.28962954867374,3.58923889784895,0.0682861373584513,0.437091951663705
0.25,0.306323225920951,0.314482102594856,5.07431322939186,0.0906124588536933,0.575628597948546
0.25,0.332776616410139,0.327218434474588,5.85438731520666,0.14578427013075,0.573324175606053
0.25,0.229423808253697,0.288836977970589,3.69002048099467,0.0866371714097292,0.435882583302648
0.25,0.181955413763555,0.280930291560373,3.18375971742693,0.0586204981804803,0.390246216794986
0.25,0.116160132209025,0.266051034199156,2.26559500829141,0.0134364501083682,0.32437064005169
0.25,0.309281380531069,0.321491227700889,5.44230517323401,0.118310621505361,0.562189592420469
0.25,0.280921128219927,0.289648538791509,3.55188704431897,0.0851444788305744,0.520503098306759
0.25,0.302261636548647,0.293825404633396,3.74368898089895,0.145411840521538,0.494339156783557
0.25,0.0516043052087176,0.275743891240576,2.62071299043725,0,0.335011327680372
0.25,0.0790856150030474,0.258481244057475,1.70913117095924,0,0.297654218132788
0.25,0.125175904259708,0.269968262293337,2.45520416950648,0,0.37186644591157
0.25,0.0643644770958695,0.240954756424345,0.487624055835241,0,0.243354287033152
0.25,0.273282909932758,0.289986558225568,3.46205737266992,0.089476336810634,0.506709816871201
0.25,0.20587930590751,0.272322582369948,2.55444229647035,0.0809453415142002,0.389508706152511
0.25,0.288648895229506,0.293337638384706,3.82439295873357,0.129477189561902,0.491329074705801
0.25,0.358076447084193,0.306342967595112,4.51642912891813,0.184046120529404,0.55480739016274
0.25,0.0755297870430921,0.24901067619368,1.09126261890711,0,0.252448966913905
0.25,0.163812583945229,0.272893187674696,2.64297817210545,0.0387845306456793,0.377882018672895
0.25,0.199399629373487,0.27023289479555,2.41010607001724,0.0122760268444186,0.440657276835188
0.25,0.250583474168312,0.270618320495826,2.50495903295426,0.0829329445235429,0.458738916022972
0.25,0.23786271635506,0.286464470214689,3.44430203511712,0.088160741727948,0.449106355796932
0.25,0.278310011760189,0.28945751038104,3.65095873230112,0.0971175650171007,0.502057473919551
0.25,0.153179076902888,0.262099335503165,1.99077915149089,0.0357856470757329,0.349255649615423
0.25,0.0527803728041014,0.249080190701046,1.02974942171405,0,0.270774872407034
0.25,0.080437322681857,0.244480095121423,0.768658595418041,0.00671677824657438,0.255352478400677
0.25,0.40379519711687,0.330734385476579,5.89938611194081,0.200895164522037,0.622243072958314
0.25,0.210726944015772,0.284427151831791,3.2615033653933,0.0803346330775856,0.410173974288522
0.25,0.408346558168531,0.317398605367176,4.92879477125545,0.147485170479133,0.652158912613203
0.25,0.19198144748459,0.273625262975113,2.66797441191571,0.0724604085819274,0.378485147602159
0.25,0.218073390583212,0.284978574364962,3.57390336817638,0.0554184166631655,0.453681640209268
0.25,0.0855430413622947,0.222139142522247,-0.904333442472144,0.0106482131843673,0.225928424488032
0.25,0.297614455962625,0.284769379177925,3.3650926674215,0.110038173891883,0.51579817742413
0.25,0.15592188985951,0.255046617895912,1.49976456079077,0.0347347100325768,0.34025605026444
0.25,0.143091484515827,0.256577461569938,1.54544080997952,0.0371695413896309,0.320481946895253
0.25,0.196824018691741,0.280101238057041,2.97725511029427,0.0743627881932597,0.387766956961841
0.25,0.138810804876849,0.28541069374836,3.25961714399324,0,0.443143860350615
0.25,1e-06,0.266988103023926,2.21518322691669,0,0.546773505825523
0.25,0.3048866718886,0.284713303098768,3.29449356127133,0.11674524953979,0.517663223093276
0.25,0.234509846306358,0.303949248958535,4.24777419135673,0.100418783272867,0.44076729486492
0.25,0.193784720889639,0.2794347873429,3.03967557798681,0.0121899436437603,0.464812647551653
0.25,0.259183730139675,0.302952193174378,4.33061687513978,0.113301910001586,0.470062142069995
0.25,0.240719032025329,0.283680153318723,3.22257615204107,0.10359231124817,0.430265642803562
0.25,0.397440486837272,0.326555062810315,5.70167338100131,0.234732394743354,0.575042427010973
0.25,0.199728214708229,0.286339578305346,3.33798554624018,0.0675010473398234,0.412410873844583
0.25,0.240222100971936,0.280096593571247,3.07373515018029,0.103066390142004,0.431003596460751
0.25,0.105236979618569,0.263344812844853,1.95513433985744,0,0.315345327204974
0.25,0.12914897130786,0.270501288447741,2.47498200880521,0.00223540425498355,0.370744522734476
0.25,0.3335266352826,0.302929967019499,4.38899658415616,0.146216155835545,0.553971454391843
0.3,0.013368912595058,0.243215380393835,0.632700947022149,0,0.148125645583707
0.3,0.313542879672153,0.28718358803608,3.36758688804342,0.141224476229032,0.514311111084314
0.3,0.367852200673651,0.302855280176271,4.23899256172665,0.182663129723761,0.569073317828151
0.3,0.354975573455892,0.306553779294857,4.60154217214079,0.154334806128529,0.576028956062141
0.3,0.184481776964466,0.274563206560091,2.81286876462818,0.056345601864154,0.397055210156133
0.3,0.302360096069559,0.283656798638095,3.28561915132182,0.113099621473731,0.520803529772151
0.3,0.279576681414033,0.283735568566579,3.24033192976708,0.12824519710614,0.470530882595676
0.3,0.402927877430892,0.313257918716277,4.77058113881595,0.215179501855137,0.59917561534198
0.3,0.41349933734982,0.318259817174573,5.23372129276368,0.211106037503808,0.618359010613476
0.3,0.304123719415123,0.300851839411731,4.48836886180919,0.112450236776559,0.539364011450433
0.3,0.281219030304538,0.285900017016519,3.29386056952545,0.0819154252561257,0.51997473924489
0.3,0.399332664195595,0.303345923089026,4.66252796478661,0.189853289931805,0.606060286777331
0.3,0.292581630323141,0.309779101584057,4.77937939642079,0.143571671525612,0.489498308418882
0.3,0.290910849902055,0.28350349206643,3.16640005060069,0.105095147597725,0.505783293480624
0.3,0.280628472792059,0.286144658940333,3.44714831136851,0.108228364795089,0.496905956234083
0.3,0.132124705384711,0.276216518285558,2.81432236387462,0.0325779283158289,0.334431472066981
0.3,0.19683852000541,0.263938583977176,2.02752875938731,0.0568419999354281,0.399239535660896
0.3,0.264201335949805,0.287449728736413,3.56366586195657,0.0697395321954007,0.509273514779335
0.3,0.251102468066267,0.295021053543396,3.98381192602743,0.103828648114769,0.455615335115795
0.3,0.156205659435394,0.285438511036142,3.41843557128329,0.00669178660209956,0.436711486660566
0.3,0.344987603051788,0.328793762516798,5.59029320102389,0.133021064071384,0.606891844136511
0.3,0.32434285775603,0.2970365036783,4.09185262234289,0.14483778260116,0.540487900636616
0.3,0.14397686197399,0.276726175889117,2.84586182618421,0.0328107140712097,0.375715898739538
0.3,0.425875791598032,0.345963306401247,6.59869412348151,0.259183356369842,0.604560838795063
0.3,0.206802031138123,0.281273597519467,3.15338493469678,0.0532664439934459,0.427735952145237
0.3,0.3576980414094,0.331730656765915,5.93933306070947,0.207288272576732,0.537341181942845
0.3,0.192318784015651,0.306825911171267,4.68363142057798,0.0529221941528726,0.442254074978185
0.3,1e-06,0.261303058892807,1.79681042973059,0,0.303919802590955
0.3,0.435971826639356,0.330579700763326,5.99171133473668,0.242531637285969,0.636638670432282
0.3,0.220351363932235,0.284218123472867,3.36201811976529,0.0770075123839413,0.436653704246526
0.3,0.140656929044118,0.251010396708925,1.2557594178724,0.0252447667221605,0.336225172934631
0.3,0.354720465491874,0.321876754550897,5.36944956778231,0.175239125599899,0.566250156937907
0.3,0.258559442199819,0.279153766556244,2.94501435130462,0.113287265922242,0.44930576333889
0.3,0.223390537423856,0.256925929623812,1.59021860390049,0.0675390486231428,0.419639428747093
0.3,0.283566697627788,0.300052331119369,4.1648278092645,0.105398749111756,0.517858575035437
0.3,0.220812803584553,0.286956801611415,3.7142783445206,0.0741710182021605,0.435529745838073
0.3,0.273162228172914,0.298171559715234,4.06283150454195,0.0781489934422554,0.520079855734384
0.3,0.294481651732036,0.290266216632629,3.60845051553569,0.143936367881127,0.481140613026204
0.3,0.121486075879232,0.27257096920251,2.5111934625633,0,0.369665712851326
0.3,0.32442601811062,0.305255466386997,4.51091735046093,0.142602235679904,0.54092828482385
0.3,0.408759639998589,0.354719952527651,6.72367153235247,0.209659905821223,0.629424697414497
0.3,0.17735026764898,0.268377557898857,2.31709967150833,0.0306708484767512,0.398678943527972
0.3,0.258679990992037,0.295523298180716,4.10172612443342,0.103524277178355,0.473925635908555
0.3,0.397199221309611,0.314627760703854,4.98688715164297,0.215618793987076,0.592006315928812
0.3,0.128047741086955,0.259585999573655,1.86499112602229,0.0249887240922426,0.320904519920825
0.3,0.273300628001002,0.29897191805237,4.09923746726111,0.111284791293714,0.493428961406427
0.3,0.270895752731289,0.314358882859324,4.91046786950003,0.108565096637921,0.502786950612025
0.3,0.407493690029235,0.344277413853337,6.47988456097933,0.188932767466137,0.654652218091352
0.3,0.326836764581382,0.313496568582655,5.15666774211715,0.160639771244781,0.532811160417864
0.3,0.301517166622362,0.29685372304091,4.06927187565696,0.132675335979711,0.511748787027537
0.35,0.210096709000366,0.287791610175727,3.40853912470823,0.0685002142836902,0.436838148522248
0.35,0.447324131269452,0.327193839452446,5.78453755348903,0.225541546535281,0.66240717991832
0.35,0.145860847208369,0.26966732673983,2.30975386961293,0.0273655399919431,0.36285795320921
0.35,0.394951259972362,0.345963051208728,6.49883045898293,0.19530855063501,0.619361611811175
0.35,0.280618314386311,0.293874206235724,3.93157077289304,0.115460913357312,0.491049087961903
0.35,0.360088358825814,0.326070890877603,5.41164774526096,0.163961829037865,0.59091654872841
0.35,0.412441112419043,0.366202321893834,7.35474877606663,0.251259774525357,0.590491990918756
0.35,0.393309753047895,0.323648876531277,5.57555742100626,0.224979054084365,0.573984333372366
0.35,0.305416087804699,0.336105698511887,6.05501476370042,0.165829685079785,0.486381593693853
0.35,0.271170044858026,0.302918563955642,4.54247127814176,0.118582843348234,0.473988399011127
0.35,0.455899118349597,0.322042144128263,5.34962312074381,0.214385926727427,0.676236303512205
0.35,0.348307107397353,0.320990852615183,5.36734649750354,0.169909122217,0.561720416316621
0.35,0.278851946754019,0.292728635614483,3.80396053415654,0.093207121267752,0.513681605454797
0.35,0.293760101091677,0.298921478835515,4.10697376093223,0.140723038051173,0.491432578696748
0.35,0.376248733294163,0.324440003150796,5.52343652120545,0.160643124944049,0.61373473133559
0.35,0.25456923742035,0.284088352697157,3.27088237227738,0.0548337829516817,0.498152962180779
0.35,0.469859055008018,0.323380329293801,5.70454507853548,0.241751804549254,0.680997294056003
0.35,0.450942509927912,0.361709808719077,7.41169872865036,0.239011409644886,0.662091146509933
0.35,0.423509493016373,0.31450701510175,4.93774034292347,0.216274120150725,0.627800560100224
0.35,0.429363574719829,0.343509738527983,6.55210667923396,0.249721541854781,0.613894938708018
0.35,0.530514051291101,0.417027641439877,8.87269794782547,0.347437219202713,0.709472551385278
0.35,0.391315031979442,0.321119781217355,5.29345875212697,0.191297727508038,0.606414675065213
0.35,0.292269648200911,0.283072787465071,3.22655904823261,0.112162784883383,0.504613453451779
0.35,0.394262915623768,0.318355395407598,5.13764304430194,0.195442118396959,0.603310209801327
0.35,0.603283196657883,0.51658580660083,12.7322383903706,0.427541165117474,0.764983527935404
0.35,0.317378580320533,0.297411744478947,4.18135433174755,0.152513947108481,0.516528747770284
0.35,0.244835099112421,0.286320483873633,3.45733826765398,0.10571802807282,0.439311555334561
0.35,0.337974034811351,0.326526907931328,5.70790218234015,0.148212528058262,0.574396310529227
0.35,0.33871356801302,0.368952492302893,7.42264575350694,0.197156819994808,0.517863025282236
0.35,0.0807187882025791,0.272672373768941,2.73468820129986,0,0.340503278081381
0.35,0.225082458607372,0.284819661933102,3.26960941055632,0.0625695652611835,0.45951991918721
0.35,0.331936683360633,0.351749314313023,7.04718507628935,0.160229580099965,0.552491682136908
0.35,0.302646263560121,0.295653357629729,4.02143764246015,0.140943232859526,0.501632493154942
0.35,0.162288004473337,0.277268163703695,2.87799768850355,0.0400464746146747,0.378944982830836
0.35,0.0511303518490561,0.24843102107652,0.992096454357121,0,0.284414306119769
0.35,0.203821620713025,0.272201002810728,2.63922509234852,0.0321656842907564,0.445255284514868
0.35,0.455460085490727,0.503891033387851,12.3180357290658,0.284180092129128,0.647520672715749
0.35,0.409672150502871,0.292533450545514,3.9184694258178,0.189353463904288,0.612868356534331
0.35,0.210359550946079,0.276185703724745,2.79941218807453,0.0634706378621824,0.431180560360272
0.35,0.262917833858432,0.283047712376056,3.28948617661574,0.0950367196192428,0.477913758170727
0.35,0.33107375717178,0.321012140780834,5.79870239104015,0.165277962671071,0.53451365834804
0.35,0.39643660176551,0.313398440346445,4.6450104730578,0.172139838041873,0.627786650756921
0.35,0.362677838966552,0.310432336443663,4.84747954948036,0.183753724222285,0.560966500887395
0.35,1e-06,0.274384606838487,2.89782037701949,0,0.399268924623606
0.35,0.560773847128304,0.357844054082414,7.25299135113405,0.357679962203706,0.736177148797055
0.35,0.588105599898754,0.384844983512408,7.99836432941581,0.391891444007004,0.75753202354837
0.35,0.38520893737478,0.313777248370798,4.92359108890453,0.16106658225195,0.618598707277486
0.35,0.522058999477761,0.378793898521681,7.76931487618679,0.324835591226986,0.706728243857291
0.35,0.24575081566613,0.269338757655387,2.4436601674422,0.0986894583127104,0.436187251213038
0.35,0.454727276469743,0.349589048326225,6.93354049119418,0.261235394051341,0.654528109575172
0.4,0.0707907259160889,0.251043381767078,1.17139164581586,0,0.337340624891212
0.4,0.308270672193294,0.296481865098528,3.96770901814731,0.112094100413237,0.540877006895209
0.4,0.383257865505259,0.316349540926929,4.97086254470308,0.203011110547864,0.579260675357858
0.4,0.48269399800461,0.341858018075645,6.16451396929397,0.243681212577448,0.707454222001396
0.4,0.23849648118563,0.279346385620298,3.02370067332447,0.0857238352149116,0.446532399849786
0.4,0.412993184354334,0.324499920760927,5.49775811958364,0.226746084902729,0.607925367575789
0.4,0.211339753475129,0.292241582894155,3.67330951287338,0.0469388425312996,0.467185806632821
0.4,0.398823079234154,0.314540749309589,5.13625363791301,0.215285108653685,0.5905933297171
0.4,0.491704979128572,0.384414029945184,8.33200976132143,0.310469968078906,0.671673246666506
0.4,0.393459811073962,0.351369828028508,6.63798411284678,0.193742333243836,0.618088174611438
0.4,0.451432980391728,0.371169189471911,7.88280825559705,0.267213211163587,0.650242789598078
0.4,0.393817654881744,0.336767593136236,5.99705635069248,0.217933131955939,0.589312780675042
0.4,0.46094308960219,0.343025389446693,6.22650001467891,0.266417855873228,0.65348291390927
0.4,0.470984637615285,0.365596025822197,7.42425437134994,0.282212550398616,0.656833282204369
0.4,0.376837221045548,0.304161147758452,4.61923998363172,0.15856094310264,0.603986636191533
0.4,0.325713944445966,0.306301286825392,4.57161030435171,0.125636703163962,0.565396829140236
0.4,0.397144631727116,0.318209790512513,5.03835605892569,0.214935985993058,0.595926009571704
0.4,0.174078154094605,0.307447369497654,4.94738281414697,0.0194320444542753,0.47796101497313
0.4,0.473363202365179,0.318899567275092,5.03166313319003,0.251384533428875,0.673466498549712
0.4,0.470081772465518,0.361602004687409,7.37522694274639,0.269957095925876,0.674727071405536
0.4,0.58993041046805,0.354022586241068,7.0484756713909,0.361538912552176,0.773178310261299
0.4,0.447007671579682,0.354550805094437,6.88861553326984,0.259345251608574,0.645356727413343
0.4,0.3973198267885,0.317519023910316,5.20672698106814,0.205202740030607,0.598436831510381
0.4,0.440366498669865,0.322807310883136,5.34376234992442,0.239353939302483,0.640170650957164
0.4,0.45092992978182,0.351715851673034,6.98223335708798,0.271137869796661,0.634204898285499
0.4,0.385524418863562,0.327771721126172,5.79303254042372,0.201459533018404,0.593795291702756
0.4,0.128317951883147,0.260670027062934,1.85155159748985,0.0209220075349256,0.335881627834653
0.4,0.363840963065664,0.328502056068028,5.98568334313805,0.144972261772785,0.612640287480886
0.4,0.357068239587912,0.348775611332458,6.45852504846185,0.207281512692792,0.532370045177811
0.4,0.466658215388387,0.337229205779137,6.08068248870905,0.255427958189645,0.666569483616622
0.4,0.523101175028137,0.340840436127164,6.09862479621487,0.312443541239074,0.712316687557261
0.4,0.439903437507853,0.352886605294623,6.83000386129389,0.251788536920197,0.62963976286654
0.4,0.221194823980298,0.267014183183113,2.26304904623446,0.0954808380721736,0.396802872539012
0.4,0.218574346052932,0.277123987942377,2.8314099196275,0.067081473745987,0.432814508717457
0.4,0.446957355450226,0.340620161254491,6.39407162715161,0.263813145758066,0.634057543741623
0.4,0.398900672911011,0.350495724510681,7.02801409253261,0.232562248302912,0.581887390020217
0.4,0.247160725018062,0.288016639673409,3.4026100124786,0.0775741746906352,0.477912947218401
0.4,0.234363485300261,0.29391584065734,3.99832860280664,0.0466894936808154,0.497728290100732
0.4,0.279090160146249,0.291490895752912,3.6123112842033,0.126308000144688,0.472221088734359
0.4,0.34847606993441,0.302858070118152,4.35948341759438,0.133254188126503,0.58139970843882
0.4,0.330785857460163,0.353316992343643,6.97415602594896,0.183856819058074,0.515772129202741
0.4,0.353247460517438,0.327570134464815,5.78703805773786,0.176579557520136,0.557737917877556
0.4,0.466320155592852,0.35479188780356,7.19530986776485,0.255967924322408,0.675195914135084
0.4,0.089799420246736,0.273234279824278,2.66340484745447,0,0.379783045673097
0.4,0.265473906096906,0.315618549354643,4.88508675649242,0.102787065188875,0.496501915238843
0.4,0.214631111645578,0.271297931766251,2.49981828220497,0.0412093244898677,0.437742727739625
0.4,0.510838059993432,0.329404623904818,5.78750244277419,0.285309163926516,0.701917502157756
0.4,0.441713245225207,0.330739226389598,5.96924994470964,0.252097558314214,0.635552268532429
0.4,0.482411640038531,0.369289796070794,7.65454201350284,0.291519437972739,0.674016316459016
0.4,0.476755335452262,0.406020951062266,8.85118012857399,0.285123559237023,0.672486920530244
0.45,0.478891951766312,0.385606042459635,8.2882728371768,0.301294313476312,0.665314068914225
0.45,0.252203928108888,0.27956055487818,2.98007074325533,0.0735468418351511,0.481366301188957
0.45,0.342572825862444,0.316669554081346,5.27420459740795,0.142584171531154,0.576080553622798
0.45,0.529742454353073,0.362706977451584,7.05308368611561,0.248204111177366,0.770101683838095
0.45,0.299644049639038,0.296505126201497,3.96303572526616,0.137378902061678,0.498153717881145
0.45,0.515045944060496,0.355783246972704,6.91667095388975,0.30354100001558,0.713070950153769
0.45,0.545442024644894,0.385949598434934,8.01229841161839,0.359282150557311,0.721458668728217
0.45,0.444002799527799,0.34959043657895,6.61363318854986,0.248248574866436,0.646009230090353
0.45,0.454498809864042,0.387198528051284,8.0810881565354,0.289195839268032,0.628523154686019
0.45,0.531750298634411,0.399528561846286,8.71481579703622,0.298957624544739,0.746596811907959
0.45,0.440079019103067,0.351030808785895,6.48527291355057,0.238755509059998,0.643893128194854
0.45,0.421694498527889,0.3273569745504,5.61725993253739,0.244052339145704,0.607241614454748
0.45,0.380049105387839,0.298442325560199,4.10604313105274,0.177274629949151,0.584424754515885
0.45,0.544564709314957,0.419710026848213,9.09841548569087,0.362742357238848,0.71578106266876
0.45,0.402838465121664,0.308361381528255,4.66199180945064,0.183874214599226,0.621401954355717
0.45,0.146585147796375,0.275926741694936,2.7656558330541,0.0321667644220924,0.377492079565115
0.45,0.528066249268475,0.366890052072957,7.62118386358842,0.335183038852301,0.70742014775303
0.45,0.306106550451272,0.3180252118215,5.29661378940347,0.126650958675456,0.545972584707272
0.45,0.144093844254467,0.274983590038746,2.69874458524858,0,0.399263400207962
0.45,0.623715782220762,0.388965643083778,8.69308775236995,0.428131403121696,0.786036933985731
0.45,0.267951171562623,0.297695069630867,4.28260888130494,0.118553310989031,0.46625390483985
0.45,0.406550194042261,0.304476039359636,4.45623655838761,0.203412046634046,0.608985698513638
0.45,0.456377160975971,0.370286327262303,7.66450425784573,0.250276688205498,0.673639420487474
0.45,0.406149063728825,0.343867536256284,6.25563503567469,0.200687530468258,0.632738640503212
0.45,0.556636046619721,0.403610842622198,9.29297217801001,0.349092351439343,0.742446107538205
0.45,0.411011829925807,0.372022801655634,7.75123612022359,0.231302986724707,0.609487706503072
0.45,0.384887963302324,0.33916800153109,6.44055237818659,0.183529448405195,0.60718752926329
0.45,0.364766433473662,0.309398468054744,4.74136615726519,0.13472883657721,0.608877052574695
0.45,0.31458054323271,0.315841110614375,5.15620844685558,0.151330724581227,0.527997148439743
0.45,0.493959158891606,0.348617332489741,6.5506491227109,0.285602350762755,0.688039294208297
0.45,0.440563633463033,0.377596780524972,7.91932438179206,0.257514695356232,0.634420571651846
0.45,0.425158529701517,0.325840704525347,5.6195278962987,0.228504555620599,0.623661396087554
0.45,0.458349420003055,0.349711723622835,6.58262810743224,0.279650411883892,0.640446964246631
0.45,0.405534014782772,0.387175198876562,8.3261002923174,0.233142851660903,0.597332755670171
0.45,0.582591132965694,0.353927802759793,6.88706419985823,0.320258711831253,0.789496150414767
0.45,0.453783981217121,0.353885129793623,6.99553618503904,0.237112360039201,0.670904277160262
0.45,0.500455409605913,0.355645954785871,6.60118185552025,0.288827443534883,0.695404312062853
0.45,0.446170971051971,0.339149141811848,6.24975155182651,0.178127236418223,0.694165227814019
0.45,0.47998927098113,0.366513636413792,7.59274075481644,0.294300244327314,0.660262109234581
0.45,0.374264933426576,0.333861742120177,5.99252400733525,0.188696115259705,0.591518381938829
0.45,0.499063988233858,0.349161325940375,6.90516583237995,0.302085137502957,0.683035658130899
0.45,0.513866155344448,0.360035602833397,7.00964404227999,0.288434303174613,0.719490903205773
0.45,0.435551423778829,0.322818163172306,5.42278594757888,0.218299773029036,0.648821229580878
0.45,0.457407728677368,0.33972427985134,6.2273845392503,0.250567112894264,0.662312394725293
0.45,0.345349689853305,0.345881344311112,6.45084429925926,0.178971263051305,0.551318868679566
0.45,0.619879396027253,0.507698481000225,11.9069963987979,0.437920156606354,0.776453966307729
0.45,0.280829023274069,0.29342199078747,4.00056187523007,0.124120585101396,0.48301975360335
0.45,0.477795383349205,0.355685140986437,6.74040286777465,0.243229414640305,0.707492455883953
0.45,0.550343555705505,0.391827081757019,8.1937685938426,0.344822181003648,0.739285143255775
0.45,0.333304315379358,0.293694841846963,4.02618927859062,0,0.616182562424431
0.5,0.398833702738191,0.356472517724848,7.02106355279497,0.196670659487876,0.622498900338211
0.5,0.425413171841284,0.352628663960632,6.78612272524962,0.23412114016212,0.634458812916975
0.5,0.585308510382264,0.399049285089804,8.60889688270889,0.385465946010737,0.7557218930313
0.5,0.629563163321775,0.388861474463793,8.29965550113919,0.41715615886308,0.796421851626788
0.5,0.437288117547152,0.378671338499542,7.93206445257034,0.269704926435927,0.619795320988804
0.5,0.594766565191589,0.431042916266864,9.88872806115205,0.413412154182033,0.75268776367847
0.5,0.354986639252175,0.312491734270453,4.76002905688978,0.164739701056629,0.57786711880841
0.5,0.64579796978631,0.456186952621301,10.9831605903718,0.462308960477054,0.801149182617465
0.5,0.595167355407271,0.495637893213612,12.0847640922248,0.429636173468325,0.748488504855243
0.5,0.478950197042876,0.389538577069415,8.39077845168455,0.287558817946477,0.668986822738552
0.5,0.368648960587089,0.314741198043666,4.94016284102234,0.198746243991809,0.557901598352377
0.5,0.354262950719181,0.318643470560466,5.24033470240704,0.184581214838347,0.549523578670731
0.5,0.416703349736679,0.330293729411522,5.88643351540052,0.205195797799633,0.640461052736857
0.5,0.487526935517163,0.382126124717768,8.34620184891143,0.299632230537942,0.668754252816946
0.5,0.624163281394849,0.515005054826835,12.6465956892183,0.439117957967558,0.782560343550789
0.5,0.655338513306623,0.39699549301078,8.51165007342783,0.452776509916582,0.813081638749992
0.5,0.50344664928232,0.353342800995408,6.74207858955597,0.31824798896983,0.682969908004857
0.5,0.423266110026831,0.36788983595675,7.60038073937342,0.256752051674402,0.605244690882924
0.5,0.486523680260299,0.361113021459787,7.58256115952549,0.290241053234251,0.678929246694269
0.5,0.509968258921736,0.401264481803507,8.92348346410599,0.327477837013345,0.687277514694489
0.5,0.504642403040045,0.355342208690122,6.84407483612908,0.301566677257038,0.699475936295868
0.5,0.59524327744424,0.400376764100346,8.7201343695339,0.382864478285992,0.778140858781546
0.5,0.378168789530064,0.307119584159674,4.60609337253224,0.179101964166447,0.588675264378853
0.5,0.431865988485063,0.338410849749782,6.16136704720241,0.257819213637906,0.611344917879527
0.5,0.214421330976104,0.28478171473389,3.34016741210884,0.0866483871293671,0.406430197577271
0.5,0.646113979956013,0.431069647691639,10.2975908740496,0.464948763784368,0.798485911113154
0.5,0.210107411519321,0.280011138686919,2.87680436081243,0.0521920212265986,0.45793785493823
0.5,0.520193229183109,0.415885084604142,9.34927134846951,0.308752744805957,0.716275879350035
0.5,0.475562126341198,0.35918794775962,6.75133495907411,0.29052514885824,0.654590042965191
0.5,0.255802634693557,0.291476703175968,3.61419348713011,0.0982654072627554,0.467174361319803
0.5,0.648910344109305,0.388728072174537,8.64825478923539,0.432808652592312,0.816990624929656
0.5,0.561620637620476,0.40708096246556,9.20298034502542,0.368267485787678,0.735786782508308
0.5,0.570206810009901,0.39815582503355,9.03268929423425,0.356725330625514,0.757079379000413
0.5,0.572858252246789,0.409777930294732,9.03913486144472,0.38040395561074,0.745414946530125
0.5,0.47826092119099,0.322439125521982,5.21160375468254,0.232576601697724,0.691010591166437
0.5,0.374301501478556,0.309295061198162,4.64530083241255,0.200466918952949,0.565510944701835
0.5,0.553988090507616,0.397268623274193,8.93823857510053,0.368970785100169,0.727254884985582
0.5,0.168789780604105,0.274976373890654,2.78121641279682,0.0346228537810182,0.398337359704606
0.5,0.591344880443732,0.37011819202225,7.57426178928549,0.382374969200996,0.76690161647372
0.5,0.677455741061683,0.431977910985901,9.71754213334908,0.466421499401051,0.840114000151325
0.5,0.571443042697577,0.472395537826599,11.1810247826623,0.392118347965264,0.742191764223889
0.5,0.531176607474442,0.388161129806953,8.0608483358096,0.339475723926604,0.706431931862564
0.5,0.430639839430412,0.3318583375227,6.03021988787383,0.231027758032762,0.637114393667277
0.5,0.436157123026048,0.346862755222552,6.66849420961451,0.23778652300586,0.640653347086141
0.5,0.270831808638009,0.281340501025987,3.16270471036562,0.121759616386739,0.461337402791151
0.5,0.484899043202501,0.384925655691287,8.27158056476459,0.300502655246271,0.675121674652115
0.5,0.598908530171954,0.404751152284023,9.03839326621606,0.378381950658274,0.787994770880622
0.5,0.18942877516418,0.27583625078917,2.7675169715923,0.0475660140991341,0.41407890332033
0.5,0.480440728980256,0.342614096432504,6.38677192329901,0.275518172580667,0.680126313224815
0.5,0.606975625789497,0.445491679418896,10.4906125940148,0.440934407925851,0.756566786864099
0.55,0.722772348386569,0.439525857787909,10.3891900037572,0.53614250466216,0.863131456375315
0.55,0.640589793115254,0.364775486660756,7.34585526967751,0.424727081192694,0.803128739109487
0.55,0.532837445087808,0.40941997725651,9.14323208199349,0.350066028939991,0.707503539651566
0.55,0.470162188526531,0.330922390228218,5.69249961642735,0.261470928870042,0.666621002206163
0.55,0.473895178843134,0.328513516755906,5.5999166372688,0.243423405596672,0.686849179449001
0.55,0.670670499704529,0.445588347164036,10.4634698452186,0.455444977631216,0.839563430980225
0.55,0.456047564891038,0.370507942305112,7.67234718660864,0.279298282702013,0.640021091679666
0.55,0.586121248115711,0.39412852116736,8.53920736742939,0.389473075993821,0.75525291960567
0.55,0.605577090527668,0.388876645765963,8.39264708062314,0.43148909350267,0.756778116925066
0.55,0.608484514248738,0.416661791838369,9.18195101668531,0.425371983724001,0.769144095005527
0.55,0.421960541134632,0.362942993784687,7.14483411999312,0.233564003600205,0.634877816857273
0.55,0.656380921353059,0.437789724128443,10.6133090068641,0.45832053390935,0.812954870929055
0.55,0.507764224678647,0.336195114837105,6.28729714594419,0.278804427620716,0.709360927278352
0.55,0.546650714457647,0.35809514539291,6.96176026893138,0.353558873293302,0.721231041989204
0.55,0.444556881179395,0.3289148851973,5.63334173396389,0.232639292001613,0.653369792337827
0.55,0.512489010061376,0.360825432732405,7.2823989373458,0.287942191827078,0.71596115131407
0.55,0.649647495976695,0.504416254925188,12.5382293604351,0.475450246472263,0.79981833462322
0.55,0.634349464340757,0.385973131889959,8.12555295002494,0.436309776840969,0.797372570611821
0.55,0.564253774599385,0.433753938062065,10.1510826803836,0.379234666137045,0.733627096028709
0.55,0.530089163260419,0.346397806982416,6.31841671903317,0.29680213775865,0.734871929869993
0.55,0.419733814755279,0.389135753845854,8.18890424172005,0.256621267985308,0.600146783605899
0.55,0.59896004105072,0.404875229563356,9.09973140894511,0.409675099152271,0.762539329576883
0.55,0.590825308806665,0.393958581766262,8.63244990438344,0.42193891633923,0.741377702621579
0.55,0.577313257378018,0.379643601039045,8.16766984548173,0.389548785405197,0.740616401325099
0.55,0.359870804825806,0.326714141089225,5.52087554308642,0.182844990938855,0.562156266489206
0.55,0.50173650878328,0.409482247175818,9.07203572124154,0.319162571303498,0.677538490943912
0.55,0.462339891036577,0.339454492372517,6.23244510485066,0.259000597420812,0.657672543982935
0.55,0.507241332173482,0.356712864177656,7.00768642692644,0.282268143914593,0.707466049413597
0.55,0.347706252665683,0.333731476620491,5.96485925455946,0.164981815685426,0.570611795886874
0.55,0.457207278092787,0.329139457917837,5.72498283708428,0.222546556784479,0.677958256261341
0.55,0.543361364780323,0.33760336776563,6.25561893456714,0.33332887329248,0.724235868050076
0.55,0.277953607620809,0.32303224252631,5.73750536329131,0.125248014152309,0.493652700966839
0.55,0.413042520897078,0.345482813167328,6.56866527213896,0.247162370016731,0.594120748290881
0.55,0.630834249178928,0.371790645599802,7.85001561636676,0.40847743766607,0.804142741159738
0.55,0.449822621794954,0.33446878676661,6.03149758052569,0.230284320799052,0.663843295838394
0.55,0.439357324769649,0.325032578339739,5.61134971328012,0.21440090899575,0.662338307449635
0.55,0.409322122588761,0.435299234109822,9.79330239478238,0.250288280496589,0.596070184081614
0.55,0.434935468548377,0.380544800294748,8.04909834729229,0.238196166458198,0.641107393871846
0.55,0.488670848552457,0.357086602789742,7.29796772826857,0.277432580486334,0.693364380973526
0.55,0.581686862172187,0.389574329749966,8.32998355154666,0.364844151140705,0.764857821053826
0.55,0.686268792280429,0.551744313443304,13.1908781941855,0.495937412223073,0.84325910066446
0.55,0.49103542818754,0.362941717265671,7.17999046651199,0.317358320577976,0.663593876771134
0.55,0.503172425953851,0.39816289567285,8.5298521192217,0.323818253598256,0.679971444760874
0.55,0.397385342191758,0.314678998934712,5.05493585960067,0.183103605687104,0.618498099404045
0.55,0.550484283699518,0.414427656786293,9.29059588615733,0.353416653646164,0.726438275484898
0.55,0.539312714330562,0.356869952363703,6.65385512474866,0.333368581578575,0.721848395776301
0.55,0.592720127267718,0.460244704287039,10.857968221953,0.407186481139384,0.761440576946264
0.55,0.68645175576683,0.426636527963331,9.80027440254377,0.489603132096541,0.84060278887068
0.55,0.543557781289434,0.368902389052055,7.6792477714498,0.337236590321912,0.732608062954052
0.55,0.633107343450077,0.389458190172572,8.37069175699615,0.449598080217267,0.786239628291723
0.6,0.695380688021908,0.411885166195322,9.36613924665409,0.491357361782716,0.84639511474877
0.6,0.53052500226231,0.405527220853158,9.02556338576459,0.331785074875993,0.710984079312217
0.6,0.41648947602676,0.33272905177899,5.97439310212592,0.21208956758399,0.630355104173589
0.6,0.8135887416505,0.467163167745345,11.1428651211763,0.634083190299612,0.930077267331039
0.6,0.589410511773085,0.479793156058004,11.5358160391907,0.406623219803058,0.756154595863063
0.6,0.502043999267311,0.340747751675069,6.1956775854004,0.280424686234047,0.704957671559844
0.6,0.423845855817007,0.326452085477898,5.67921342916883,0.24950412825805,0.603977741687743
0.6,0.51560819857792,0.345108278622028,6.47793669970653,0.298233931437252,0.713182552309164
0.6,0.484621273393461,0.373677372766986,7.83553339338709,0.287426115110063,0.683939868046092
0.6,0.654775347473154,0.43340362445591,10.0618908464309,0.477143292698254,0.801129429636783
0.6,0.419326566708124,0.41136415713627,8.95190830973543,0.236673437861832,0.629163060593252
0.6,0.702023447264808,0.550360887802497,13.1216138857273,0.545709448951248,0.831999954363387
0.6,0.542611211818811,0.452458044603636,10.8386044403571,0.347176509915159,0.731061227830861
0.6,0.623869758572544,0.416556733402957,9.34957259289883,0.451731828871949,0.774001577494498
0.6,0.563874802698289,0.397116228731656,8.51870166597331,0.362233644870903,0.742436676912768
0.6,0.473491962368019,0.381356105256587,8.08558606218773,0.30016152032378,0.652086207821714
0.6,0.552814809906584,0.408961913213216,9.35413033451162,0.3792665520638,0.717200959305179
0.6,0.546624740394696,0.377899870596729,7.70584183975893,0.317686037011052,0.748638432030279
0.6,0.665033263733811,0.486925923361576,12.1097393024024,0.499811378818991,0.806348721649004
0.6,0.665146117521393,0.393043441495539,8.58650816140169,0.44575215076515,0.830695752139494
0.6,0.770205218619943,0.430075259617387,9.63995997825029,0.597973084100859,0.894362729109983
0.6,0.562194510243481,0.419944065399639,9.6527642565768,0.383617940717983,0.729995523846008
0.6,0.642620849958474,0.443920645922935,10.021536368685,0.466666724697832,0.792187456716538
0.6,0.643060364077412,0.417253374117987,9.40111400342536,0.452406044215292,0.799405050047547
0.6,0.523533893443166,0.3971237376741,8.94060824843321,0.331049528977156,0.706047788583767
0.6,0.546741724103198,0.363957455829357,7.37972981360872,0.34491875138737,0.725458089165632
0.6,0.481490087874206,0.386663316878098,8.48937544761722,0.28184024167348,0.681356045636294
0.6,0.291894749455824,0.304756089402463,4.48337251803943,0.102134547645471,0.537662235057894
0.6,0.573468969307122,0.373926805415426,7.63702480680641,0.372778277951614,0.749145314155943
0.6,0.599386680324704,0.456344357137203,10.6519609088271,0.421610886503566,0.760819932723264
0.6,0.59497300854809,0.524921685728984,12.3465673974665,0.42438118158516,0.753861777725548
0.6,0.528318552355399,0.357937266341354,7.04622742150166,0.332833176365963,0.708953192247791
0.6,0.622341994610906,0.40386111035904,8.74973859078798,0.441932272644442,0.777250544260649
0.6,0.571583780618838,0.544829469293715,12.9359989435964,0.404244980263142,0.728811081645778
0.6,0.361170180267398,0.300004874665197,4.09748618678228,0.14576923192669,0.588003705489631
0.6,0.573234229204748,0.395396386175834,8.36102713624566,0.392387751117625,0.739259833784394
0.6,0.636793202325644,0.451563654386978,10.9931241042413,0.472623105973739,0.780087265060091
0.6,0.64140104141483,0.398599270573083,8.62626379907124,0.43930865482275,0.806384444703293
0.6,0.642285880323095,0.449419735331856,10.7493601571208,0.443717832616425,0.808848729909783
0.6,0.474424147888697,0.349882673222063,6.64003705394173,0.256981692540208,0.68489116505438
0.6,0.484219414426226,0.354479332295565,6.7224877755261,0.292834286517242,0.674700805504062
0.6,0.603040060695266,0.363060305831797,7.11872390645982,0.39823508687151,0.768519383965477
0.6,0.527568944353686,0.369116447306562,7.57501441153965,0.325979096732245,0.714656487828
0.6,0.696934463414419,0.429004496229896,9.84433369070233,0.531571382439752,0.827800561656647
0.6,0.438950851125425,0.332358753203978,5.76322442914843,0.208626981359255,0.66154773669193
0.6,0.433241031706831,0.328822029945724,5.64172046171945,0.206744202845728,0.652673852826185
0.6,0.698377490158307,0.536448054054046,12.9607148999581,0.505717203070108,0.849028372803876
0.6,0.528596222629602,0.350807722027865,6.82536555159959,0.323460526036472,0.711175583800564
0.6,0.486360528472362,0.372402227858596,7.60777892652314,0.259249325892907,0.702243523635153
0.6,0.652018735192353,0.441182629571259,10.1005400268537,0.473141854200894,0.803542987118022
0.65,0.69547030967369,0.445959379655551,10.595382083941,0.451654562871674,0.865728771487616
0.65,0.701336853408805,0.410504241671463,9.52099568323186,0.517932244265047,0.842473643746036
0.65,0.528287223941576,0.367316109051072,7.3577556632015,0.326320110397142,0.714464062478171
0.65,0.66985283475447,0.530081428519681,12.740262004108,0.511325486855296,0.804396195271234
0.65,0.694819123912582,0.512230039233225,12.005560754212,0.522013462056587,0.833548052369668
0.65,0.447403154753624,0.341906011588073,6.39264039397363,0.241786116799144,0.652383549277296
0.65,0.560028201586495,0.394932881658155,8.45566624424506,0.35934713510031,0.74010967538835
0.65,0.622573102847955,0.403220004376878,8.76129160773543,0.433487453223543,0.782623318234045
0.65,0.738209486218916,0.538709361904481,12.8351234553496,0.566441447058523,0.868627028919668
0.65,0.603091957609729,0.426064069641789,9.53232008607777,0.406297355512482,0.771913773078876
0.65,0.778231375826403,0.433178445407699,9.97798039518325,0.594518062857684,0.906153100016545
0.65,0.690897995653025,0.447510003080843,10.4802489581869,0.520294388945868,0.827864234012009
0.65,0.696791589116445,0.40051097447062,8.53138462460178,0.486215336283817,0.851894309748726
0.65,0.626437259535933,0.368037122829503,7.76148867190683,0.42033965356785,0.790859951674297
0.65,0.633870455639554,0.471692884789437,11.1375209805752,0.435120802127627,0.804154551451213
0.65,0.511838155105605,0.416825060736319,9.93806825984405,0.35112624552428,0.672438251597893
0.65,0.637708308006821,0.418225333218261,9.34933806075393,0.452957835316508,0.792602124131799
0.65,0.805293452878772,0.560215112559186,13.5212944501943,0.6407994441157,0.919903399480014
0.65,0.559697803382182,0.417172929798366,9.66473242691162,0.345884365795479,0.746746267597342
0.65,0.705034818917989,0.450594925666861,10.6677390006616,0.530356076559501,0.842526526690516
0.65,0.717686468030875,0.683553380187943,16.1371523932841,0.569806045621458,0.840428104237371
0.65,0.654706916854328,0.515011850931033,12.3639627495784,0.478574676288583,0.80619623787121
0.65,0.598609884660284,0.363934305468276,7.34622925312738,0.375870154919371,0.778413393795392
0.65,0.576315751552712,0.37947058318763,7.9716815998317,0.368236729267676,0.755419259910762
0.65,0.497828283262863,0.437364320310053,9.77245392307904,0.33884907270568,0.659965710908546
0.65,0.669207039479415,0.683323188670714,15.3874431470738,0.497402679148866,0.814680692564693
0.65,0.540017153342326,0.358588898865288,7.0405962275004,0.352438578423042,0.711997737365476
0.65,0.639883425936455,0.426154171837119,9.5153239344979,0.435500373869576,0.803800988623646
0.65,0.622783796247911,0.38155642387734,8.2734484038179,0.422097455429373,0.785532807543406
0.65,0.555727428699802,0.359280237288115,7.1205393335383,0.342638818312666,0.742855426260141
0.65,0.501056158911499,0.414989799237162,9.42114804849313,0.326685235638921,0.676596893078281
0.65,0.605014112400834,0.432433949435688,10.1242752814149,0.401381546555015,0.788287526158187
0.65,0.633230332011961,0.414749147067062,9.35493957439428,0.431731653994128,0.798900656717663
0.65,0.500984170055394,0.370777564700065,7.32636043543911,0.318844631440471,0.67827221843968
0.65,0.581369623797495,0.377677829838028,7.87096906726037,0.370423085896539,0.76490311809296
0.65,0.684294473513756,0.460759388849934,10.4535780592792,0.49928991109758,0.833464342819576
0.65,0.346578304441831,0.313622185850846,4.89286606038492,0.187814817469113,0.535110891604392
0.65,0.672933534616517,0.639750337645364,15.0765500155106,0.524094506494375,0.80085332421034
0.65,0.604760311377076,0.476131852684264,11.464949840798,0.411196941352643,0.783070152192164
0.65,0.626401525979119,0.399556377981749,8.51619522318916,0.441050697300185,0.780661792335387
0.65,0.67715618881439,0.461974313216167,10.9263528723033,0.497536232999156,0.822730201550303
0.65,0.644327525504101,0.375453868332774,7.78014889956233,0.445930366898656,0.802670148443141
0.65,0.665074505785447,0.387494147404079,8.49955501037423,0.423688845247072,0.842549610881911
0.65,0.680084486377538,0.442596227279827,10.3688725587144,0.509316606861209,0.817913074692549
0.65,0.745175998411611,0.517450508502865,12.4203101190806,0.569184125025242,0.879033916148798
0.65,0.486726685434772,0.328377037550211,5.84570376961527,0.25988921738739,0.6908780797857
0.65,0.683681994600973,0.43149642732207,9.86481670138134,0.491559303201044,0.838475130127567
0.65,0.734198704909283,0.658022474117219,15.2991356837236,0.584308968416206,0.856458855447809
0.65,0.679500637996136,0.57438934771435,14.0326261723648,0.510715454086524,0.821218309078001
0.65,0.604372857606598,0.382326212961323,8.45112288763504,0.347784922239846,0.808739218880772
0.7,0.729559733768614,0.402667080350064,8.79414739324894,0.522316160816418,0.876262223030248
0.7,0.66349851353753,0.473049464478856,11.1436589129577,0.475481244093783,0.816183844577866
0.7,0.58981226630738,0.384245028742559,8.34365338643977,0.392434793109146,0.762747404964556
0.7,0.651147837291649,0.443914789264236,10.274499101357,0.472141514455459,0.802193841254204
0.7,0.759127761690954,0.981075142778001,19.4158388791569,0.615993272657386,0.87445644780966
0.7,0.566011937964674,0.385814603217866,8.20965082258012,0.342460263916236,0.769228446535634
0.7,0.785759719531937,0.641941332255388,15.033660806555,0.648616841923252,0.893379784037153
0.7,0.663551800701101,0.487226414610453,11.6353007538845,0.478298631347869,0.812239437422262
0.7,0.64716892764688,0.525079381864649,12.2683688222739,0.451421007656628,0.808833883030446
0.7,0.663428455936723,0.522037420762211,12.9152971674669,0.498048758952112,0.804721581549343
0.7,0.708002810101821,0.485410142821454,11.9337895546758,0.525197047160822,0.851512012591578
0.7,0.662513252109906,0.489857215172552,12.0452204297051,0.484658779975251,0.809663425857776
0.7,0.586074341471222,0.38005824862324,8.02457603160026,0.373272489888735,0.765135978413193
0.7,0.696193537424781,0.499310438415804,12.0582540251651,0.51733805714141,0.837927431117114
0.7,0.458965679109489,0.3314823768166,5.83660360199506,0.241711763578306,0.667036663031453
0.7,0.688743897626915,0.445460057611818,10.621262930521,0.491274778819453,0.841136280634492
0.7,0.629446283212648,0.372468633808008,7.61266222833475,0.423963622890306,0.793137361777931
0.7,0.67654428281421,0.468119682364105,11.2343887857575,0.489534423488391,0.830359478713008
0.7,0.778205266660523,0.545464913745867,13.0786133817929,0.628291389069958,0.892718111759923
0.7,0.685642375409174,0.528612076259617,12.5351053345491,0.533937805027046,0.816547637943102
0.7,0.63472095697004,0.418417931008825,9.38385474649814,0.457517668730726,0.787009085199423
0.7,0.766830592576191,0.486408190302253,11.3318256459361,0.555748704378381,0.908154249406477
0.7,0.702557302186069,0.496729816499712,11.914927224858,0.548398842800352,0.828889319396387
0.7,0.81334045679712,0.53330734206041,13.0230521240936,0.661454675949329,0.922273815203256
0.7,0.798532220786518,0.468178658865726,10.9467875214496,0.626350925442098,0.915386231907167
0.7,0.719721627592633,0.468711974498986,11.1358172577497,0.534969951655758,0.860245364828616
0.7,0.71601120480742,0.396490642223551,8.62814033226461,0.488124120860954,0.872556082648086
0.7,0.676901680462056,0.526106881785253,12.0856625561884,0.513300600889088,0.812828691934652
0.7,0.776845100430573,0.426335719804212,9.90049813100948,0.58120547493076,0.909876767852186
0.7,0.675269154445607,0.54269671592627,13.2190415855656,0.510082282725762,0.811963148029069
0.7,0.679883298387344,0.450496416054454,10.9748673219087,0.498774862106649,0.827082654047311
0.7,0.737856678467367,0.516176811959053,12.2984924223878,0.584179310121413,0.860508758664744
0.7,0.510302947319929,0.352026873512355,6.69903313004589,0.306253514874927,0.695559365268493
0.7,0.599058381986782,0.416705790719814,9.27451887056638,0.410134023006141,0.764684746916925
0.7,0.683079196196816,0.430904442888443,9.81496788522841,0.492308856811622,0.831443252575696
0.7,0.541946851504972,0.365949530541726,7.41022702037024,0.336879268449518,0.730228896187922
0.7,0.627492842025839,0.4614481772971,10.9548766740826,0.455238470998247,0.782045071276041
0.7,0.182540383196272,0.298844243927018,4.06146342339269,0.0322601537582052,0.454699371574673
0.7,0.770989203990696,0.573832073532676,13.6333241209134,0.615181782437516,0.88910068960865
0.7,0.795815474746212,0.545288092910781,13.2412261738319,0.65182508818606,0.904642327312903
0.7,0.66440213323681,0.622113377779313,14.966841359425,0.49361537895843,0.81092526010252
0.7,0.587658045743685,0.401218249407839,8.91186234242208,0.388695105259611,0.760236167714302
0.7,0.724814968110611,0.452781333833783,10.5759132092828,0.540046877921766,0.86568398103523
0.7,0.776973986400462,0.476923451291906,11.5492973766724,0.610931655165792,0.898517223061183
0.7,0.836178730798257,0.660886254219815,15.2023205021955,0.706771086275509,0.932363899231453
0.7,0.608882486818272,0.374559697485102,8.22113182891029,0.4203965313504,0.769401428688365
0.7,0.59022163129307,0.534816720658411,12.79969303444,0.422012498322266,0.745029121111323
0.7,0.776347189119475,0.494644579299341,11.5184531613375,0.619555650019274,0.893886878115388
0.7,0.484887893013472,0.334470721490998,6.01416365548422,0.296095980692003,0.663633003592094
0.7,0.614564945489251,0.388754992795616,8.376367180738,0.37827990348185,0.79961797489887
0.75,0.673806425318696,0.41465329954633,9.36924616383368,0.500715788013154,0.814656673301554
0.75,0.665830879731017,0.412267236193316,9.45817063455435,0.468841367059842,0.822004743612918
0.75,0.774578279482242,0.67478220001797,15.3282358024728,0.614537215320267,0.89315927737032
0.75,0.661271552848351,0.448501743669184,10.3389259625859,0.462993196866374,0.822993105574066
0.75,0.741611226820833,0.491994222107338,11.8027213079687,0.566400602608883,0.873045349729881
0.75,0.723841338288372,0.629285804935496,15.355014159865,0.568522077695665,0.852021644538612
0.75,0.651362513910708,0.360743180053786,7.31707357365966,0.440433568144605,0.810002474279476
0.75,0.837065784961991,0.576610070185537,13.6362664907644,0.693980277437397,0.937951386304631
0.75,0.785043263744333,0.497857342804239,12.3036000759554,0.620188340969985,0.90503331879928
0.75,0.621944822089767,0.447452139776338,10.5341800923351,0.434363853550159,0.790314962387041
0.75,0.715094761293001,0.418529528878797,9.60069665524536,0.543013147565645,0.847641748539618
0.75,0.706561595384881,0.523930295998058,12.1907388689258,0.51321970189111,0.856279573846584
0.75,0.748540066212895,0.588905147240662,14.5670761343887,0.589895490141267,0.870630702645365
0.75,0.694304589858184,0.429271264804975,9.9632884448347,0.511377771856336,0.836545173092282
0.75,0.69595983949014,0.542489044622096,13.4131497437736,0.532649049988489,0.829601693571547
0.75,0.731581089723397,0.576488273749288,13.7282295227734,0.549360756252484,0.873796955623305
0.75,0.775612696305059,0.544325295496075,12.6098044102875,0.614190312354115,0.895886788330942
0.75,0.779117600893223,0.443535650498011,10.0597489018335,0.591061821498356,0.906785494960999
0.75,0.783820072399486,0.682023351470426,15.5767250612088,0.637702566325987,0.894859425233908
0.75,0.824788533017924,0.544496322550607,13.3663501897111,0.664096897515338,0.934566437002319
0.75,0.705513619733745,0.617856645607862,14.1632486210484,0.544346538002625,0.836212720833578
0.75,0.652659410043856,0.432587354732171,9.80944492663893,0.455971037198301,0.817709045985231
0.75,0.672070365795048,0.457093904768886,10.1946000409647,0.496208148140027,0.815819175827077
0.75,0.642545225459993,0.469972338245074,11.1959182434115,0.46839842855835,0.789412919422972
0.75,0.748564704663982,0.514160298611559,12.0227584868994,0.575424399986592,0.876979144725887
0.75,0.789160874802608,0.71887821710832,16.08596712592,0.647774202477082,0.89862295100699
0.75,0.731187786521241,0.468454051496821,11.0952234213002,0.550009580114083,0.868436652689328
0.75,0.710810367638287,0.44265767021679,10.2773024076697,0.538600818532088,0.845491616230182
0.75,0.729275647429783,0.607112024127913,14.4814724455322,0.568670361866745,0.854722897436014
0.75,0.731732541296295,0.543092906619148,12.9137867487479,0.589657480491717,0.847807129140536
0.75,0.634334830887894,0.384577436622511,8.07421281175731,0.448378494547847,0.789342763410105
0.75,0.793341968643785,0.565890385525465,13.7564348214664,0.644923018516578,0.904082656371179
0.75,0.792289720077156,0.486836767711675,11.4334108281749,0.64060963091497,0.902467035606801
0.75,0.732492821619761,0.487264660355597,11.7415250702989,0.582637758945788,0.853354815316522
0.75,0.781987856622921,0.50605941646115,12.0185367007805,0.630869778254681,0.896252274872399
0.75,0.676064959958034,0.430429693120996,10.1488783919826,0.470565964451152,0.830863633586282
0.75,0.643890727319796,0.435566714526383,10.114706356516,0.436486067775125,0.802242551881639
0.75,0.696528701168663,0.429978343505626,9.54411763022897,0.515419826041033,0.838761606326378
0.75,0.794166776297049,0.720312407738236,16.3022510910353,0.660523303088256,0.898291287507973
0.75,0.701740894358965,0.618746918844924,14.7323420310913,0.531164282964018,0.840553404860516
0.75,0.666535198167383,0.454279444075672,10.9895741614457,0.494323589808253,0.810534687459778
0.75,0.82641378897743,0.523738150332744,12.5535341328636,0.669825407762651,0.934532217607367
0.75,0.596772084120366,0.420613472744964,9.70029867915782,0.412989756278444,0.757318616064193
0.75,0.657707654486266,0.596402252402501,14.5412457923207,0.500272961568605,0.797121790986886
0.75,0.843421822911556,0.634206241446746,15.0444960911658,0.715261112732216,0.937382516773264
0.75,0.685176411304237,0.530135484883404,12.8001642809318,0.496829983413227,0.831118897120588
0.75,0.630666661708093,0.451332891390481,10.732719913005,0.466996205733694,0.773841718223239
0.75,0.640845302832268,0.429392904683344,9.863239177376,0.435614275157939,0.811846720175159
0.75,0.846923658533599,0.632194361100804,15.3563330569961,0.714235056995843,0.94269234791934
0.75,0.798460018881186,0.673902371801423,16.0690218504585,0.656787110597689,0.907277483638683
0.8,0.848643356255996,0.537878592890011,12.8824922710788,0.718471307555477,0.942711540203134
0.8,0.844976783784157,0.767214631929103,17.5016025119328,0.713187300902173,0.941409721903269
0.8,0.332796131816147,0.296507391375005,4.19582973914815,0.115240000878763,0.567783318820974
0.8,0.821628962286649,0.498989954489781,12.143411393514,0.681038738558268,0.923507437523925
0.8,0.746943424517775,0.46123304033056,10.6262846025624,0.577411583324707,0.875549919607037
0.8,0.805646423301042,0.994705774007375,19.2099248160342,0.677450321332161,0.906018108267114
0.8,0.822820121653124,0.84287511329719,18.030745551137,0.698240234903246,0.918210799114034
0.8,0.761542921109373,0.43373025511926,9.50738194990205,0.590027006961478,0.885525334274196
0.8,0.884482555743733,0.877387813458127,18.7248771377759,0.768401787570688,0.966875966800321
0.8,0.710807035884156,0.531498490381912,13.1215998283033,0.54545593397083,0.84093514676687
0.8,0.848351128857096,0.541499561126495,13.0441803085108,0.705021808410417,0.947609102845649
0.8,0.75391937545299,0.504742771171863,12.4108282469377,0.595562104560383,0.875290797311344
0.8,0.776632569097599,0.533931199462973,12.9367309155865,0.631365497921427,0.888575724915932
0.8,0.825113776513108,0.682615436720626,16.0455851595616,0.68563576823286,0.928585550861997
0.8,0.85693051204972,0.623757684093448,14.5894266947972,0.728863985323989,0.948497782182108
0.8,0.809839861911089,0.550616346506212,12.9232098385697,0.676126325016096,0.912462452030237
0.8,0.795247132783804,0.764918871895198,17.5015986849352,0.654472197972501,0.903308329967736
0.8,0.893596789825251,0.812820554139507,17.7646440564515,0.787584555822696,0.970000325492804
0.8,0.912837030795862,0.711661623196724,16.5460653860334,0.794575923401076,0.99123280237421
0.8,0.747576566863754,0.48776537716677,11.9577446485002,0.593145596616674,0.866385773681059
0.8,0.84731234023097,0.59106895981049,14.0444682703863,0.728798784496642,0.936584775550728
0.8,0.734867817379642,0.578718068925801,13.6067604870968,0.527309338933586,0.889294853796708
0.8,0.845248000810329,0.788614533195114,16.8847261521504,0.720078175464713,0.937949227240551
0.8,0.786473248672913,0.661687101075896,15.26303950289,0.647785770220397,0.894418874066781
0.8,0.707451410916025,0.420848809351141,9.54813110144766,0.515491726395581,0.852281387684705
0.8,0.815924998404361,0.499908974258881,12.2254109797798,0.664302519952754,0.92421266234682
0.8,0.826932303059789,0.626342878865762,14.6931726290366,0.694828222255247,0.926300578701253
0.8,0.812436937637904,0.585380602169868,14.325560723889,0.669130376650728,0.918273250455265
0.8,0.808953197210278,0.476145852659232,11.312221284445,0.640437790326394,0.923561196686372
0.8,0.725621260791978,0.560576014244776,13.3136542271465,0.566978047651561,0.852732706694369
0.8,0.761337034092423,0.584740296423346,14.2927616789727,0.618328268037029,0.873989543525443
0.8,0.708999012397047,0.668885964796319,14.9748675983873,0.57151894588603,0.827884486868983
0.8,0.822048067389728,0.5460593553409,13.3040887024318,0.675789690657431,0.927245916900556
0.8,0.862587223385646,0.557630251636691,13.7654616589786,0.729430196904844,0.95556965479911
0.8,0.802874018976086,0.743573440386555,16.7309293459476,0.666152949363971,0.906822047467477
0.8,0.742136830835758,0.515093460610107,12.0706077642346,0.574328896162244,0.870423327774898
0.8,0.766016901040782,0.514389734994524,12.4231845723666,0.603043198763937,0.889101204142104
0.8,0.861176896575277,0.600833669283873,14.286567691674,0.720134060328012,0.956914977272911
0.8,0.799969831775271,0.645929947633801,15.5475824555869,0.667306629511231,0.902840750069396
0.8,0.820166830396111,0.598384120775119,14.5060691100382,0.683171622853057,0.922141075277552
0.8,0.774900204868813,0.909551352223838,18.1652911822456,0.644001674881381,0.881514998535698
0.8,0.77257313304981,0.493797466371242,12.2201898888924,0.604007850549783,0.896698768472557
0.8,0.812523343208924,0.453068861130806,11.4140155351184,0.654235366978585,0.923217010103524
0.8,0.762284704549231,0.639829477253154,14.6556914977458,0.623078273652617,0.873303570728693
0.8,0.756930862284639,0.536179305941298,12.700502263917,0.5928087177996,0.879753809517743
0.8,0.747564200785223,0.464499218091377,10.8993934405715,0.572443119777963,0.875915968697975
0.8,0.760827484485754,0.670059363119965,15.7162126441506,0.595264696980929,0.888251423694759
0.8,0.811892385035031,0.637387242819314,15.4257378039153,0.681529525276269,0.910843065858491
0.8,0.801106375342288,0.74201242191437,16.5920401311773,0.657980434217979,0.909170156571122
0.8,0.744254112299669,0.497651941907754,12.076633393423,0.582505687422623,0.868672493135617
0.85,0.82845144324331,0.620045780792375,14.9778229523144,0.689620202576851,0.929808475227559
0.85,0.834587554104618,0.604284410839773,14.3050640183911,0.6952972792597,0.934977446332773
0.85,0.931106385307501,0.855358825517876,18.0158887105826,0.836826891643563,0.99726323195748
0.85,0.7789398623891,0.538296968487347,12.834228342802,0.626156326896757,0.894745082068585
0.85,0.803772100736654,0.575899023115067,13.840284305695,0.665692029412682,0.90803181405942
0.85,0.898149415928051,0.652139189181048,14.9965362606417,0.777302572556898,0.979602042662844
0.85,0.737604075090475,0.468356296490372,10.9304751970597,0.58094796666663,0.861518513494441
0.85,0.796913514374655,0.538104875215062,12.7375402041218,0.619145340336812,0.919881935780414
0.85,0.855599967282609,0.588340878178003,14.0641853858061,0.711586486593809,0.953425056710873
0.85,0.93670126983891,0.657307921219604,15.4257272053378,0.834937844873983,1
0.85,0.871747012897939,1.07411584754348,20.0589946537012,0.76314708496016,0.952882445709571
0.85,0.892558898996453,0.582277501319703,14.2248521202454,0.774836009547826,0.973575438212548
0.85,0.906077120174515,0.567267843831714,13.600930453302,0.787506158350343,0.985227257116381
0.85,0.873820745706154,0.551167119917145,13.5926526584513,0.747563780410897,0.961036083188898
0.85,0.792088791266836,0.651682184018444,14.8169946846918,0.647042436580278,0.900373874599791
0.85,0.899774966330476,0.849167893047134,17.6859195218825,0.795981241815578,0.975066482628459
0.85,0.881108382355404,0.602780354126056,13.852208541335,0.749933024813505,0.968998898291303
0.85,0.62103013231752,0.379804731686947,8.10930165684692,0.373733372551715,0.810590449627803
0.85,0.890820936161693,0.884634303568479,18.6564485574569,0.78257797839739,0.969407423045144
0.85,0.892715932539422,0.806573588955557,17.0446714967893,0.785333682729182,0.970805659824
0.85,0.808717519004633,0.524582862162336,12.7568278731514,0.664334240172866,0.915088254261546
0.85,0.863245654731546,0.596863482548095,14.0878087628827,0.733766587201983,0.953737171743763
0.85,0.750085583088864,0.465962993961306,11.2865814480418,0.580918398637725,0.877451432915754
0.85,0.909398163066189,0.522268221919076,12.3735303749057,0.792595006596861,0.986569756439554
0.85,0.862805232132721,0.555049346278496,13.6678108198016,0.731070208338979,0.95439379663435
0.85,0.702791002551717,0.487220214195124,11.7077417921065,0.520700516182513,0.84663159820281
0.85,0.857382656966746,0.574366889210269,13.8720135795693,0.725914442782955,0.950594629922286
0.85,0.890114807209241,0.649560433394783,15.7791606835369,0.771468434235475,0.972986619842991
0.85,0.813207150624526,0.674336328173472,15.9633864466615,0.685852010437008,0.912046848079923
0.85,0.910132699695798,0.761071189775443,16.8675793183152,0.80756119902116,0.982647695735128
0.85,0.837173475134188,0.638707939254612,14.8724556961066,0.701572272912118,0.934929514525593
0.85,0.867686833058726,0.611038465512272,14.1023047136915,0.741149553955713,0.956933893631848
0.85,0.871971351355407,0.526501953691174,12.1614914014139,0.735995047078504,0.964068317277311
0.85,0.849097261184244,0.749188872276634,16.9222523270666,0.727181165527411,0.939446846729715
0.85,0.939344423890707,0.594685301665792,14.3591842761413,0.838684892542793,1
0.85,0.847015040341199,0.636881675330151,15.1573874533036,0.723242930692589,0.937919486760076
0.85,0.779365981330762,0.496943390014304,12.0878929155745,0.623359693076674,0.896658770117382
0.85,0.839951914419628,0.803524299253406,17.4716177380762,0.716795241852944,0.933168998161742
0.85,0.910381498590564,0.871093341532364,18.3154871130035,0.811126048418186,0.981919460664814
0.85,0.707271660632756,0.466566255844452,10.8536695898934,0.526911266604769,0.848832969191548
0.85,0.87570371622504,0.673075198604179,15.9382448261701,0.756526888495122,0.960417612122348
0.85,0.910113439665254,0.671061253817105,15.3664093361889,0.801635448008991,0.985125730068582
0.85,0.894486285014007,0.670285049119681,15.3802637617185,0.783254284226204,0.973097119075452
0.85,0.806599292068091,0.578093934637761,14.0586372238863,0.671442349176951,0.908524135325257
0.85,0.872085564347453,0.714296054209896,15.984423614458,0.749998864622515,0.959690786020042
0.85,0.761376659472211,0.498559183218283,12.3242946754374,0.604910494824203,0.880536059032717
0.85,0.73383274284113,0.490605096870232,11.6851654238117,0.569855583290636,0.860440218308258
0.85,0.848017192798975,0.645598892397541,14.9205952686832,0.721951947363456,0.940485612280437
0.85,0.80269820935706,0.661006112957417,16.0708066459941,0.661583244065937,0.908460461643472
0.85,0.82562275901124,0.562465687315667,13.6927613951022,0.676258948989995,0.932188285736663
0.9,0.909037535684578,0.628840590205842,14.7433936470878,0.807005746041688,0.981229028096268
0.9,0.866355723462411,0.636032619147792,15.1065859852028,0.749889335388085,0.951943358222965
0.9,0.913525767621943,0.936708598108939,18.9228967327351,0.810144485497463,0.986642712286618
0.9,0.827502262629134,0.671384692895975,15.3033465456853,0.69696382544086,0.925806314294263
0.9,0.864809645286342,0.550543986141976,13.5773230159951,0.736562988454238,0.954209953535163
0.9,0.871124868817184,0.947894545773927,19.4819212513872,0.768037638710557,0.949917501671114
0.9,0.899411357537104,0.75485039658463,16.9764212943196,0.791132690497892,0.976275882926748
0.9,0.930933533755692,1.22667944058483,21.0363096757039,0.829033018610431,0.99993896484375
0.9,0.899954035997316,1.07160043202306,19.605300664032,0.798633021238755,0.974244466818895
0.9,0.880457352803194,0.791059522875286,17.1278533800722,0.769077145842894,0.962543430890249
0.9,0.918278460331958,0.618200135428277,14.9205413300127,0.813607459240123,0.990076881227091
0.9,0.930496127817012,0.686339338314425,15.735390632818,0.823796331620104,1
0.9,0.948810547764397,0.832784137011571,17.923020769649,0.861908354039811,1
0.9,0.98082233196315,0.667006640566824,15.2260876241754,0.901427105630079,1
0.9,0.893158426882087,0.633028022435818,14.9295425549633,0.775926275429297,0.974396543420091
0.9,0.917294339348459,0.606466877717448,14.2798493558323,0.815247270793915,0.988337493334811
0.9,0.83334998163273,0.519639272796442,12.3388787051502,0.682556196240039,0.939116540492085
0.9,0.859095535090678,0.864556511007933,17.7167547955574,0.743999036238006,0.945357445392784
0.9,0.910261161539706,0.748790424424184,16.695607172813,0.797725389935738,0.987395690274695
0.9,0.850447855790773,0.581985095484331,13.8042905386283,0.717414307965519,0.945000442972974
0.9,0.919885906096164,1.12296414527802,20.2179263178794,0.828116347768569,0.98740551411633
0.9,0.890782074856916,0.845392461839718,17.7260652461588,0.787018918408077,0.966901049362541
0.9,0.827969985646025,0.528538849293106,13.1474202665955,0.697615825200001,0.924422835507779
0.9,0.908094465004296,0.598337843030447,14.1990235009376,0.792960587180676,0.986001306102986
0.9,0.946305184441865,0.921410064400626,19.010626957218,0.859026849198419,1
0.9,0.795171351887495,0.601918201175808,14.0426707768945,0.637985419569056,0.909792282363148
0.9,0.938661484006817,0.837446648030919,17.4061143250161,0.844608120466512,1
0.9,0.952937365454848,0.640386177524813,15.5333110587728,0.86312508103161,1
0.9,0.884425346726835,1.07886905814398,20.340895320677,0.77255262896111,0.96560372164777
0.9,0.836373001155253,0.704625326201819,16.1960482545293,0.711690061068702,0.930160378210589
0.9,0.976821491428011,0.828596351400154,18.2540493055892,0.899439555014016,1
0.9,0.975584514235063,1.12919900553528,20.3638472624219,0.896807412229576,1
0.9,0.86162325894603,0.691201706000328,16.1078723382488,0.738645977390797,0.949837230097125
0.9,0.926324444007626,0.667129247769841,15.619312116151,0.822231776617572,0.997076747488316
0.9,0.990773648565154,0.871526874746872,17.8957467635854,0.920372959266156,1
0.9,0.896234511911865,0.656003821824939,15.2049896607744,0.783242383428071,0.975573173102321
0.9,0.885214140609882,0.655286311753608,15.4119523825874,0.766354164554854,0.968742905972644
0.9,0.892877390363882,0.747395752693184,17.0930808519245,0.780583609121131,0.972827411075539
0.9,0.961692638434837,0.698686244404924,16.2848719872916,0.870908657444681,1
0.9,0.795116852793652,0.583757849189214,13.485013522753,0.64268179853427,0.909664905294815
0.9,0.866891270922198,0.659887391356653,15.3238820891027,0.735843060574911,0.957933576418377
0.9,0.81732069629539,0.47001091174143,11.3262497891932,0.654248854808915,0.929564094642059
0.9,0.84969014739496,1.01188252503432,19.3331369309366,0.731183706542841,0.938255972131557
0.9,0.86982820966948,0.549788560009642,13.2875416440761,0.740152689478405,0.959191628681079
0.9,0.935103130568603,0.671687179100492,15.9794964828254,0.836722609263715,1
0.9,0.818626460904377,0.549333389872049,13.3577551436494,0.687527589786288,0.916532286372767
0.9,0.978330261250383,0.671336645328945,15.1291118563376,0.891037781769287,1
0.9,0.892793373530128,0.958260902215473,19.0082963738585,0.747619789284292,0.984439457162419
0.9,0.895084830551297,0.667876597503871,15.7509557231489,0.786392282723637,0.972815164326929
0.9,0.863679188901684,0.805149683603623,17.57569767015,0.731996332275824,0.955933800870073
0.95,0.98021671336401,0.673100639556387,15.4654795135421,0.903107203926237,1
0.95,0.94880973276087,1.10423193675704,19.9687975646001,0.868485555669084,1
0.95,0.886204337934696,0.604559893882056,14.2959433165441,0.766563115821471,0.969574156136529
0.95,0.931218722239742,1.21216177721959,20.740993325791,0.842793003690292,0.995515665417848
0.95,0.965606084108205,0.86235901144838,17.8621037337933,0.8774501136027,1
0.95,0.83873659748645,0.723005661975964,16.6788632046961,0.699183497873981,0.938641105292219
0.95,0.920271830370166,0.793022283925596,17.3599986156989,0.804071967637276,0.996181042385442
0.95,0.931917106875547,1.09335813523544,20.3659843321332,0.844712301612007,0.995317791406933
0.95,0.907369311191868,0.785982552394194,16.8521589330837,0.807161916086524,0.98011319424839
0.95,0.948848322270865,0.715805376763004,16.119481926416,0.859019286869057,1
0.95,0.850565432782095,0.513594709442089,11.8723883112946,0.715155771856588,0.945398551356453
0.95,0.970427747011518,0.747772320692674,17.1867635025471,0.881149285229137,1
0.95,0.963912725391001,0.934588688553729,19.1049798121987,0.880967027478769,1
0.95,0.985234860852886,1.119573402644,20.5017151431083,0.914012776105075,1
0.95,0.943028515971315,1.19048273596244,21.1202110409879,0.856198919611218,1
0.95,0.955649838294257,0.947791536396565,19.2233153044219,0.870307551026546,1
0.95,0.897672118583849,0.614123117728438,14.754239307491,0.780353951726307,0.977960933951141
0.95,0.958009708345738,1.18192450727644,20.9018665857269,0.881835290930121,1
0.95,0.947225588918862,0.87575389223679,18.4700851901785,0.858450240280566,1
0.95,0.964937253896721,0.775717050873511,17.2190274380725,0.880792469049044,1
0.95,0.890868410472843,0.743129459254661,16.5277023538137,0.774412887945152,0.972216284837794
0.95,0.981295896945145,1.07233584134908,20.3962153204443,0.900200065237411,1
0.95,0.895766286239717,0.783872271355633,17.1679280650183,0.78363692901384,0.9753803413786
0.95,0.904945948022738,0.700451849710218,16.2449306150884,0.799469356084091,0.979635970354798
0.95,0.99279838449534,1.25210667790586,21.1558300025235,0.928666573724176,1
0.95,0.977675473419808,0.951855826429355,19.366721758731,0.904305767640711,1
0.95,0.99498140277675,0.967174746006998,19.2683908443097,0.930965180286064,1
0.95,0.891152388885167,0.664292050004566,15.3058577068505,0.76955326061649,0.974414725412431
0.95,0.921495129220908,0.767181177808053,17.1803969345816,0.815559966630416,0.994033993108337
0.95,0.885145071091644,0.715377776843981,16.6769366812388,0.769832354128381,0.967126968242996
0.95,1,1.04896730512995,20.1865906964463,0.945264318460033,1
0.95,0.925729217929886,0.841281478671631,18.1373231954329,0.831526390323674,0.992887737885286
0.95,0.936290892736774,0.700244679062681,15.7328076022258,0.832864466567921,1
0.95,0.908662134856532,0.741628567439159,16.9836289787322,0.805709420317875,0.981599944570772
0.95,0.912711844997259,0.706039461504068,16.3984255567362,0.812145156528875,0.984392626677155
0.95,0.913511628705982,0.849952404934095,17.8540739108141,0.80770863531367,0.987011890256847
0.95,0.988375366189505,0.972483974281986,19.4123843666943,0.918019219524964,1
0.95,0.873956331779559,0.657588993590535,15.1672741886954,0.746779692818453,0.962221842751771
0.95,0.888225927984508,0.92764604937965,18.8283753051735,0.778760378589727,0.96812378540438
0.95,0.894694913247191,0.601728778041715,14.3796893124967,0.765786876551566,0.979399938410003
0.95,0.910540832076311,0.891462300849356,18.9352477552574,0.806614863829958,0.983810063392447
0.95,0.935489146423927,0.676445608165083,15.6457000158973,0.836492753192497,1
0.95,1,0.985675009880991,18.9267643518287,0.934697762517338,1
0.95,0.982268367230329,0.803344157459976,17.2155073616096,0.907381550861666,1
0.95,0.951621198318753,0.740453441065936,16.3094178937219,0.864415247776654,1
0.95,0.940148434468688,0.754026647653196,17.2196227170415,0.83409295898261,1
0.95,0.993489417921202,0.885829408653444,18.7400092720585,0.926185621082749,1
0.95,0.933234107734142,0.864149205694666,18.3513948693553,0.831866681471131,1
0.95,0.862189679532723,0.511090084583862,12.2702071258091,0.739825159281257,0.949841262601925
0.95,0.901584736141788,0.667028289408375,15.6827099128091,0.7704419586091,0.986298850899968
1,0.991385557908359,0.726665859544162,16.7179355579563,0.922069360361687,1
1,0.874927766308549,0.620063828155647,14.6555861599944,0.753038191921143,0.9604171791992
1,0.993076565013287,1.39016013787372,21.7401427318975,0.927173974056084,1
1,1,0.908811340112484,18.6166848863393,0.979354712969627,1
1,1,1.02216988210973,19.9389965682306,0.975854564309437,1
1,0.966564090555365,0.913329622334657,19.1503167773007,0.883774194988374,1
1,1,0.987978239802504,19.9290259382449,0.934747852397745,1
1,1,0.988239341241067,19.6165366730581,0.96530551235742,1
1,1,1.50542264404265,22.385082803132,0.961198815389332,1
1,0.972972411072722,0.755147513647226,16.86974107047,0.896485180403443,1
1,0.983034677530132,0.903020690937192,18.9882909693617,0.912482869095152,1
1,1,1.23777565890297,20.9259799424836,0.935257690489555,1
1,1,1.0725175972854,20.0792946859394,0.958774197043903,1
1,1,1.5074671343248,22.9537907607033,0.969069192429326,1
1,1,0.918074521388295,18.8844086528261,0.944303288853514,1
1,1,1.10181724587571,20.1771290327221,0.968043345756467,1
1,1,0.864940873996598,18.3289503074946,0.979321272781363,1
1,1,0.924378682722309,18.5930454126146,0.966146876737487,1
1,1,1.14336173188687,20.3298423627408,0.943753987218691,1
1,0.936121972843321,0.800471066777263,17.8751321498498,0.843431637575632,1
1,1,1.3093119278216,21.2188408702149,0.950701231590789,1
1,0.970600145141293,1.09575180551538,19.9280498641658,0.894277684453579,1
1,1,0.881672483176756,18.4396816518667,0.96788164356366,1
1,0.964457118743586,1.03125175658156,19.7618309098467,0.886066853963756,1
1,1,1.00608908024099,19.5331385780619,0.937342971990713,1
1,0.982850901382258,0.730893772527513,16.6538127399916,0.912731122026238,1
1,0.971437934261877,1.09791112571685,20.2351189339144,0.892525348183906,1
1,0.961058597053036,0.901253142360121,18.2989629997141,0.878478158274217,1
1,1,1.05440646372673,20.4227747795906,0.954743219695101,1
1,0.988475500322624,1.14753040040447,20.731256517394,0.919113997475466,1
1,1,0.764193370264523,16.8331907914672,0.962419061892067,1
1,0.987407227306833,1.08996935448818,20.0230694476849,0.914052950395664,1
1,1,1.95319572764223,23.9838136223984,0.960209281488034,1
1,1,1.01755528624716,19.3808836044344,0.954009044547429,1
1,1,0.776978316061372,17.4592410099517,0.950248601527037,1
1,0.933136194825262,0.654908431931934,15.5858524819199,0.828085910285948,1
1,1,1.51417935701284,22.3251999576939,0.974260306882861,1
1,0.983779224240312,0.730062566606553,16.5394270529891,0.908568121470893,1
1,0.987514220929885,0.84021504958303,17.5126554626904,0.911156992255064,1
1,0.976564989950515,1.14602836321321,20.8110283366522,0.90455772800722,1
1,1,1.18854120532516,21.1008611399701,0.959214757031547,1
1,1,1.0594359805007,19.8617363617321,0.939567864316,1
1,0.987551045691307,0.945745268294743,19.1473568486988,0.918410896951508,1
1,0.994958553984706,1.38100476617833,21.590818501371,0.92863928098264,1
1,0.979408100089991,0.833172996380482,17.6364917086036,0.908852651349521,1
1,0.959014355028047,0.725406803877414,16.8315946277663,0.873113866234647,1
1,0.993561567152382,0.947850631198697,18.8511786384051,0.921320259643519,1
1,0.988617176560281,0.931413562138747,18.8607039285316,0.915664100322261,1
1,0.969452736326413,0.647378402472077,15.1813420070916,0.879720632193071,1
1,0.923653356340139,0.823643229073813,17.7236387589215,0.828218371046171,0.991532631334101
