"lambda.input","lambda.est","kappa","kappa.z","CI.lower","CI.upper"
0,1e-06,0.0337349694445881,1.00134336782207,0,0.0133530975797493
0,1e-06,0.0198056570091825,-1.00632076990752,0,0.0295688300714055
0,1e-06,0.0256658558722302,-0.942244465718649,0,0.0243539009203673
0,0.00403574768971474,0.03833659360641,1.19550900569351,0,0.0525043062928105
0,0.00965165382860731,0.0270780576653703,0.722679428204958,0,0.0626659241209236
0,0.0473815157724837,0.00896099198088624,0.131195132403775,0.00729825527319171,0.114508009189392
0,0.0111161414489295,0.0303657540802432,-0.679373649336803,0,0.0519000178846357
0,1e-06,0.0285283292036394,0.203464350392001,0,0.0113448251388097
0,1e-06,0.0385335724344523,-0.0479297050772267,0,0.0155334708564995
0,0.00712112556840602,0.0174372827548346,0.522814658417187,0,0.0374352907663297
0,1e-06,0.0355432364756538,0.625268159103345,0,0.0235367037755167
0,0.0195670540894293,0.0240360342209399,0.285820416666956,0.00236846371553817,0.0563615108841709
0,0.00213562881037232,0.020092948416337,-0.323339917676764,0,0.0350985303209867
0,1e-06,0.0246050241674844,-0.835620215268389,0,0.0230729924869864
0,0.00420538838294399,0.0252673587272815,0.418228439768231,0,0.0372745742422526
0,0.0145277685046501,0.00580053662732692,-1.34731796712997,0,0.0656437438955354
0,1e-06,0.0157505670183392,-1.90438380080527,0,0.0178223857471282
0,0.0273520675463857,0.00302538383249198,-2.89188797759009,0,0.111533430242933
0,1e-06,0.009636138041495,-0.338323831907523,0,0.040230016499872
0,0.00843762303142906,0.0209673582319958,0.330607672206336,0,0.0702118470989739
0,1e-06,0.0356543995322211,1.10449649895046,0,0.0168800538176956
0,1e-06,0.0338053623217541,0.56152576580164,0,0.0311321921977824
0,1e-06,0.00436795020422521,-1.72721229128864,0,0.0310525373513822
0,0.00873965234340567,0.00391299792003945,-1.60038722054549,0,0.0556094229202329
0,0.0140792035482225,0.0330440306116107,-0.260331428132774,0,0.0915510137696139
0.05,0.108949960924746,0.026738179162898,0.736178753160428,0.0505573760847088,0.203329356938047
0.05,0.0158964364057764,0.0243853444436398,0.881257963309142,0.000286763300072799,0.0663300207506478
0.05,0.0789242333285421,0.0274483306945353,-0.00965457249604049,0.0309102246674167,0.157235144426391
0.05,0.0574144771781257,0.00769903789253024,-1.40332593290386,0.0111601257480102,0.139509147091956
0.05,0.0457216116499604,0.0171494435372605,-1.03378693339353,0.0124583471863559,0.111637809369781
0.05,0.0211759437227017,0.0052220953448888,-2.10250782000799,0.00280361643919336,0.0706436140961277
0.05,0.0234473144042979,0.0122296360741265,0.0746309954176892,0,0.0853239915054935
0.05,0.0781778365813107,0.0403661667810967,1.65222398757144,0.0300513027219245,0.161403093971955
0.05,0.0278304296884342,0.0202988104148866,-0.67204357808246,0,0.0928226477717242
0.05,0.064708920186664,0.0334887244187759,0.60707698984172,0.0228352666851784,0.138628431745289
0.05,0.0699504853433474,0.04199337660188,0.718141407503013,0.0169522899221685,0.156626474957351
0.05,1e-06,0.0381478866662368,1.27812010915515,0,0.0632967061217853
0.05,0.0685302560985505,0.0519015601295006,1.33461042135632,0.0298997183066037,0.134626356328473
0.05,0.0537599621566196,0.0365687517162697,1.25743183100865,0.0139455695566868,0.135843216931743
0.05,0.0531061948099714,0.030655310390434,0.217551031574128,0.00737393129982237,0.125706345064734
0.05,0.0618186348766995,0.0421287308891984,1.08342807917608,0.0148206542731851,0.140663958604429
0.05,0.0823355787892875,0.0389871881482654,1.82377350597565,0.0348216195783435,0.161177244711395
0.05,1e-06,0.0305912138171128,0.199326151146201,0,0.0778673575729479
0.05,1e-06,0.0346134302509429,1.25453882522952,0,0.0495250236469102
0.05,0.03467492805047,0.0304631121900827,0.793600518761627,0.0026316846862455,0.138376662037626
0.05,0.01463492461254,0.0193228048625364,-2.45345910450605,0,0.0772496901622376
0.05,0.0165983863314171,0.0293003013122898,0.380303797349415,0,0.0657252913221948
0.05,0.0515601364943998,0.0178003439708605,-0.458004948736864,0.0134562671511242,0.126888570987906
0.05,0.0962047696013952,0.031630017097335,1.2596885289401,0.0354870652856074,0.200223809182676
0.05,0.0150253822940938,0.0478545281351922,1.44509176442654,0,0.09854214111863
0.1,0.0299848896487192,0.00609358334935823,-0.487814389765853,0.00563550051336029,0.0906785907893523
0.1,0.144824454509435,0.0492517086645206,1.29643368468453,0.0585523664629202,0.257230414142078
0.1,0.0946401727537508,0.026691718066486,0.557702555656793,0.0434005775192639,0.1773456329065
0.1,0.0875546702550752,0.0347927468565924,1.12760893238822,0.0408134915622891,0.170592906597786
0.1,0.0206184982076193,0.0333629460545547,1.65392453230296,0,0.0951806041281118
0.1,0.0842661576281763,0.0335684864709758,0.425343838605321,0.0356520963590312,0.158320064068385
0.1,0.182501106648017,0.0395487993237925,1.28969442951528,0.10074834974087,0.293822906875972
0.1,0.0929902275904456,0.0301421335226365,1.63754438484294,0.0414317359169803,0.17404127080826
0.1,0.146246257663666,0.0380705566287674,1.0517373633617,0.0859666002043558,0.230687609058692
0.1,0.0923908512396315,0.00305309059784074,1.1469698665142,0.0338038051165333,0.1802813205289
0.1,0.166197158132181,0.037016820168166,0.308799714671655,0.0920274959210354,0.262516136807358
0.1,0.0468984394281459,0.0273664237101754,0.812131529991384,0.0122579427652913,0.125058739781599
0.1,0.0969825997674957,0.043480716397442,1.31231343111822,0.0415204160955976,0.182124543260167
0.1,0.188694229126082,0.0353532079471211,1.11440134278646,0.112994506182753,0.285443433627426
0.1,0.0524110245496812,0.0240268883457734,0.386798775111369,0,0.132667723263367
0.1,0.033496730600567,0.00960675199381949,0.00214727566079142,0,0.118173765538873
0.1,0.109245906378725,0.0474689511392718,1.67592101532722,0.0384813899116273,0.215236187105301
0.1,0.10354327415138,0.040374092820217,1.58144293140765,0.0512780586259898,0.190042606704483
0.1,0.0658633528580942,0.038377971890938,1.22370195763745,0.0147323077980652,0.161008491293918
0.1,0.0638140469251997,0.0287054591000231,0.746309964486153,0.0158450330176161,0.149622368807178
0.1,0.158310112712216,0.0251800582973757,0.0314011655358016,0.0816472947024887,0.262604986623426
0.1,0.0506218349721514,0.0365670737837241,-0.306290046439599,0.0120772924043431,0.12395275475378
0.1,0.124742889271554,0.0047397350124773,0.106495410756589,0.0671881770498407,0.206075975238469
0.1,0.030836925715262,0.0374598347855448,1.34469589494975,0,0.120853675556178
0.1,0.105513438397979,0.0129851387102694,-1.39715266503904,0.0529556652709833,0.186285509979021
0.15,0.122850165376834,0.0520028542408718,1.97389552557549,0.0639147223051404,0.205620553303888
0.15,0.132217305678417,0.0365488760103796,1.86719860799534,0.0599600706461986,0.235005351758357
0.15,0.157252322784975,0.0260541074215317,0.263556475651124,0.0795076517484179,0.27146548065283
0.15,0.0623238832741358,0.0400719938698445,1.71460251451006,0.0115598554440587,0.149157948436682
0.15,0.127753705017457,0.0355537689762643,1.34248431747531,0.0524757515597848,0.231852956398396
0.15,0.140007412011694,0.0306874206645486,0.29769993818903,0.079662890745812,0.221258572467992
0.15,0.109628874623891,0.0310917626347623,-0.0493051998448321,0.0595376987467675,0.185197129927445
0.15,0.157244039407063,0.0203921606232815,0.581922311838356,0.0807795549228046,0.259449724482445
0.15,0.209362239257752,0.00759788240159479,-0.732637277962834,0.104767259824748,0.342254552861864
0.15,0.1291846281679,0.0104609014701535,0.710173948668592,0.0640656587369317,0.221125081585956
0.15,0.219008695300634,0.040917122891005,1.51745739703908,0.132648287428678,0.322646585903535
0.15,0.125440066895201,0.0288989570431513,-0.339294850763534,0.0576021790387398,0.219052223633601
0.15,0.135481421119221,0.0424782571969914,1.22339318542415,0.0645776096712247,0.232438062436527
0.15,0.146607553959367,0.0438698946618908,2.05591697796748,0.0706611871108805,0.254310235344039
0.15,0.12154729041821,0.0289257817497118,1.15230826527952,0.0523764743285441,0.231183496774416
0.15,0.147469991864586,0.0170786483516789,-0.171308479903748,0.0586733442536578,0.268202755131086
0.15,0.180341400085649,0.0379925247173181,1.46890404707249,0.0849263193707521,0.303281648201746
0.15,0.164362596234928,0.0237455109639694,0.594308075896808,0.0758397323376995,0.277996748771975
0.15,0.205177036333762,0.049898106823919,2.83587736142879,0.103414303427783,0.32947129645118
0.15,0.110653531048749,0.0319307074127217,-0.501266762633057,0.0477152572879205,0.203691386592399
0.15,0.138356284754431,0.000886739862584251,-1.36216452541978,0.0578303207254332,0.249651865532082
0.15,0.212558647653349,0.0371419928166732,1.16055232820593,0.135247188425012,0.307270945211664
0.15,0.16303821318437,0.00936319058616624,-0.800521247526023,0.0804649032786013,0.279688118504637
0.15,0.129305536812122,0.0023584253425303,-1.0485516355174,0.0630249429903017,0.227367720611243
0.15,0.141394039987284,0.0272280925540663,-0.438415396193999,0.0786206849243946,0.228721665718262
0.2,0.269007994843226,0.0178354483617922,0.296676686859808,0.178728081550915,0.376449054737657
0.2,0.227831394323425,0.0270275142016954,1.19736225992138,0.127991738550274,0.347410487717075
0.2,0.244054517192749,0.0351018561686701,1.45362665265573,0.160483809750671,0.342852961258472
0.2,0.166782185922892,0.0520211552639568,1.16007591682732,0.0804717514209336,0.277587289860609
0.2,0.160936550479438,0.0288475905826461,0.871791107735013,0.0801039768386248,0.263243410452577
0.2,0.0944684962092678,0.0395066237981633,2.13397174913613,0.0365685057553386,0.18371469749009
0.2,0.235267700776728,0.0236930037998716,1.27559130562966,0.142263991187579,0.346768827736327
0.2,0.128165376699287,0.0350548106825494,1.46960008023518,0.0702538954693139,0.210066134483036
0.2,0.158373404262584,0.0208025439744112,0.485548376357127,0.08936742806242,0.254541110934406
0.2,0.231721976925498,0.0405635939931986,1.15525351882343,0.123559913818976,0.357300016646512
0.2,0.148932773618641,0.0295916132330553,1.00585916120397,0.0832817893159969,0.241783845918663
0.2,0.17406706556664,0.01374276158563,-1.10666001132427,0.0968767141818546,0.274223938192588
0.2,0.199509381364533,0.0494416179530223,2.0561500125748,0.110768635085536,0.308473022170861
0.2,0.180279688863751,0.0244924673192153,-0.0646620455569031,0.107227310188391,0.274946398100418
0.2,0.113862209669373,0.0307002481738799,-0.26049194332189,0.0557810155276681,0.196615387093623
0.2,0.250321876215929,0.0252773097696102,0.748333677404819,0.157410163199242,0.358363660375116
0.2,0.125129749870124,0.0336879928782637,1.01143495722752,0.0535760843823397,0.227122034067462
0.2,0.245445856587919,0.0104779265201519,0.109000510971748,0.146070517556234,0.364799648469746
0.2,0.208065531361239,0.0344208648035746,1.49364231061014,0.120018023484923,0.317376040151038
0.2,0.181892111232068,0.0102308493725011,0.22593909767625,0.106732598424461,0.281498055199602
0.2,0.0997644485213037,0.00481589941418397,-0.384821190822409,0.0347590695909107,0.208337167202082
0.2,0.155320602146681,0.0382836298807439,1.81918487567982,0.0685834844900228,0.269184835675034
0.2,0.237542318918467,0.0220058537883039,1.55234491651776,0.146698871199477,0.347210290121161
0.2,0.238335310634247,0.0137796641684477,-0.483468325026104,0.146037067975924,0.346512368829232
0.2,0.233509303865619,0.0214363069533671,0.351150278142036,0.142323668156874,0.343393394885884
0.25,0.13512790130998,0.0306048466386438,0.762705504202385,0.0660706426288945,0.233567369065179
0.25,0.32012596214042,0.0421701810276835,1.8148549287323,0.220292260662844,0.429867803725256
0.25,0.294013410270515,0.0230642899450379,0.0748885914200991,0.182971691007354,0.414488423355522
0.25,0.22639942015467,0.0505837285732184,2.43120084778402,0.151630841091365,0.319298606924246
0.25,0.188042206975526,0.0265956907141311,0.769885698948577,0.10209700580828,0.297671175549604
0.25,0.215148167105077,0.0512764359295962,1.58625741021447,0.140336526271949,0.305974513112668
0.25,0.12040976363867,0.0227112313730868,1.24504797052367,0.0533345105747039,0.219432561561716
0.25,0.139915862636481,0.00662632930481856,-1.96835817239086,0.0618265849865096,0.250921166989358
0.25,0.338437290724551,0.0482368911307384,0.846124092255793,0.228035762338653,0.45903648866246
0.25,0.25278410843361,0.044491457715184,1.54416603848599,0.165210902020796,0.355768728082277
0.25,0.247655735081731,0.0287530482895568,0.0770211087490139,0.154193927474582,0.355858173517605
0.25,0.393004439510675,0.0245992846955566,1.34971787080171,0.294166077312356,0.495216779961591
0.25,0.312199360255989,0.0096429081587017,-0.191387647678925,0.220138028466988,0.41590758680722
0.25,0.294093041862929,0.0472412974227284,2.29272484565961,0.189009699323653,0.41485592994408
0.25,0.259884235741169,0.0216421153585594,0.659343642200303,0.155742648150852,0.374837983134101
0.25,0.194524282716694,0.0212265239958633,0.241108166801404,0.106766258473057,0.302768322729135
0.25,0.245257451455555,0.0102482767779503,-1.18387454496989,0.161388608511138,0.346449896624772
0.25,0.157798594249581,0.00952406036208282,-0.468761217734456,0.0777726390220898,0.267155526292382
0.25,0.287663997836068,0.0160670605528598,-0.890404397496363,0.186495591815183,0.404103830642932
0.25,0.17876500130597,0.0364388337841322,1.17670384974787,0.105920816436527,0.273453011571482
0.25,0.312087801694609,0.0360110877978304,1.40806544601354,0.212796053201283,0.421735608627557
0.25,0.238798083637678,0.021662340099633,0.822505198085261,0.15565383085447,0.340248076031601
0.25,0.180496397141001,0.0566707980551487,2.31268518918435,0.0981756485787474,0.293361195707875
0.25,0.259090360534906,0.0370980122951783,1.8314792538311,0.154582623932002,0.378450251867714
0.25,0.158112075885043,0.0295314349988149,1.0183622513382,0.0880650724633724,0.251979384984366
0.3,0.418661471416227,0.0423620627837267,1.96952208548977,0.304561968579806,0.535987911141672
0.3,0.279932206640768,0.027399750267164,1.15897213392449,0.19403025255818,0.380881372097395
0.3,0.216667920716668,0.0264832513563145,0.860501071143953,0.136963549246082,0.314044673703777
0.3,0.209055693234306,0.0344224880716322,0.986961425655053,0.126763129793378,0.314517775689934
0.3,0.437601077468013,0.0273937062618595,1.11460759600113,0.333953028557383,0.540762720615897
0.3,0.349102240986113,0.0405851694407964,1.63548544756027,0.253026156981445,0.452546649576745
0.3,0.198679147160781,0.00141377485922313,-1.2165783290651,0.124830317299958,0.291430282037233
0.3,0.31538631199896,0.0161057622868913,-0.0605882687582656,0.20848005274306,0.433432319085314
0.3,0.304030829963024,0.0287557110637911,1.28772029468729,0.201439361177786,0.414680244767111
0.3,0.290610619246073,0.0473131314871162,0.707174156106477,0.191838507095578,0.396702580824454
0.3,0.211777384371991,0.0139558051150374,-0.762272905958225,0.122768172620001,0.32160619115554
0.3,0.26249672510551,0.0138250770916448,-0.635064959926108,0.158956779793863,0.380738321075016
0.3,0.301092090975429,0.0605632085423688,4.05607926877618,0.209574093441942,0.405619892653622
0.3,0.260022586885776,0.0311695332546806,0.578074587444162,0.171459179302184,0.364325849778654
0.3,0.281169065816556,0.0274141635719463,0.856655951613979,0.19268284360428,0.381409430046837
0.3,0.254021154583427,0.0468949005996544,1.99642188854709,0.176418227746823,0.347201505079942
0.3,0.318394893952348,0.0563660963122592,2.87341351430549,0.193027797578291,0.456216474562875
0.3,0.356568432149607,0.0398790387887192,2.29122167557946,0.25128896055263,0.468094141316269
0.3,0.320589349012137,0.0539552397592416,3.31587282861218,0.214964475493226,0.437636838131934
0.3,0.289058177010493,0.0247817408347563,0.556198585348651,0.185902333063518,0.407803691685603
0.3,0.280828160158247,0.022742442161127,0.73179818375024,0.19407123087896,0.382297276199462
0.3,0.281286038615433,0.0241448273852382,0.654689611858118,0.187061127088776,0.38787355252223
0.3,0.295447855031106,0.031955166491756,1.30236242421068,0.199505218978064,0.404112899579442
0.3,0.350588585811245,0.0623620728501102,2.74146561413789,0.26011736865915,0.449596981205659
0.3,0.293709888652654,0.0417347321775855,1.55508077631224,0.196542172736307,0.404402769729462
0.35,0.363971824008203,0.0156963341373733,-0.791373372730367,0.263199826042326,0.470406968727859
0.35,0.388132755601957,0.0304255985659267,2.00749317574713,0.28725220632628,0.492983375235111
0.35,0.352685727850383,0.0224091684688965,-0.607835178677881,0.251635489069969,0.460763135270002
0.35,0.346833744210492,0.033964025904942,2.20740702846166,0.252034156168655,0.452470025726127
0.35,0.353504391675942,0.0348833940516282,1.08262636621056,0.245568416922436,0.469689791818886
0.35,0.408549738260569,0.0452493275481547,2.00435103791667,0.296896294642113,0.518252902736083
0.35,0.354762838262998,0.0235923473576298,0.949942164500555,0.251147917633971,0.46589311477861
0.35,0.306233197830646,0.0476177738502607,1.06021410434794,0.211810010287329,0.40905293162392
0.35,0.418144829197768,0.0406571998856623,0.958661751384028,0.319335148063232,0.517219868409372
0.35,0.330068969817093,0.027798421857891,-0.0603692489228962,0.238676853586219,0.430211729290237
0.35,0.351641191444742,0.0269466572542101,-0.4633466092011,0.247926946302279,0.460723541906081
0.35,0.428418520059027,0.0527502524024651,3.84254192418884,0.313574945675108,0.543522512866947
0.35,0.315866151130953,0.0400866304426098,0.758415209923791,0.209908741065996,0.432027113178464
0.35,0.395735090363189,0.01902335962445,0.6468675980045,0.297099156292369,0.499076763697037
0.35,0.357962574239229,0.0231011348954401,0.0551521090072023,0.256988581780337,0.461483153083825
0.35,0.384770957997299,0.0104207084997964,0.178378248131043,0.274290308537693,0.497330541257542
0.35,0.389634753883472,0.0437983859537997,2.30588069629469,0.29000973038286,0.495155757693168
0.35,0.471566389216861,0.0134428766263705,0.376964488877974,0.365223786933229,0.574436804370765
0.35,0.242972200333739,0.0329762202162371,1.38334429147303,0.151376068682423,0.355465088940002
0.35,0.300637819154604,0.0256811290122144,0.400724343930789,0.207836750313529,0.402909887015201
0.35,0.330155075027028,0.056590266696605,2.44983798445902,0.237268835373115,0.433759698133577
0.35,0.315307909917156,0.0382081771293687,0.967305990032677,0.217027697294063,0.423178681018074
0.35,0.314024597312857,0.0674613431100478,2.43961123128546,0.217108682271105,0.422656819722876
0.35,0.359005060217512,0.0272766575742966,0.938455577746938,0.26757054724589,0.456929212826648
0.35,0.40479486912416,0.0508989956315109,1.89933406414119,0.302564672661923,0.510749612580783
0.4,0.396729135197791,0.0514997238404606,2.0116988857134,0.2943051275946,0.501492616781161
0.4,0.32176912050931,0.0576278872747316,3.10520740603664,0.228676046506368,0.425802481830187
0.4,0.291448786065167,0.0382657992138259,2.33868905058636,0.20007605222868,0.394736709723895
0.4,0.410242878609308,0.0520225222484685,2.63785349787607,0.311524516956535,0.510040206594261
0.4,0.391893408915485,0.0260931829625952,1.08912551327736,0.288144010110916,0.498754067133531
0.4,0.474068187386642,0.0750339442015328,3.18561527067401,0.374212993343473,0.572077840051273
0.4,0.392979869038525,0.0191321768907899,-0.883685669211264,0.291180457273049,0.499208939573639
0.4,0.352582912806214,0.0399786791327924,1.54631384378141,0.229358503248619,0.479628661107178
0.4,0.443884083233661,0.0228382009324585,-0.0610982011084735,0.344095030242559,0.544147975613448
0.4,0.504751956866364,0.0359017620495142,2.25993924297706,0.397800006070966,0.60645522713065
0.4,0.478762034970858,0.0410096766186251,2.26567990682494,0.37272104902355,0.582172829210528
0.4,0.357859453744464,0.0434254447388589,1.16853822890601,0.263383814687573,0.459978552795261
0.4,0.405051378111974,0.0511854059860265,3.59119151545799,0.307746326611143,0.503777419064141
0.4,0.403617824470386,0.0324377928284858,0.734697273460448,0.304638459285728,0.504820625112067
0.4,0.478277510123345,0.0501629346869012,2.85960476628912,0.378590321794309,0.575177005542332
0.4,0.472567320795047,0.0411931361109348,1.75192474250866,0.368819788065326,0.57415124133292
0.4,0.388348524321778,0.0250600768051541,0.689433288647829,0.278851191451735,0.500928984726712
0.4,0.4334091988036,0.0455485068116377,1.22318360586018,0.334462009824742,0.533035963803764
0.4,0.495988126111777,0.050095079521454,2.70223568564637,0.397673337289537,0.590036819354861
0.4,0.503753883597909,0.0265009953697337,1.72337207546766,0.391825872709069,0.606403322508871
0.4,0.365543860227727,0.0136641470974043,0.929649562989334,0.256851693961567,0.478632981367136
0.4,0.484619713510904,0.0529536749422853,2.35999286232491,0.379240312976582,0.584249090144125
0.4,0.432212883133723,0.036416568896329,2.06971022953588,0.343429584476937,0.523184891425909
0.4,0.332724113792489,0.0465618406924769,2.48352586193203,0.238425131823982,0.434511077692373
0.4,0.365206666086932,0.0180544242739257,-1.37794839879488,0.270562849348666,0.464649749377542
0.45,0.359248649866673,0.0402533805006808,2.01627422694915,0.243128773786002,0.480263838270532
0.45,0.485466496417643,0.0330233987512754,1.29249251562663,0.383935456077385,0.584501270743381
0.45,0.519845219160982,0.0821635162673006,3.92439806542906,0.424566231381061,0.609441021114045
0.45,0.513551891028605,0.0307742265708453,1.6391514162809,0.422937762496263,0.600316454623159
0.45,0.507399228906247,0.0584578344419515,4.14837979371023,0.40635169844349,0.601640296122285
0.45,0.447748408545572,0.0263730689783193,0.693191869672122,0.350124204571415,0.542677349484983
0.45,0.452095871568662,0.0551939537859766,4.4140260251918,0.339332986613874,0.562004844144471
0.45,0.384624714058704,0.0614845875273,3.53870316667135,0.291406052373101,0.482431813588313
0.45,0.432209749166351,0.042242082506242,1.68085049295918,0.32150855252609,0.542627918630561
0.45,0.516270468016211,0.0401775296167186,1.99761307888426,0.414873910534882,0.610789289465483
0.45,0.425095701508451,0.0296182352107433,1.45604185527691,0.319925444514418,0.528555983791075
0.45,0.402701113774299,0.0401097607154094,2.09639553319014,0.302862814624227,0.505560422878557
0.45,0.452740666757644,0.070737200297068,2.75769884677427,0.353820561829826,0.549372565852071
0.45,0.52366528171343,0.0448452466043099,2.34693333435985,0.422895995889818,0.617529293118809
0.45,0.428267938107874,0.0344730210249521,1.81385734012253,0.330742171796496,0.528019647607711
0.45,0.392420132423927,0.0303473689547223,0.404381212815955,0.296510624035796,0.493096973146594
0.45,0.37423713531976,0.0602462631860769,2.64899889666308,0.272963540220189,0.477852666170908
0.45,0.50231607091365,0.0306551306742513,0.644549255395575,0.394003231903072,0.602363178409658
0.45,0.446391643050047,0.0294811713669062,1.16429037774867,0.350542427323396,0.54197565791153
0.45,0.508748488811615,0.0374756131129581,1.95163354322878,0.407475428207076,0.604170813015444
0.45,0.476902300715427,0.0397506512283492,1.66963401228095,0.369859076862574,0.581512687905766
0.45,0.479650369645444,0.0511529235280778,2.42561286233625,0.384857100615603,0.571877361651339
0.45,0.481258570551764,0.0300600628601818,1.23396506712421,0.386254966045915,0.574889567672821
0.45,0.481637664588611,0.0438399011204105,1.88667200241496,0.393014443520132,0.568356386773765
0.45,0.34693218636073,0.0312484481975006,0.840736260872293,0.243867904356207,0.45739000012714
0.5,0.543794906331288,0.066261063536033,2.43718372223925,0.453080292788729,0.627636866433185
0.5,0.339291649108951,0.0469573615966463,2.22767430637011,0.240607857299683,0.447966025151399
0.5,0.56385757207719,0.0161878925369241,-0.214319570654148,0.46025860512154,0.656694901563208
0.5,0.426942490666003,0.0312386854931979,2.09794615332712,0.302733829701682,0.549147940696521
0.5,0.48971818872983,0.062033548095159,1.64130538787343,0.388836917071669,0.585839807589561
0.5,0.472171217124772,0.073789536071885,4.2619179508981,0.37090775388933,0.571712453557734
0.5,0.56392291548868,0.0612698795171547,4.6377483707554,0.474285545224903,0.646281060445648
0.5,0.493932940064966,0.105590497972701,5.06482045028971,0.395940282798396,0.591854474342031
0.5,0.435646145132571,0.0450507688975053,2.33426163002854,0.337659579413682,0.536270938658851
0.5,0.463444990840211,0.0624300879567122,2.6336695225756,0.364610901040924,0.562297863547361
0.5,0.522459972798333,0.0642921755800109,4.05919473177033,0.416781641319954,0.622172162524848
0.5,0.595653421752941,0.0958072388688706,4.40260779720978,0.508027951510955,0.675455698968981
0.5,0.511786408050798,0.0427708315026808,1.77742709525423,0.413958910114798,0.604715699486795
0.5,0.422472452076649,0.0262514342426083,0.671094969805033,0.31807446329036,0.527889412545395
0.5,0.406482686666885,0.0402442798967304,2.22015147274141,0.300669856349322,0.513585771199346
0.5,0.519420482697854,0.0730438375255924,4.8339232005,0.426281612519836,0.607722457304382
0.5,0.520118830626564,0.0489458408883087,1.69599567269406,0.420116609863823,0.612921318165015
0.5,0.389827293301304,0.0250631698030215,0.95380782445752,0.282125950476869,0.501012790189445
0.5,0.493565162163977,0.0565780431146026,3.04672595451157,0.385610643044503,0.595550100196373
0.5,0.403419695245395,0.0546116093208205,4.32202703662145,0.303629635502564,0.506740137041431
0.5,0.559242409716617,0.0497641148430749,2.89806128931948,0.462612573970987,0.64741707199341
0.5,0.533704670597537,0.0374705670662939,2.61467311595312,0.431209583752207,0.630002264286639
0.5,0.417323029608158,0.0400740831503463,2.28104745916016,0.30829458636624,0.527969219259427
0.5,0.505724586992892,0.0276204478309004,1.78842540543103,0.40054005904925,0.605568587638145
0.5,0.461899268846758,0.0335637939039574,1.95151973018629,0.342637196482839,0.575143076288147
0.55,0.496900877627117,0.0141178360754707,0.480421749795343,0.380640548958798,0.605884776332645
0.55,0.553301560044377,0.0359991912397452,1.5233600318045,0.442334666628482,0.654198389437558
0.55,0.565043315893649,0.0560565624060376,3.45968927288145,0.462011149804435,0.65910079593824
0.55,0.582752553854332,0.0118668730814156,0.2068951452732,0.4876875123805,0.667551532255215
0.55,0.541827856378336,0.0314305098541782,1.00488894569245,0.435541318682386,0.638037181683688
0.55,0.547641702917471,0.0728457067263179,5.57433501940251,0.455331793704982,0.634752410435061
0.55,0.41630677083166,0.0411543871812627,1.39165898365889,0.306344522844436,0.528502193566313
0.55,0.5566876035445,0.0563133807143769,3.74308716735837,0.463428320423663,0.642589096099348
0.55,0.580570663167863,0.0374802643410596,2.09727226884194,0.485027944581101,0.66678511243905
0.55,0.502727898310826,0.0598956907324823,2.57480982100421,0.401604392034894,0.598310345025509
0.55,0.622746647871675,0.0464037646538925,2.57548715870356,0.532559924025514,0.702567731347304
0.55,0.486840330125261,0.0326469440595766,1.00987265222104,0.3757888198797,0.592614972990982
0.55,0.495230258252956,0.0500466252722663,1.77168576777727,0.397953188667433,0.589120199179353
0.55,0.577062692713587,0.0732385734857146,5.01125480081948,0.478859758524553,0.665513685879083
0.55,0.571408684660806,0.0150661337665728,0.0540631915050312,0.476699166707051,0.65854991731259
0.55,0.57923891887506,0.047615073739804,2.8480705978809,0.488305363000907,0.662948935063979
0.55,0.547946778320221,0.0476446065182525,3.82479704460924,0.45204027632098,0.637849191391255
0.55,0.586921320095898,0.0371610965794744,2.25396734073291,0.497989801279623,0.668828045208379
0.55,0.541932077882671,0.0513268453633976,3.91321734292546,0.440256472936241,0.636266326691753
0.55,0.520742774782239,0.0657604638480704,4.14567906941196,0.421276452844029,0.615074556651376
0.55,0.624607490601975,0.0124186385147836,-0.351265309027534,0.533855974609353,0.705008361920811
0.55,0.497947646416258,0.0180550005424469,0.430694235225622,0.404034247803391,0.590168563105201
0.55,0.529855344463956,0.0332695125350231,0.238418561211432,0.439185999955032,0.615391387693409
0.55,0.440935486891806,0.0586310769326956,2.21615104540161,0.341337830272819,0.540185587378004
0.55,0.541972492810017,0.00201438024835706,-0.7923378849167,0.447533727080888,0.629524948083826
0.6,0.583155555970925,0.07610103337761,4.49314634453341,0.487476711558689,0.670296453486749
0.6,0.638152098598699,0.0858816686193025,4.9359900264888,0.54892937317604,0.715492395887528
0.6,0.506375056304072,0.0601397955834059,2.84382235424427,0.40752084960251,0.599770172173195
0.6,0.610427383383154,0.0670321552786702,3.80682847601191,0.522588244129307,0.689896743015589
0.6,0.634933168872875,0.0500708405291265,2.07326699202088,0.546822796452775,0.71130291876927
0.6,0.58006917817382,0.0724450115839807,2.47144479438745,0.48912271257345,0.663804687141402
0.6,0.545354078924178,0.0535267232821736,3.24820026774643,0.454943221462456,0.630407088241859
0.6,0.572659514659517,0.0766920491825663,4.8283809886424,0.47649135768983,0.660363400416534
0.6,0.576995659641378,0.0519039235500956,2.62781338783205,0.485543562820851,0.659601951264879
0.6,0.606712382280698,0.0276496115523813,0.711153676715447,0.517403338792045,0.686753611769072
0.6,0.557612076047425,0.0362799798583367,2.64946968218218,0.455808643706301,0.652148114069008
0.6,0.609834132884698,0.0365068308608984,2.00575184863257,0.52722050908974,0.684405486988037
0.6,0.638881426371061,0.0958478727692934,4.28083882490531,0.5516920510303,0.716708843622513
0.6,0.606475684754587,0.0230490775209581,0.795422347843713,0.514311189561185,0.689642250491524
0.6,0.608760949969405,0.0623844621504046,2.60115149612294,0.5237671050554,0.685774199447428
0.6,0.636140813201445,0.00510986388657746,-1.62388926144759,0.549368132451887,0.711713292105528
0.6,0.651735115838065,0.0634440416298687,3.95452777934989,0.563229354431286,0.728537028616362
0.6,0.613948530293994,0.0691101769017043,4.03044772751217,0.526900707900882,0.692757445003618
0.6,0.613058067380923,0.0636936192040814,2.43734977143583,0.525801439771269,0.69203630425856
0.6,0.650217884839976,0.059606418431683,3.39603790516521,0.56386024254735,0.724892535062457
0.6,0.546017852720957,0.0328527363611806,1.63077231599893,0.450117433407844,0.634664532609725
0.6,0.589055185487304,0.0535246972407363,3.72949792930308,0.495988196792789,0.673624925165671
0.6,0.616059359760006,0.0583758675275447,3.02510927423104,0.530394183372088,0.693964028342699
0.6,0.600429439930172,0.0352633959372689,1.02024700674663,0.509922490268731,0.682090816747854
0.6,0.56288692731772,0.0688985134250595,4.50511785991381,0.461339561202797,0.653085153999956
0.65,0.688051647582076,0.0940548917710496,4.50686191192127,0.603458007316243,0.759035988285156
0.65,0.639681483858755,0.0361409513537703,2.07523895742301,0.560434773922605,0.710603130846074
0.65,0.633958949401955,0.00691316189456712,-0.846288010766474,0.544666094435818,0.713581273175815
0.65,0.687597566871664,0.0880968997607077,6.25225188014383,0.607816860943579,0.756902265588106
0.65,0.650842014566995,0.0697199874529347,3.84046668920877,0.573986215992656,0.718896279529053
0.65,0.631172324397583,0.0485804858710579,3.17716928147036,0.545754357209544,0.707127259112045
0.65,0.676308133947821,0.00988925372945379,-0.010367965424833,0.599549279160775,0.743075013914082
0.65,0.670291642119373,0.0480786232315393,2.58010441448188,0.590782059690897,0.739319713715922
0.65,0.66348682011159,0.0795081970136306,2.98345781224312,0.571959443412915,0.742205936675251
0.65,0.563067875253833,0.027021028194602,1.3406514864481,0.470615187994035,0.649086553631755
0.65,0.704567124201088,0.103871553114248,3.32149180606662,0.631720497805635,0.767562285540053
0.65,0.680898141352892,0.0821547971308309,6.28736190826953,0.596338517190765,0.753445879319568
0.65,0.671246086698872,0.138172866383968,4.96499041990919,0.593397699039327,0.740125041011566
0.65,0.542712297122761,0.0682401507836427,3.78679765710209,0.446937501896153,0.630089802170326
0.65,0.700569383208516,0.0636849195540734,3.73331372302912,0.624776910096315,0.765681843800181
0.65,0.58356912442124,0.045131375870969,2.52028311799623,0.492422690554844,0.666067772711252
0.65,0.625636456073318,0.071512403087577,4.10337713499139,0.544856331593738,0.698443903931636
0.65,0.552984702324277,0.0321821558394071,1.53145890529208,0.45115484326836,0.646685587506439
0.65,0.647044744040962,0.0949350084893883,5.4220570440745,0.567182489250114,0.718283643307529
0.65,0.572783402259708,0.040688563005691,2.01597692816342,0.464854081817534,0.669722909444389
0.65,0.667315394588629,0.0818567194449531,5.33264739294113,0.590705320908606,0.734680120429801
0.65,0.689034041103802,0.0504011974351593,3.15062071522732,0.608764217432725,0.757482373034534
0.65,0.643616830834505,0.0677921735444193,2.79732740063706,0.554897626676543,0.720743729878113
0.65,0.6387811979371,0.071825367855298,4.18635732227176,0.542425088435042,0.721872483378525
0.65,0.642648210580694,0.0261033580402421,1.3016095673741,0.559087878644174,0.715552119950763
0.7,0.706898440280892,0.123836161787623,3.82407342597162,0.637086493233138,0.767481260312309
0.7,0.688877883199991,0.0558072680824087,3.60184371070363,0.605661355615862,0.759235761346693
0.7,0.731995761145144,0.0200398972370954,1.3799257595681,0.66282681601342,0.790351441057514
0.7,0.673412961091645,0.0628436200024295,3.05095697053645,0.598599397977406,0.739629501727699
0.7,0.698229662288134,0.119677467041832,7.02188456412467,0.624652297931608,0.762349005110306
0.7,0.705833711168708,0.0370870360039295,1.5914950452834,0.628198431812609,0.771761368651426
0.7,0.683477402231322,0.0865169598047064,5.34461554911895,0.603402128199682,0.752331639016422
0.7,0.70166203940701,0.0701775299857161,4.7393550891324,0.620981591691716,0.768550235485025
0.7,0.630217709190564,0.0275767954896926,1.62115908538946,0.542309682668622,0.708612265115183
0.7,0.746732843411607,0.0434578480452585,1.38893842741161,0.678746012261646,0.804126349907086
0.7,0.668472655260644,0.0124871533898142,-0.0546997664110532,0.588433854942738,0.73751947689908
0.7,0.708505278847303,0.0481979732595761,1.55923269259879,0.629087470610577,0.775198960071079
0.7,0.656398999163505,0.0692231989803312,3.50883677527619,0.568382446128923,0.732481237872013
0.7,0.724725288626236,0.131663501458849,5.14523244066207,0.652904758940623,0.785643653492696
0.7,0.74683977871409,0.0467521873612395,2.51346166561977,0.680346978871544,0.801881692118371
0.7,0.708764326137858,0.0878976932115236,5.51106075066192,0.632208177245957,0.773789159680076
0.7,0.716753535734095,0.12385396991753,8.76943996788013,0.638096296256133,0.783109333925292
0.7,0.694776327785236,0.0534705741340042,3.08673039753016,0.619646276035555,0.759961141673284
0.7,0.722314987231012,0.0484445645137387,2.18906419833634,0.652377167114837,0.781069065514281
0.7,0.696249353599907,0.111097887943254,7.63310451802282,0.617323570423905,0.763587398582549
0.7,0.774713708740816,0.0957289807967181,4.93927363301814,0.711886984730085,0.826468479204711
0.7,0.676543548518452,0.0470626163463289,2.52096215209718,0.598906381355397,0.744346894432648
0.7,0.750371100041299,0.107060151955402,5.38871847949829,0.6815604480659,0.807594353043442
0.7,0.714294351292204,0.147572528874395,5.77793647805588,0.640541097992887,0.777100368958273
0.7,0.736304059394148,0.0879783403165009,3.16557210788924,0.667340543921112,0.794307405483359
0.75,0.711042602829042,0.0459637628327655,1.73710102579398,0.634082400131472,0.776363466420831
0.75,0.749210206475685,0.138368177721843,5.87676948603188,0.680637280358103,0.806566779685846
0.75,0.779103923230261,0.110893961151661,6.23749519665433,0.710668929329067,0.834199499626936
0.75,0.675394410435264,0.0524942983201828,2.15558022778432,0.597221261370901,0.743333320554955
0.75,0.779417824345302,0.135400485679958,3.36967618734833,0.723247454948779,0.826915558297666
0.75,0.717124044107702,0.0553705312280141,2.22076587975576,0.647795541092694,0.776454788556959
0.75,0.738598006531087,0.101665335952767,5.17812758138153,0.672460723565003,0.794641644520593
0.75,0.766232501226583,0.0200156147154463,1.5079402792513,0.70475204596528,0.817767667743213
0.75,0.741241996112823,0.113077586398699,6.10736056610724,0.675850034052072,0.796466677911541
0.75,0.687839182011646,0.0573319638815075,3.6083533282491,0.608848488612733,0.75602692125517
0.75,0.755493120404132,0.0302194370418232,1.01233950443242,0.691207836347845,0.809666143131322
0.75,0.675495015087934,0.0847726023205244,6.98153145928585,0.588546432374551,0.749742577111808
0.75,0.745536060192001,0.00336330499010662,0.342539482198219,0.681985646847603,0.799250926375831
0.75,0.730575502532087,0.0760240334103884,4.13397564209839,0.658216531252947,0.791466861378432
0.75,0.754074357282057,0.0480685967285087,1.88749113559977,0.688215554726232,0.808842867311407
0.75,0.77017993141754,0.0843988716488561,4.4571113134394,0.709991334798745,0.82028080647333
0.75,0.746612444631951,0.122267836041533,7.22152999997633,0.682078545467123,0.801307477818868
0.75,0.709863485233573,0.0592757299941945,4.14535320021965,0.638237498328063,0.770920899904384
0.75,0.792916156350189,0.105274172597435,5.72553046829665,0.732984981979202,0.841770599115452
0.75,0.799050542561398,0.0130538410810627,0.74509284965821,0.742993798445928,0.84453318707383
0.75,0.755523447432055,0.0840842154476039,3.96598707959934,0.688975590493122,0.810762025185853
0.75,0.709169958743209,0.0549021199710889,2.22492808259956,0.631776066097858,0.77390363570502
0.75,0.709832887315543,0.068317939283309,4.69188648209495,0.633729712709074,0.775089645290237
0.75,0.774656577903542,0.105551525047917,4.37631668281057,0.709178159649252,0.828402264056991
0.75,0.745454422310559,0.135047575290701,3.32653863784232,0.679268386219664,0.80100967806598
0.8,0.799505873216931,0.00602182072524733,0.161184286048487,0.742287930380892,0.846138271413645
0.8,0.788397556978145,0.109710797765408,6.24223611564944,0.72889493279156,0.837526589998934
0.8,0.768345056852112,0.112594653580171,4.34479482952446,0.708860195306389,0.818094025142905
0.8,0.789966726158161,0.195629018284697,6.13370704537519,0.72911471524967,0.840345023784935
0.8,0.829390146719678,0.130747713633122,2.87792774647666,0.782269163207823,0.868295909755805
0.8,0.81490410364856,0.110814074447023,5.59368615465963,0.760683908486736,0.858860182284886
0.8,0.781736599091919,0.145196113222297,7.73771047372678,0.720166515368507,0.832409172851487
0.8,0.81141863326142,0.0836976622437745,3.14207648982351,0.760860807223242,0.852772974982074
0.8,0.775535163202355,0.0953721395679909,7.15976966698422,0.713371363122837,0.826645606770221
0.8,0.81095946641354,0.169952618535597,8.31440123531974,0.762045326140504,0.851778524931769
0.8,0.787677513108776,0.10322185075008,5.44740651812557,0.728017701985786,0.836772120899918
0.8,0.787806459674052,0.0419429578093529,1.84978756517438,0.73169158015326,0.834327674817007
0.8,0.81322358971536,0.0692401985330736,3.44973198940398,0.759375310688151,0.856534865311317
0.8,0.752173297359468,0.0825769241883691,3.20571621783864,0.690095695699549,0.804950140582527
0.8,0.7987848279628,0.0761681333388951,3.19058112354711,0.740043183956159,0.846624299798501
0.8,0.767402725454442,0.108541668322861,6.25746804734459,0.705515910223565,0.819095123656853
0.8,0.78742136042812,0.089896837449066,5.13473646169311,0.725570568000677,0.837407651875276
0.8,0.793573952872847,0.0650135048035081,3.84683061130712,0.737496896992742,0.839689565508139
0.8,0.81346443800837,0.143167441477464,3.48777198154254,0.758676291089507,0.857826270978169
0.8,0.809068983944963,0.206644552792134,13.051044317574,0.751644577586138,0.855308591470725
0.8,0.79032650484923,0.0791518881917464,4.94771055962737,0.733098454674849,0.837268861034955
0.8,0.824302253768075,0.227885925228343,7.94734852991252,0.773956812843184,0.865386189533469
0.8,0.753484395907729,0.0886069779579531,4.0481163108394,0.683030693206984,0.810696924905521
0.8,0.777530644775481,0.0907378296921172,5.10639259477753,0.717298000652841,0.827902966878197
0.8,0.804595146220467,0.140759689839424,9.00672807696938,0.7535113251675,0.847095968185797
0.85,0.864997019522591,0.0717511009362774,3.86424737778885,0.823117070931942,0.898056197336591
0.85,0.877683912284899,0.140167378338899,5.08284322697317,0.838125488666994,0.908573407155734
0.85,0.816196867054181,0.140256465621186,5.1570341399179,0.760006153798375,0.860858252270612
0.85,0.848307019963969,0.151695409097412,4.72504015638165,0.804843771603781,0.883778119447312
0.85,0.816549433225487,0.107548326185926,5.99035594703593,0.766435692020513,0.857533829940454
0.85,0.850586525994337,0.13090393931858,8.01193058816846,0.807324915287701,0.885302392148866
0.85,0.813341328503448,0.0454578825935736,2.84091973439191,0.754348695968692,0.859981773467335
0.85,0.836497578010799,0.0732540200850406,4.39356112833956,0.78808217305164,0.875268170402646
0.85,0.851124142275352,0.342427946476628,9.42905517424473,0.807066713842549,0.886898430168536
0.85,0.885314210543339,0.130411326589997,7.79516566636028,0.847981255237856,0.914246495644268
0.85,0.850090475068237,0.126038069200004,3.59922702521729,0.808804737089412,0.883946378543545
0.85,0.812875045626907,0.0975833717036357,5.8885085657878,0.757729689468925,0.856810061466268
0.85,0.84819479868998,0.0849339737356076,3.96507020913332,0.800673548202638,0.88594241843454
0.85,0.842655068116382,0.116478641458091,7.0491672981451,0.797251705695468,0.879007772134826
0.85,0.864914389272645,0.106950433511882,5.37088193527371,0.825433668180872,0.896475210008687
0.85,0.835165558982157,0.09477487210942,4.05308403934598,0.781880644083339,0.876921160047919
0.85,0.843596314845519,0.0689369732311501,4.90254954574833,0.796072502628778,0.880945227789825
0.85,0.83542929278433,0.125939736850419,8.31082261849028,0.788007927571662,0.873889082373569
0.85,0.876646328134386,0.251542582506203,10.0381079070445,0.840518913049077,0.905311689524182
0.85,0.824021373430216,0.0824622708568157,5.11291336364783,0.771510835552817,0.866105631097114
0.85,0.828757439782295,0.139580683247414,8.29008496561447,0.783649956031734,0.865884868725951
0.85,0.821040709121684,0.0527631363755829,2.81416408187567,0.771705907044645,0.861513544498689
0.85,0.845491636709341,0.0537734226614134,2.51213249357546,0.800245724397465,0.881740778591952
0.85,0.853361222065266,0.22186271757941,7.07109957703015,0.808300388505022,0.889207644033507
0.85,0.78255842377416,0.0668289496742918,5.73939011776197,0.723753814199857,0.83082598689415
0.9,0.910480119299173,0.147477585725853,4.10435448898541,0.882719957840997,0.93221397997113
0.9,0.891504949731281,0.12169556534528,5.68968600679841,0.858085559978306,0.918178347845859
0.9,0.879091700098023,0.229892475563331,12.097941152284,0.840693054269424,0.90927493198587
0.9,0.92255088852938,0.18856221955391,8.41814003448538,0.89810051379829,0.941764510715521
0.9,0.881593007562843,0.10877060595782,5.30688342566072,0.847373193404141,0.908909066448478
0.9,0.852273502570178,0.117095945142051,4.30557226007416,0.806892996742503,0.888387339254835
0.9,0.907250919836734,0.0695100167461784,3.18830070977778,0.874991486240471,0.932099531611474
0.9,0.883596058085715,0.284976763340311,7.25756439436707,0.844049063177655,0.914096449795891
0.9,0.910285333317471,0.148786269738132,6.26241829608588,0.883287225800372,0.931520834741905
0.9,0.917813551829681,0.176004593917888,7.94079034484243,0.893061366433974,0.93732135372741
0.9,0.867121693402941,0.245808275481302,8.87811639387848,0.826344574796231,0.899897981265666
0.9,0.904786293804829,0.201101517708149,6.25032394035627,0.872106912964576,0.929850306297693
0.9,0.885841662191811,0.15238382897798,10.791739203143,0.849781763027116,0.914380171565565
0.9,0.898911038872889,0.27971275432317,10.7143925529041,0.86729190202509,0.923900738636378
0.9,0.907326542534539,0.142716238312271,5.60005120528029,0.876075560182438,0.931363517017054
0.9,0.883367453979792,0.140929374600404,7.8717812290947,0.848393092656318,0.910958738366863
0.9,0.910259289973856,0.236243636903491,6.93939770364518,0.883357957322,0.931690588711864
0.9,0.8809152066989,0.0129674773255148,0.805029613585701,0.844347787764411,0.910075545971422
0.9,0.894556943649051,0.203291209189884,11.4699383857112,0.858573167148636,0.922094742598549
0.9,0.918063969090397,0.315232704776971,7.71057533328532,0.892516963016482,0.93815786072881
0.9,0.890976175354054,0.281901770445685,6.13769000080385,0.856491060375728,0.918035337695541
0.9,0.898679165803349,0.140697927734473,4.25518990444728,0.867210955291748,0.923655188632237
0.9,0.892354216350022,0.194411170814466,6.32130619221969,0.858775197290182,0.918913520997381
0.9,0.902942680046226,0.199930377290414,6.17879949515564,0.872026329282348,0.927211555247042
0.9,0.91728003406823,0.0907705638178127,3.55340205080312,0.890731739576224,0.937966543532748
0.95,0.948710463617872,0.0849403897010434,2.97674351248144,0.930667435563523,0.962655125446773
0.95,0.947755217262703,0.233849657502251,7.81904651334316,0.927927173974447,0.962750140346219
0.95,0.951038588214359,0.0724518640744309,3.02429514208777,0.934447117476778,0.963749594022325
0.95,0.958915433319749,0.151061942579445,5.37560903050344,0.943401402625034,0.970534690574786
0.95,0.953155003884963,0.337112850398541,14.3819626396754,0.935177209785943,0.966461270489141
0.95,0.95518236564444,0.363696435399502,13.6958906512327,0.938875512751421,0.967554457690382
0.95,0.945308922338679,0.176920812402449,5.63999919229015,0.92565431506844,0.960324810624305
0.95,0.951017602166826,0.344125715447162,10.5588144344767,0.932689755158845,0.964888496214181
0.95,0.934300679818706,0.391356463256782,7.892954311169,0.910084760353663,0.952648042445198
0.95,0.94118078680081,0.168778494794422,4.36750249806538,0.918830344286687,0.957829773354234
0.95,0.948123379602029,0.280837967011061,10.3914567832034,0.929967375741156,0.962001271594198
0.95,0.945117861066922,0.0329696617985759,1.82845897490577,0.925405005718917,0.96013977994951
0.95,0.956091009794178,0.0230246993901498,1.42625700769118,0.939734605348071,0.968333660390521
0.95,0.959881929573884,0.530846637286166,14.1470922575125,0.944422673831349,0.971638207282181
0.95,0.948705918632467,0.291123335764028,6.6239625818153,0.92956266810653,0.963151303752042
0.95,0.94929229876014,0.340989526435828,13.6407531910397,0.931039979611855,0.963165870574009
0.95,0.952352334939561,0.395568052811214,13.6144031858417,0.935170381121143,0.965500083473246
0.95,0.944422029764911,0.345943552025094,11.413374974801,0.925065231387913,0.959272981807749
0.95,0.956645858781711,0.246673018671179,6.82847386839103,0.940799193467816,0.968680743929598
0.95,0.951883620549425,0.220292752639631,8.56103606160191,0.932117405039099,0.96622672804334
0.95,0.948646367599999,0.343991494507558,11.613555080948,0.929526428293481,0.963068134356435
0.95,0.961968965355179,0.473733947219707,9.10134726306566,0.948591418219836,0.972252633158932
0.95,0.952495159798801,0.109147120960821,2.72776575333727,0.934942816141746,0.965820809955668
0.95,0.942603052285343,0.152342843387001,3.95697793534574,0.922738135048331,0.95794335832385
0.95,0.955733266563236,0.135230134784615,4.33583261941614,0.939952203127571,0.967619844255174
1,1,0.895152079676626,9.75335686029832,0.999786890180118,1
1,1,1.15113041329655,13.6575674840066,0.999308396319889,1
1,1,1.11485827320918,13.852939445451,0.99958648637185,1
1,1,0.723870955403957,11.6318837768202,0.998876479435845,1
1,1,0.955056107906404,8.4922407823306,0.999822394915264,1
1,1,0.860647338541552,11.4277798737571,0.999339063022636,1
1,1,1.45598970609114,10.8309926107839,0.998764006898302,1
1,1,0.792856662497898,10.1946297893793,0.999828987242189,1
1,1,1.12048383757191,12.4296298740894,0.999421459700703,1
1,1,1.09217117078689,5.37913865886786,0.999769425923237,1
1,0.998742391393331,0.894646285158459,11.7428700678271,0.996537921262905,0.999936607389649
1,1,0.66761039644323,15.5076271905271,0.998686915276556,1
1,1,0.726408350082734,14.0385757361204,0.998594384228059,1
1,1,1.00882210962998,6.38919799214804,0.999936163147515,1
1,0.998932560976369,1.30866970637363,19.2799351611126,0.996926189290823,1
1,1,1.14890175162623,5.0814854074621,0.999020050643306,1
1,1,0.767336640644768,13.7913226480903,0.998217205054295,1
1,1,1.69456425664999,6.62260458835506,0.999676400308848,1
1,1,1.12377315333416,10.1272168610847,0.998926484914437,1
1,1,0.932244008238377,8.05245126912473,0.999044188694851,1
1,1,1.52732329833373,15.5077028101257,0.998246017851808,1
1,1,1.07593363864453,5.2624722288689,0.99942529361059,1
1,1,0.740121621506449,4.31212567054774,0.999886567857563,1
1,1,0.900052121590041,14.5885161270376,0.998400039838682,1
1,1,0.92552928953569,11.8633552262657,0.999658811848173,1
