"Rsq","F","P","lambda.input","lambda.est","slope","beta"
0.000382935318820189,0.391509818771506,0.531646542976033,0,1e-06,0.0910542253002114,0
0.00768978562646119,7.91986295858581,0.00498333262100914,0,0.0113156518482958,0.395635662789109,0.25
0.00349244294821561,3.58178587590066,0.0586987047724272,0,1e-06,0.275326838612166,0.5
0.0185542591254431,19.320938526164,1.22031716398574e-05,0,1e-06,0.617859070081194,0.75
0.0337312415729911,35.6767499590032,3.21173065920277e-09,0,1e-06,0.87219817408804,1
0.00185779592446477,1.90220133669382,0.168133858887916,0,0.00219742090876034,-0.211883313203501,0
0.0104980070790193,10.8427909307046,0.00102580176121814,0,0.00906201088261568,0.504912871362903,0.25
0.00764621355711815,7.87464144555318,0.00510849576740524,0,1e-06,0.469686663859308,0.5
0.0263564064066325,27.6654080865118,1.75635349375369e-07,0,0.00414702353083109,0.820114263533854,0.75
0.0621445642542476,67.7201861258484,4.44089209850063e-16,0,1e-06,1.29103228405533,1
4.34326796508078e-05,0.0443901265852732,0.833171454389785,0,1e-06,0.032289008456981,0
0.0048360508420126,4.9664620233869,0.0260603340395176,0,1e-06,0.339829141401798,0.25
0.0135501609094418,14.0384882238074,0.000189127777189046,0,0.00113056879903122,0.57273261230487,0.5
0.0160830349984526,16.7055375129066,4.70756611918866e-05,0,1e-06,0.630266111955186,0.75
0.0540802177234848,58.4298833251853,4.84057238736568e-14,0,1e-06,1.18773138926298,1
0.00018928812898369,0.193489093009725,0.660121406307138,0,1e-06,0.060067103685488,0
0.00598947483259679,6.1581272269557,0.0132408168023148,0,0.0129601607629769,0.341032299492138,0.25
0.00481624590261855,4.94602458310881,0.0263686336895663,0,1e-06,0.310207033693968,0.5
0.0220048185344644,22.9949236646777,1.86536720603314e-06,0,1e-06,0.668470410938669,0.75
0.0592802860176316,64.4022352349203,2.66453525910038e-15,0,1e-06,1.07705766059724,1
0.000948751125173632,0.970544455071232,0.324777597807252,0,1e-06,-0.134265140508586,0
0.00516558901948044,5.30664391946972,0.0214441986020049,0,1e-06,0.31469725200253,0.25
0.00563658027657849,5.79323909991128,0.0162644440153343,0,1e-06,0.331497238485502,0.5
0.0188726781209685,19.6588929994225,1.02583586945038e-05,0,1e-06,0.607766370088871,0.75
0.060649074176491,65.9853012376969,1.33226762955019e-15,0,0.0121788204969181,1.08902159025424,1
0.000786794445224483,0.804737085688307,0.369892086039554,0,1e-06,0.137021330024914,0
0.00207321163833024,2.12322418746975,0.145388018370836,0,1e-06,0.215738859980678,0.25
0.0220816497358828,23.0770248088475,1.78907409775775e-06,0,1e-06,0.76022188170309,0.5
0.0209135951609521,21.8302431213991,3.37640231151681e-06,0,1e-06,0.728148278236551,0.75
0.0270609713465433,28.4255353127764,1.19837210377227e-07,0,0.00715235837042834,0.829612596744251,1
0.000724938790248781,0.74142493132703,0.389406767945383,0,1e-06,-0.136985402058816,0
0.0010915510208125,1.11678417017135,0.290861692311501,0,1e-06,0.165342329422579,0.25
0.0149287696487567,15.4884257208376,8.86274981093393e-05,0,0.00646874828945014,0.633425248225402,0.5
0.01814055168036,18.8821769236491,1.52924099063867e-05,0,1e-06,0.691108971508005,0.75
0.0374052359431157,39.7136495660443,4.36481517596121e-10,0,1e-06,1.00538771886417,1
0.00175328342647302,1.79500281053361,0.180615627604598,0,1e-06,0.19868048354136,0
0.000370071804293037,0.37835340191359,0.538622720241138,0,0.00525276905041637,0.089041463216339,0.25
0.0178595511767494,18.5843698062808,1.78268134283233e-05,0,1e-06,0.635952466229697,0.5
0.021026601708895,21.9507363366586,3.1751044997641e-06,0,1e-06,0.668260160295964,0.75
0.0477953103485959,51.2986416756124,1.51545442861334e-12,0,1e-06,1.01026470057897,1
0.00170189796289859,1.74230494331614,0.187142609699057,0,1e-06,0.167200471372657,0
0.00175364697525249,1.79537566381033,0.180570397544979,0,0.00240980681297508,0.163795242892093,0.25
0.0130847749012583,13.5499378355908,0.00024444228968834,0,1e-06,0.467939911617589,0.5
0.0419946896338454,44.7999320477527,3.59192675603026e-11,0,1e-06,0.838747175883173,0.75
0.0337318753454263,35.6774436860882,3.21062576524866e-09,0,1e-06,0.773091033304784,1
0.000426823610647757,0.436399995903946,0.509014031439066,0,1e-06,0.0904278857927893,0
0.000972238663262854,0.99459489746824,0.318857991329933,0,1e-06,0.139153347457086,0.25
0.0125201252624735,12.9578013138233,0.000333882229169191,0,1e-06,0.489945544716651,0.5
0.0234226446039071,24.5120805360923,8.6341369298637e-07,0,0.0178945081076927,0.684277958919985,0.75
0.0438479022848457,46.8676021756346,1.30802035869237e-11,0,1e-06,0.944229860752389,1
0.000450069641025055,0.460178285403325,0.497694228290724,0.05,1e-06,0.0985589887660043,0
0.00792546918742887,8.16453729833992,0.00435838521446952,0.05,1e-06,0.448168147800308,0.25
0.0109910127654764,11.3576470904741,0.000779474415554926,0.05,1e-06,0.491929017295085,0.5
0.0281876949459062,29.6434034482745,6.50312610428472e-08,0.05,1e-06,0.82839871442835,0.75
0.038731673163432,41.1786895166862,2.12191597626088e-10,0.05,1e-06,0.994764155975123,1
0.0013032345782861,1.33364378971026,0.248427960323077,0.05,1e-06,-0.118353209124899,0
0.00649616724038306,6.68249351512853,0.00987401775261443,0.05,1e-06,0.275650743333639,0.25
0.0297007787039066,31.2833352528578,2.8617603842207e-08,0.05,1e-06,0.581092464904813,0.5
0.0258074654228609,27.0739394175427,2.36578717283109e-07,0.05,1e-06,0.545116348577044,0.75
0.099057053011112,112.367057776196,0,0.05,1e-06,1.10179518810171,1
0.000627697780094362,0.641910056774095,0.423206207770904,0.05,1e-06,-0.114378042509293,0
0.00287858301892892,2.95040483058965,0.0861589712559958,0.05,1e-06,0.263737080002335,0.25
0.00475962310225547,4.88759793454891,0.0272711237839469,0.05,1e-06,0.34027413419324,0.5
0.0164888939926027,17.1341732264214,3.76995469357766e-05,0.05,1e-06,0.620848929946158,0.75
0.0312705800648405,32.9901540808022,1.22107652877901e-08,0.05,1e-06,0.846501641180698,1
8.23641336311938e-05,0.0841830782373855,0.771765543677158,0.05,1e-06,0.0483912228210327,0
0.00402843994071363,4.13371805432301,0.0422949088142057,0.05,1e-06,0.345017743112293,0.25
0.00178282348727584,1.82529979133522,0.176982736805537,0.05,1e-06,0.221675698306067,0.5
0.018326606121445,19.0794530776841,1.3816397294919e-05,0.05,1e-06,0.721281275932454,0.75
0.0241614394363158,25.3043813821531,5.780826182189e-07,0.05,1e-06,0.829512789664876,1
0.00144300787390824,1.47688520411261,0.224543165396773,0.05,1e-06,-0.181637967999468,0
0.00514872246678599,5.28922712357838,0.0216585555347417,0.05,1e-06,0.349452327401379,0.25
0.0177723822387543,18.4920219301164,1.86955563412639e-05,0.05,1e-06,0.641803616563013,0.5
0.0245466323792484,25.71794728925,4.68997934710558e-07,0.05,1e-06,0.767831024194279,0.75
0.0321403790091394,33.9382557500564,7.6165280749052e-09,0.05,0.00961333318214179,0.90355778244081,1
2.41303362723453e-05,0.0246617987678343,0.875243746559295,0.05,1e-06,-0.0256971136645974,0
0.000483202586569518,0.494071780236208,0.482276653864705,0.05,1e-06,0.115749895741642,0.25
0.0121576329120201,12.5780197833709,0.000408012006484881,0.05,1e-06,0.570031740942239,0.5
0.00697254920366105,7.17598016089795,0.00750723741099169,0.05,1e-06,0.40983211680306,0.75
0.0395380408013184,42.0712942474681,1.36839872766359e-10,0.05,1e-06,1.02712947375301,1
2.41119206385825e-05,0.024642977082139,0.875290971827535,0.05,1e-06,0.02219551320565,0
0.0105245443462324,10.8704912894911,0.00101073238997884,0.05,1e-06,0.4540787748224,0.25
0.0181344528265425,18.875711488278,1.53433819352067e-05,0.05,1e-06,0.626451440427668,0.5
0.0251244637702229,26.3389540704565,3.42732262126333e-07,0.05,1e-06,0.723890697283035,0.75
0.0665861002477877,72.9054864849389,0,0.05,1e-06,1.22661032197085,1
0.000425444887329358,0.434989739011107,0.509699249339682,0.05,1e-06,0.111667188542244,0
0.00389520690653306,3.99646853029775,0.0458601316322076,0.05,0.0090860408111469,0.316787460373991,0.25
0.0107321472331543,11.0872444117202,0.000900297566894359,0.05,1e-06,0.537136623935338,0.5
0.0109618954236458,11.3272249786217,0.000792204658774054,0.05,1e-06,0.573862573889358,0.75
0.0275977537982069,29.0053879368706,8.95605065664995e-08,0.05,1e-06,0.89206783331139,1
2.34245249827806e-09,2.39398645884797e-06,0.998765774772734,0.05,1e-06,-0.00021293028485421,0
0.0015303889007262,1.56645474149204,0.211009008282214,0.05,1e-06,0.181084824513395,0.25
0.00428780195238665,4.40100422986845,0.0361628638717044,0.05,0.00809925349433014,0.301746893531771,0.5
0.0373480243535451,39.6505506194913,4.50269377338941e-10,0.05,0.0113339915569118,0.875504553673074,0.75
0.0649982768383259,71.0461139089075,0,0.05,1e-06,1.20418304170277,1
0.000434758545954023,0.444516491308426,0.505101038956655,0.05,1e-06,-0.102759698578593,0
0.000168630108205521,0.172369037195436,0.678102037820647,0.05,1e-06,0.0604949817135342,0.25
0.00323925950944986,3.321281712027,0.0686805990469426,0.05,1e-06,0.265193155753862,0.5
0.0134263315221479,13.9084502800545,0.000202481910119179,0.05,1e-06,0.5577089268797,0.75
0.0468504142166793,50.2346368750677,2.53974619113251e-12,0.05,1e-06,1.06330267436733,1
0.000544335341734983,0.556613703763805,0.455799427112762,0.1,1e-06,0.127191085146,0
0.00615603802809186,6.33044130210021,0.0120205823856856,0.1,1e-06,0.43882739366827,0.25
0.00292986362216043,3.00311935199037,0.0834060132960945,0.1,1e-06,0.302906192658881,0.5
0.0156846865226666,16.2851775307003,5.8552613273033e-05,0.1,0.00700084437149698,0.687332806692585,0.75
0.0305143715279492,32.1672511543198,1.84049944174092e-08,0.1,1e-06,0.985202231548623,1
4.22462222702562e-05,0.0431774632449112,0.835432875651937,0.1,1e-06,0.0299869507886606,0
0.00306167557768275,3.13864194377812,0.0767553877889879,0.1,1e-06,0.250841307604425,0.25
0.017290310840848,17.981605223071,2.43259195507051e-05,0.1,1e-06,0.597890872312638,0.5
0.0222333153389422,23.2391312087665,1.6475184536624e-06,0.1,1e-06,0.668425875302262,0.75
0.0456711770872176,48.9097068667307,4.83657558447703e-12,0.1,1e-06,0.94980154043828,1
9.64781851185322e-05,0.098610218926096,0.753567929089344,0.1,1e-06,-0.0459712657537205,0
0.00139572132125996,1.42842086778858,0.232299587920225,0.1,0.00643657004656625,0.17573753338186,0.25
0.00965406819029671,9.9626376739427,0.00164423603025177,0.1,1e-06,0.448127045098984,0.5
0.0292184955722263,30.7600653067829,3.71760000561494e-08,0.1,1e-06,0.81133017101409,0.75
0.0452748058661159,48.4650995694597,6.00497429559255e-12,0.1,0.00264013671289133,0.988587990982347,1
0.00120494522580717,1.2329396455145,0.267097284954254,0.1,1e-06,-0.167950076222116,0
0.00157753539148147,1.61478855619121,0.204109159816165,0.1,1e-06,0.196167881240025,0.25
0.00257690157989878,2.64039745904031,0.10448580385521,0.1,1e-06,0.246072749246493,0.5
0.0166795303283111,17.3356301646252,3.39666477100486e-05,0.1,1e-06,0.636117855628083,0.75
0.0342239532849244,36.2163468188724,2.45787323827074e-09,0.1,0.0111976138710565,0.906262498647278,1
2.37585412568414e-06,0.00242812868532875,0.960708937089753,0.1,1e-06,-0.00828160585994979,0
0.00538219445462127,5.53036824994983,0.018878209705083,0.1,1e-06,0.400858030066014,0.25
0.00987941353623027,10.1975060129676,0.00144928231210883,0.1,1e-06,0.55595330853718,0.5
0.0260345351017317,27.3185198376093,2.09152261287926e-07,0.1,0.0157014677101876,0.888380634700934,0.75
0.0484738242072318,52.0639889896,1.0458300891969e-12,0.1,1e-06,1.16344230891923,1
0.000402817299297058,0.411845178244022,0.521178353636921,0.1,1e-06,-0.105426859065472,0
9.43718762754423e-05,0.0964571603967089,0.756186657866768,0.1,1e-06,0.0527427856204196,0.25
0.00324141519279482,3.32349916773184,0.0685883523273614,0.1,1e-06,0.296971028372182,0.5
0.0100825213655398,10.4092887114146,0.00129364319297709,0.1,1e-06,0.529053078642349,0.75
0.0414607124052108,44.2056456386356,4.80455675244684e-11,0.1,1e-06,1.08772170504489,1
0.000384507303890722,0.393117621172947,0.530805219091963,0.1,1e-06,-0.0921408006423652,0
0.000370588491025767,0.37888184708032,0.538339305520332,0.1,1e-06,0.0940234183024941,0.25
0.0113237089472965,11.7053788473219,0.000647861972324915,0.1,1e-06,0.50935295694528,0.5
0.0204248421803793,21.3094304624979,4.40498442011439e-06,0.1,0.0101877585984787,0.689788625933995,0.75
0.0368149652942047,39.0629974251726,6.01591665372325e-10,0.1,1e-06,0.921335385218997,1
5.25999588152195e-06,0.00537574406730709,0.941566248743875,0.1,1e-06,0.0112281114950489,0
0.00448647068492108,4.60583699263634,0.0320982332270328,0.1,1e-06,0.323824262775865,0.25
0.00716040268101202,7.37070878292449,0.00674118255045864,0.1,1e-06,0.396103124770093,0.5
0.0145739330383926,15.1148422642827,0.000107691808174604,0.1,1e-06,0.579404200635836,0.75
0.0320025595918555,33.7879156881716,8.20803514045565e-09,0.1,1e-06,0.883727904171382,1
7.28219184045845e-06,0.00744245425832821,0.931268954342967,0.1,1e-06,0.0132647118823227,0
0.00334687170304091,3.43198930840926,0.0642331899900848,0.1,1e-06,0.304479934886161,0.25
0.00938075353516196,9.67791626010551,0.00191667303197396,0.1,1e-06,0.480172445233085,0.5
0.0227122382316918,23.751353880447,1.27002018768252e-06,0.1,1e-06,0.777746548207213,0.75
0.0227383370390135,23.7792817774736,1.25213900936672e-06,0.1,1e-06,0.80562837264583,1
0.00204763948370997,2.0969814142921,0.147896964898962,0.1,1e-06,-0.222250928135498,0
0.00345359195422439,3.54180291928281,0.0601243537931215,0.1,1e-06,0.298779396084456,0.25
0.00612894496519749,6.30240887155376,0.0122109191831532,0.1,1e-06,0.401612889937063,0.5
0.0257653176399597,27.0285539047433,2.42052102583656e-07,0.1,0.0049605417590436,0.798159736298653,0.75
0.0307421755084859,32.4150113373139,1.62651443424977e-08,0.1,1e-06,0.922647360496871,1
0.00132231663213973,1.35319695288417,0.244991523566954,0.15,1e-06,0.205350119603428,0
0.00301887222801009,3.09462970870991,0.0788502287084949,0.15,1e-06,0.305486174694964,0.25
0.00560385561599495,5.75941537172251,0.0165786401209125,0.15,1e-06,0.441849081612611,0.5
0.0113629683316497,11.7464279234502,0.000633888170952002,0.15,1e-06,0.604506515732814,0.75
0.0133737103069218,13.8532006256654,0.00020844010764276,0.15,1e-06,0.666898567110553,1
8.09021305220087e-05,0.0826886670828299,0.773744641552964,0.15,1e-06,0.0459959322797943,0
0.00136308298052285,1.3949722690526,0.237841973046584,0.15,1e-06,0.189126436420652,0.25
0.0014388405376366,1.47261388602009,0.225214110263319,0.15,1e-06,0.19270524449117,0.5
0.0276244591135961,29.0342527418565,8.82723054651535e-08,0.15,1e-06,0.89197407103481,0.75
0.0333099749675865,35.2158329302425,4.03700828321973e-09,0.15,1e-06,0.971409480746459,1
0.000104999352617988,0.107320606969838,0.74328254643296,0.15,1e-06,-0.0550572843894798,0
0.00245568163887577,2.51588484715572,0.113013691855691,0.15,1e-06,0.26403760036908,0.25
0.0123181380993855,12.74614592329,0.000373336944531788,0.15,0.0130354130785683,0.599202004413732,0.5
0.0220178528928163,23.0088511564537,1.85219843196194e-06,0.15,1e-06,0.800563025213362,0.75
0.0392365907929726,41.7374302623729,1.61228808082114e-10,0.15,1e-06,1.09942363032632,1
0.00065767456164407,0.672585744534944,0.412342776186446,0.15,0.0138934221862607,-0.124165630076412,0
0.00154201132556854,1.57836943828081,0.209282814736351,0.15,1e-06,0.187983694062278,0.25
0.0091822973088098,9.47127592100404,0.00214274773358758,0.15,1e-06,0.448121513054047,0.5
0.0268976904773139,28.2492800590501,1.30937764630801e-07,0.15,1e-06,0.76251521853998,0.75
0.0433607008457123,46.3232446163294,1.70607972194148e-11,0.15,1e-06,0.985761988949369,1
0.000540710594227061,0.552905188993348,0.457303963666137,0.15,1e-06,-0.137996711377401,0
0.00744652128411301,7.66744051132575,0.00572436067452298,0.15,1e-06,0.507372619643938,0.25
0.00458624704937557,4.7087399290678,0.0302394339489225,0.15,1e-06,0.398948570796573,0.5
0.0178962455541202,18.6232491969551,1.74733251769865e-05,0.15,1e-06,0.803267685059738,0.75
0.0215452586100679,22.5041111949749,2.39476647512227e-06,0.15,0.00806731994049215,0.877062832370623,1
8.54176511222622e-05,0.0873042967749153,0.767692589293492,0.15,1e-06,-0.0487051126297917,0
0.0044818985039608,4.6011220330042,0.0321862113500209,0.15,1e-06,0.368660848878129,0.25
0.0174124381124456,18.1108660858013,2.2756047302952e-05,0.15,1e-06,0.683315854254115,0.5
0.0281264292510675,29.5771091629127,6.72289961478612e-08,0.15,1e-06,0.86761413381169,0.75
0.0381796788921063,40.5685250887474,2.86485946077164e-10,0.15,1e-06,1.07362674806353,1
0.000700690492728148,0.716607803843335,0.397457040245795,0.15,1e-06,0.138174329814747,0
0.012488266199637,12.924411547913,0.000339814517372972,0.15,1e-06,0.606682377412766,0.25
0.0127995180584629,13.2507101597259,0.000286124433884094,0.15,1e-06,0.577172430553235,0.5
0.0307750616815074,32.45078804211,1.59774984354044e-08,0.15,0.00770317570978047,0.906310516301103,0.75
0.0309950599357392,32.6901855136309,1.41797493746765e-08,0.15,0.00804680802243402,0.879633620980631,1
0.00115620288991152,1.18300714977493,0.277001085328558,0.15,1e-06,0.159296689061239,0
0.00201051121563851,2.05888186746878,0.151627106873911,0.15,1e-06,0.222813524159324,0.25
0.0049109340486957,5.0437440923631,0.0249280264626455,0.15,1e-06,0.337966740205781,0.5
0.0227821458628459,23.8261642204509,1.22268883506749e-06,0.15,1e-06,0.746547750528919,0.75
0.0342931684406564,36.2921924138807,2.36721375834748e-09,0.15,1e-06,0.919861843438742,1
0.000423804100828768,0.433311430208059,0.510516789268012,0.15,1e-06,0.106632555602824,0
0.00474114477638135,4.86853237831584,0.0275725351188199,0.15,1e-06,0.340030005754047,0.25
0.019328150827528,20.1426911177294,8.00353063290515e-06,0.15,1e-06,0.685942737145345,0.5
0.0221147128787554,23.1123597621791,1.75721155271091e-06,0.15,0.00383197015921375,0.752635088203706,0.75
0.0394810443331487,42.0081530618673,1.41150202637164e-10,0.15,1e-06,1.0083910742039,1
4.04050382763069e-05,0.0412956176693982,0.839008822312239,0.15,1e-06,0.0305487284856054,0
0.00780266667955454,8.03703565682666,0.00467338273659212,0.15,1e-06,0.44529160825589,0.25
0.0104935616435134,10.8381508032261,0.00102834822287745,0.15,1e-06,0.494556308913165,0.5
0.0205360696547903,21.4279082026007,4.14626909917004e-06,0.15,1e-06,0.691467498093706,0.75
0.0454518595094486,48.6636539826943,5.45163914011937e-12,0.15,0.00997828956387499,1.01180829985361,1
0.0018253606356877,1.86893004100052,0.171898285606381,0.2,1e-06,0.229852584265177,0
0.00138608373589933,1.41854379857698,0.233919775005567,0.2,1e-06,0.196304325197262,0.25
0.0124067846875644,12.8390249690805,0.000355473984877896,0.2,1e-06,0.602016590014995,0.5
0.0287273835321755,30.2277501415134,4.85255133853002e-08,0.2,1e-06,0.933372325315958,0.75
0.0307107731154566,32.3808510952689,1.65446429889471e-08,0.2,1e-06,0.900393032868887,1
0.000120473092638343,0.12313833553249,0.725727647089146,0.2,1e-06,0.0562104316351641,0
0.00954736854089573,9.85146622753793,0.0017455966254043,0.2,0.00562619857054166,0.469623337498878,0.25
0.0283925241989726,29.8651054608521,5.81920618358822e-08,0.2,0.0398687823271207,0.785867965236598,0.5
0.0434450546578029,46.4174547175549,1.62938551540037e-11,0.2,1e-06,1.01373252916655,0.75
0.0285802243386977,30.0683494468339,5.25582810606551e-08,0.2,1e-06,0.868349190947235,1
0.00196403867850575,2.01119759930804,0.15644685674214,0.2,1e-06,0.203731967821877,0
0.00513858025464047,5.2787543229757,0.0217885181826136,0.2,1e-06,0.332517107568544,0.25
0.0079290256330953,8.16823030448469,0.00434959133586266,0.2,1e-06,0.415162463691569,0.5
0.0455647985862329,48.7903464647488,5.12567766008942e-12,0.2,1e-06,1.01046201365981,0.75
0.0502762824923033,54.1024297486996,3.89910326248355e-13,0.2,0.00831219960948528,1.04114180731574,1
7.3758537409421e-06,0.00753817812374214,0.930829465241885,0.2,1e-06,-0.0114555310111154,0
0.00769637242322986,7.92669944757648,0.00496468497041924,0.2,1e-06,0.365350828892409,0.25
0.0224995964170902,23.523865007096,1.4255662550422e-06,0.2,1e-06,0.629917288767544,0.5
0.0297276528211031,31.312508566799,2.8203397839377e-08,0.2,1e-06,0.736867456403643,0.75
0.0547155741952766,59.1560754637087,3.41948691584548e-14,0.2,1e-06,0.996893277924707,1
5.7568580651786e-05,0.0588384766737151,0.80838995321162,0.2,1e-06,-0.0371131858146402,0
0.0016261691377485,1.66465186426574,0.197268247003293,0.2,1e-06,0.196885553830772,0.25
0.00285806561919033,2.92931523798196,0.0872877867126589,0.2,0.00172127865967908,0.273692806158253,0.5
0.0226176635019441,23.6501635396936,1.33698498028245e-06,0.2,1e-06,0.768389137624986,0.75
0.0679233408487564,74.4763358956347,0,0.2,0.00670891415978248,1.34547804190438,1
0.001777925832139,1.82027651708743,0.177579188330442,0.2,1e-06,-0.196803484584126,0
0.00682861229214078,7.02682522769242,0.00815390687466166,0.2,0.00961517953042069,0.384055550366914,0.25
0.0181118276498015,18.8517270900533,1.55339675207422e-05,0.2,1e-06,0.643228554129961,0.5
0.0366559412408903,38.8878424147292,6.55894893952791e-10,0.2,0.00229851042222607,0.909704811458732,0.75
0.0593686436235036,64.5042857352238,2.66453525910038e-15,0.2,1e-06,1.14512485972844,1
0.000530820796178669,0.54278697630952,0.461449086227501,0.2,1e-06,-0.1027636004144,0
0.00624433950964573,6.42181497181005,0.0114210807334278,0.2,1e-06,0.359834862727888,0.25
0.00519330814007367,5.33526861307304,0.0210966671431092,0.2,1e-06,0.321344946098724,0.5
0.0176676022139765,18.3810383362894,1.97961862273832e-05,0.2,1e-06,0.6051296697685,0.75
0.030489333711005,32.1400270632596,1.86567201687637e-08,0.2,1e-06,0.806835343423224,1
0.000919628395872493,0.94072533831552,0.332320852927916,0.2,1e-06,0.141693602384061,0
2.1379349585975e-06,0.00218497419901937,0.962726626931043,0.2,0.00883641753859253,0.00669711230423428,0.25
0.0214883668428009,22.4433825507871,2.47000230468863e-06,0.2,0.0192060198138276,0.650551457132955,0.5
0.028423131170707,29.8982417021358,5.72338108018045e-08,0.2,1e-06,0.769688959385463,0.75
0.0278224300509767,29.2482817862062,7.92831071905198e-08,0.2,0.0102504951121001,0.805991503216848,1
0.000552870155810553,0.565345862093248,0.45228741715513,0.2,1e-06,0.10033352538231,0
0.000383495547571816,0.392082811630936,0.53134643434318,0.2,1e-06,0.086249206765851,0.25
0.0118646364182373,12.2712523671715,0.000479896149165437,0.2,1e-06,0.455980182559815,0.5
0.0508936897772282,54.8024498331686,2.77999845366139e-13,0.2,1e-06,0.971260370501191,0.75
0.0427146230360665,45.6022266644367,2.42634801139729e-11,0.2,0.000648091775761313,0.925248148870962,1
0.000213921767703971,0.218674825898767,0.640151188546667,0.2,1e-06,-0.074495253003233,0
0.0109663687945121,11.3318986881477,0.000790235328837152,0.2,1e-06,0.505719109658781,0.25
0.0140595862215473,14.5737986977884,0.00014287955817105,0.2,0.00145487094685083,0.607060920156535,0.5
0.0229630436114099,24.0197982455098,1.10824589305558e-06,0.2,1e-06,0.750799200622133,0.75
0.0302973751643724,31.9313536180613,2.07045371958259e-08,0.2,1e-06,0.845137256179584,1
0.00199799616329074,2.0460400590711,0.15290831477563,0.25,1e-06,0.247289220762552,0
0.00283311333071195,2.90366824520106,0.0886821982126551,0.25,1e-06,-0.280490676882448,0.25
0.00699582253179444,7.20010125810658,0.00740770204935615,0.25,1e-06,0.458934210117767,0.5
0.0273075705448619,28.691841584993,1.04830551128643e-07,0.25,0.00569942086270993,0.907018802386045,0.75
0.0329593857191454,34.832551712439,4.88324536362938e-09,0.25,0.0082355211307752,0.945931646949367,1
0.000307395938099917,0.314255249525346,0.57520352608513,0.25,1e-06,0.0818607806777773,0
0.013152952988643,13.6214806490052,0.000235419842006923,0.25,1e-06,0.544427011050871,0.25
0.00474607307356794,4.87361722466731,0.0274918099044212,0.25,0.011477414793023,0.327449677513096,0.5
0.0178149321999684,18.5370978497451,1.82663163279528e-05,0.25,0.000512184235022917,0.595831973864396,0.75
0.0512052865605304,55.1560860569663,2.34479102800833e-13,0.25,0.0107498268284558,1.06107316908397,1
0.000416473150756866,0.425812899713493,0.514197423522345,0.25,1e-06,-0.0945663093841806,0
0.000304822098556026,0.311623174354224,0.576808113389113,0.25,1e-06,0.0831317677851763,0.25
0.0264297533555897,27.7444879016299,1.68782715359583e-07,0.25,1e-06,0.740739012081506,0.5
0.0254013851375785,26.6368279358471,2.94905506459386e-07,0.25,1e-06,0.727509762480547,0.75
0.0562605984611528,60.9260687150947,1.46549439250521e-14,0.25,1e-06,1.13772179243442,1
0.00141992249136001,1.4532242519703,0.228290330308816,0.25,1e-06,0.178335917931185,0
0.00455644127061008,4.67799800172238,0.0307826657380514,0.25,1e-06,0.317814365162364,0.25
0.00749637513401936,7.71916111440127,0.00556386045066892,0.25,1e-06,0.41175211601844,0.5
0.0244629417336701,25.6280642954164,4.90797149366173e-07,0.25,1e-06,0.74482018323484,0.75
0.0827686537725542,92.2227140442437,0,0.25,1e-06,1.39629816117654,1
0.00152556722743342,1.5615118978135,0.211730079092916,0.25,1e-06,0.187597131804392,0
0.00697282114772372,7.1762620044398,0.00750606651560837,0.25,1e-06,0.387842208203569,0.25
0.0118273335705689,12.2322093291625,0.000489920581471459,0.25,1e-06,0.507384980668516,0.5
0.0282383153103641,29.6981849581869,6.32697081393019e-08,0.25,1e-06,0.811500579172168,0.75
0.0477672254067617,51.2669860439995,1.53876911213047e-12,0.25,1e-06,1.0694461743664,1
0.00128349351979211,1.31341613832987,0.252045341255954,0.25,0.00311143833963282,-0.212542637614239,0
0.00176932129019081,1.81145139809982,0.178632697604971,0.25,1e-06,0.238826439690812,0.25
0.00344274139779267,3.53063677794009,0.0605290538953964,0.25,1e-06,0.350909555897408,0.5
0.028962327754439,30.4823384417071,4.27185713469669e-08,0.25,0.0295614322034385,1.01856773379954,0.75
0.0192453228254092,20.0546786931783,8.37298350564453e-06,0.25,0.0268031722915916,0.792776535543776,1
0.000554236088243913,0.566743391825803,0.451729283213891,0.25,1e-06,-0.119586500300931,0
0.00266493032510852,2.73083628067819,0.0987348844618199,0.25,1e-06,0.255915037281683,0.25
0.00429805133441497,4.41156961644894,0.0359405517716431,0.25,1e-06,0.318193351925136,0.5
0.034213821889586,36.2052458025127,2.47143150389206e-09,0.25,0.00475122743228801,0.944684924547961,0.75
0.0253335584520033,26.5638536778045,3.05963485436322e-07,0.25,1e-06,0.785347317256504,1
0.00305856015151077,3.13543840179726,0.0769058240414484,0.25,0.0025215989624993,-0.234210707753243,0
0.00357628719848075,3.66808363740273,0.0557427871149527,0.25,0.0039107086680819,0.253576673430027,0.25
0.0204589796899262,21.3457903340136,4.3239058167277e-06,0.25,1e-06,0.590238528088913,0.5
0.0297051855962008,31.2881190630409,2.85492665064169e-08,0.25,1e-06,0.724152521102161,0.75
0.0432940521845184,46.2488201663314,1.76920700312166e-11,0.25,1e-06,0.892968278428602,1
0.000521756260667516,0.533513262286949,0.465300944556473,0.25,1e-06,0.117826250492074,0
0.000169366388239657,0.173121769789805,0.677439521057023,0.25,0.00129476212327348,-0.0667561984130146,0.25
0.00662478546635981,6.81568318553054,0.00916834564503421,0.25,1e-06,0.420323246356719,0.5
0.0307625342121895,32.4371591840018,1.60864679354944e-08,0.25,1e-06,0.912795333899305,0.75
0.0175340566554414,18.2396204400303,2.12936719596879e-05,0.25,1e-06,0.689559122415416,1
0.00394775432568183,4.05059567745408,0.0444176818892652,0.25,1e-06,-0.303598738065932,0
0.00957661479612251,9.88193581437144,0.00171720093165195,0.25,1e-06,0.462832412121382,0.25
0.00626177258593766,6.43985649971558,0.0113063921321941,0.25,1e-06,0.390868409064834,0.5
0.0402598173131585,42.8715333965271,9.23892073956267e-11,0.25,1e-06,0.973448067448028,0.75
0.019939476073159,20.7927409065704,5.73700083528195e-06,0.25,1e-06,0.70691053915081,1
8.11063939994353e-05,0.0828974581813276,0.773466974865604,0.3,1e-06,-0.0514387425942036,0
0.00248066085348909,2.54154009127786,0.111195768278257,0.3,1e-06,0.270960849180991,0.25
0.00704619328102255,7.25231071624574,0.00719686111184181,0.3,0.00162162181312971,0.473323562919855,0.5
0.0193980933557719,20.2170231112875,7.70430262519994e-06,0.3,1e-06,0.787767967178386,0.75
0.0297540817396392,31.3412001695752,2.78019007815544e-08,0.3,1e-06,0.996165045755444,1
0.000516902722646614,0.528547790336713,0.46738453170992,0.3,1e-06,0.116633556102638,0
0.00465270852379733,4.77729547469669,0.0290637356913312,0.3,0.00779818047782474,0.372345944676839,0.25
0.0107978369201833,11.1558483637655,0.000867954744051769,0.3,0.00853474159384137,0.525911217187947,0.5
0.0127887931435228,13.239463350805,0.000287824062507713,0.3,0.00440301707509657,0.590521434307055,0.75
0.035073891784114,37.1484584137138,1.54919588268854e-09,0.3,1e-06,1.0052606118344,1
0.000932496810989209,0.953901250705253,0.328959373891839,0.3,1e-06,-0.116727308417084,0
0.00377118253550737,3.86873826948486,0.0494637074613533,0.3,3.19393839168266e-05,0.244376561177151,0.25
0.00385875936046027,3.95892861925735,0.0468895185370082,0.3,1e-06,0.248104960306978,0.5
0.0323003283757462,34.112789916116,6.98325686165902e-09,0.3,1e-06,0.700152939243981,0.75
0.0348606148035996,36.914407261526,1.73944858516961e-09,0.3,0.010901390712759,0.788531104477721,1
0.00266770326560735,2.73368539891655,0.0985594308500763,0.3,1e-06,0.263384438664569,0
3.39493434100144e-05,0.0346974069192176,0.852268116414169,0.3,0.00142225285985924,0.0306832439006938,0.25
0.00324575578328192,3.32796416946371,0.0684030095894004,0.3,1e-06,0.296075602880755,0.5
0.0193363535905729,20.1514081223676,7.96784332957046e-06,0.3,0.00295674504358545,0.718747074279792,0.75
0.030801628451392,32.4796916724327,1.57488442287246e-08,0.3,0.00268561173056249,0.913269396302638,1
0.00220342619383667,2.25687442632825,0.133331205936294,0.3,1e-06,-0.206094257192622,0
0.00388586573713458,3.98684713603666,0.046121666890834,0.3,0.0175459163472599,0.29007167443327,0.25
0.0120802467032977,12.496978716714,0.000425871564023739,0.3,1e-06,0.495017809950149,0.5
0.0508865125830599,54.7943070553387,2.79110068390764e-13,0.3,1e-06,1.02728014834859,0.75
0.0351368398487681,37.2175576895406,1.4971255346552e-09,0.3,1e-06,0.874867316095118,1
0.000717605827125265,0.733919820461827,0.391816391025635,0.3,1e-06,-0.13342860675819,0
0.0102999091871055,10.6360576167835,0.00114570085840215,0.3,1e-06,0.496544936175671,0.25
0.0111758231530302,11.5507807452856,0.00070334692043339,0.3,1e-06,0.515657861894434,0.5
0.0379751612858844,40.3426328222979,3.20184323499006e-10,0.3,1e-06,1.01147194740939,0.75
0.0524492461192001,56.5701935376917,1.18571819029967e-13,0.3,1e-06,1.15293985381553,1
0.00330969554903318,3.39374110092823,0.0657338557808274,0.3,1e-06,-0.327509852931388,0
0.00306435444114998,3.1413965914517,0.0766262847535231,0.3,1e-06,0.305441673700727,0.25
0.0128188731712997,13.2710077462224,0.000283082653736777,0.3,1e-06,0.663125608327274,0.5
0.00993310437816876,10.2534815772348,0.00140638675868887,0.3,1e-06,0.567368312521851,0.75
0.0273000044303549,28.6836688135104,1.05261748206686e-07,0.3,0.00678753524779076,0.974996782501107,1
3.98277056828584e-06,0.00407040773228825,0.949142155606403,0.3,1e-06,-0.0109224732826206,0
0.00523155160255498,5.37476409351799,0.0206267132965872,0.3,0.00472224115147622,0.388702528090199,0.25
0.00918715358109509,9.47633147250243,0.00213690558167667,0.3,1e-06,0.536026587319624,0.5
0.019160899740179,19.9649866418209,8.76714464448369e-06,0.3,1e-06,0.781167558382201,0.75
0.0344398964596369,36.4530121456883,2.18592655087946e-09,0.3,1e-06,1.02028256024767,1
4.90282477957002e-07,0.000501068938137376,0.982145558781232,0.3,1e-06,-0.00322149509513082,0
0.005716185817044,5.87552751205101,0.0155254603920327,0.3,1e-06,0.336361292956983,0.25
0.00092586530800171,0.947111242219737,0.33068597592782,0.3,1e-06,0.140336916090515,0.5
0.0181444893923577,18.8863513609181,1.52595901452557e-05,0.3,1e-06,0.607616549291217,0.75
0.0524389585806689,56.5584836510041,1.19015908239817e-13,0.3,1e-06,1.0147098733196,1
0.00285252126730713,2.92361641318394,0.0875955599949658,0.3,0.00488071051415016,-0.35190222326735,0
0.000151988139157564,0.155355490410925,0.693551337249566,0.3,0.00632558990224115,0.0772747424574307,0.25
0.00739782776984703,7.61692870749693,0.00588567751339308,0.3,1e-06,0.538777133078178,0.5
0.00482125752701688,4.95119618448343,0.0262902628221249,0.3,1e-06,0.442657911867534,0.75
0.025965464477927,27.2441106846566,2.17140103897506e-07,0.3,1e-06,0.99487441520908,1
0.000320318832423212,0.327470741782183,0.567278068210425,0.35,1e-06,-0.0946160300676844,0
0.00391382103413382,4.0156415994422,0.0453436118278547,0.35,0.00690632123043572,0.310425505226565,0.25
0.00888619395535865,9.16311544344231,0.00253130998716555,0.35,1e-06,0.482960395953353,0.5
0.0208627610270757,21.7760503032619,3.47107363229959e-06,0.35,1e-06,0.723708559002928,0.75
0.0442610754804674,47.3296817577856,1.04409814127848e-11,0.35,0.00882588704786714,1.09397836416997,1
1.39785532801004e-05,0.0142862811538049,0.90488274141196,0.35,1e-06,0.0149510264822315,0
0.0137783324526493,14.2781853511969,0.000166795940474307,0.35,0.00150493274209051,0.490715162951503,0.25
0.0160287216492672,16.6482029363789,4.84965402631765e-05,0.35,0.00321396834383618,0.525227793559112,0.5
0.0249281013354236,26.127836931507,3.81278215444425e-07,0.35,1e-06,0.681838497894067,0.75
0.0624529834877522,68.0786648566429,4.44089209850063e-16,0.35,1e-06,1.11075140534987,1
0.002964567089548,3.03879628096444,0.0815969054614438,0.35,1e-06,-0.289109184241048,0
0.000807303062635736,0.825730344649869,0.363724287394744,0.35,1e-06,0.153747209685728,0.25
0.0132817081414296,13.7566170937942,0.000219284176059542,0.35,1e-06,0.627189851277992,0.5
0.0318841519992174,33.6587851655269,8.75277095246929e-09,0.35,1e-06,0.929317196542203,0.75
0.0262333815438146,27.5327942338833,1.87759892300576e-07,0.35,1e-06,0.835002474311908,1
0.000970254696982052,0.992563339557916,0.319352498689066,0.35,1e-06,0.197392628318667,0
0.00105800767142088,1.08242905843973,0.298400855443029,0.35,1e-06,0.196733009402814,0.25
0.00789727261490655,8.13525897031594,0.00442874837311114,0.35,1e-06,0.55763813261773,0.5
0.0236185925639854,24.7221028755353,7.76252998324622e-07,0.35,1e-06,0.924154628818206,0.75
0.0212882117039265,22.2297847247664,2.75401102634021e-06,0.35,1e-06,0.917631225438628,1
0.0012161743770624,1.24444367386762,0.264878596770065,0.35,1e-06,0.179947803796523,0
0.0010000938268695,1.02311910616286,0.31201969753071,0.35,0.0148350249485052,0.170286647532792,0.25
0.0128576926421346,13.3117198830561,0.000277079640268463,0.35,0.0135220313794165,0.598711404537396,0.5
0.0150641040878559,15.6309811041368,8.22840768850419e-05,0.35,1e-06,0.625661266199736,0.75
0.0322729249533495,34.0828836485051,7.087889164481e-09,0.35,1e-06,0.946827384663986,1
0.000406565363405535,0.415678802003653,0.51924583990903,0.35,0.0247829167277866,-0.103715475166614,0
0.00156484729801185,1.60178048042492,0.205939519995005,0.35,1e-06,0.204950292159704,0.25
0.00876610025267118,9.03818408603018,0.00270859311862592,0.35,1e-06,0.464880770827219,0.5
0.0193490381297961,20.1648881585138,7.91297108637679e-06,0.35,1e-06,0.709392795476791,0.75
0.0220575429817353,23.0512631551618,1.81266951448933e-06,0.35,1e-06,0.742714384206261,1
0.000180005841694513,0.183999091123061,0.668049174063992,0.35,1e-06,0.0758432979849327,0
0.00105040402343967,1.07464171994172,0.300144550925223,0.35,1e-06,-0.177709034376522,0.25
0.0120776926137393,12.494304216997,0.000426474245825759,0.35,0.00338830811148995,0.607730051748493,0.5
0.0158034129450396,16.410428812967,5.48653773777552e-05,0.35,1e-06,0.699636285603692,0.75
0.0330411826815901,34.9219512721663,4.67117500235759e-09,0.35,1e-06,1.03178419571546,1
0.000330741585755317,0.338129734206416,0.561038994600383,0.35,1e-06,0.0916407211496066,0
6.51206326042214e-05,0.0665576207958851,0.796468388871615,0.35,0.0239458675989242,0.0415470072185646,0.25
0.0124163399615837,12.8490374579962,0.000353600638671514,0.35,1e-06,0.571300011960615,0.5
0.010419387953981,10.7607347590934,0.00107179106602984,0.35,1e-06,0.53912103000731,0.75
0.0357206665899044,37.8588651545397,1.09026165873161e-09,0.35,1e-06,0.982474201490598,1
0.000905424770815328,0.926182704536253,0.336084457933262,0.35,1e-06,-0.163012342891274,0
1.45266025626679e-05,0.0148464034868495,0.903045079494672,0.35,0.0123058924750803,0.0212095605365344,0.25
0.0024821631355828,2.54308307161671,0.111087465420379,0.35,1e-06,0.26899701602885,0.5
0.0179449264734458,18.674833367546,1.70151888723158e-05,0.35,1e-06,0.721555626128399,0.75
0.0421701380229804,44.995340791035,3.26447757714732e-11,0.35,0.0101521494264344,1.14585368066689,1
1.14525287555463e-05,0.0117046184356475,0.913867890697964,0.35,0.0055718774279677,0.0195945185013248,0
0.000520660358528192,0.532392081868035,0.465770106582705,0.35,1e-06,0.128444574304887,0.25
0.0252072742913656,26.4280124854726,3.27669109401185e-07,0.35,1e-06,0.920535492515422,0.5
0.0105678652119128,10.9157140412547,0.000986610923304543,0.35,1e-06,0.576065835532375,0.75
0.0327866141969557,34.6437716858811,5.36334332501553e-09,0.35,1e-06,1.0368863311538,1
6.11737845182097e-05,0.0625234325726019,0.802601362106381,0.4,1e-06,-0.0444927395961931,0
6.95001910836647e-05,0.0710341321732648,0.789890756680408,0.4,1e-06,0.0479384046404539,0.25
0.0093931021411885,9.69077684502745,0.00190343101171386,0.4,1e-06,0.554491181215988,0.5
0.00414694608605806,4.25582758750829,0.0393680527985665,0.4,1e-06,0.372307724846492,0.75
0.0190682130152642,19.8665329844217,9.2213360438631e-06,0.4,1e-06,0.799310549176383,1
0.000242885131574636,0.248288910153889,0.618389705299306,0.4,1e-06,-0.0898943501446713,0
0.00229780849652324,2.35376879337902,0.125290020425882,0.4,1e-06,0.264956357244959,0.25
0.00373125255972062,3.82762194019648,0.0506864501530027,0.4,1e-06,0.338865281527913,0.5
0.0176441807050879,18.3562333794109,2.00509638002e-05,0.4,1e-06,0.764424062205803,0.75
0.0379162562344087,40.2775892667064,3.30605320897348e-10,0.4,1e-06,1.06638390361468,1
0.000220485731995102,0.225386112520995,0.635067691999888,0.4,1e-06,-0.0892284323439911,0
0.00441308657641706,4.53016649805976,0.0335410822713733,0.4,1e-06,0.411752916295248,0.25
0.00218243087856176,2.23532279538232,0.135197152174233,0.4,1e-06,0.282403534992747,0.5
0.00849485469710202,8.75612349725735,0.00315677690965055,0.4,1e-06,0.593280325078208,0.75
0.0288248872731024,30.3333913802574,4.60254501177815e-08,0.4,1e-06,1.04466987495993,1
0.00173314196211914,1.77434627927771,0.183142071037838,0.4,0.00232739985094455,-0.103461153796225,0
0.0109579816497146,11.3231359620982,0.000793931695159067,0.4,0.00977424397377445,0.298125893966584,0.25
0.056282996300833,60.9517704926165,1.4432899320127e-14,0.4,1e-06,0.541012531455375,0.5
0.0967680272499178,109.492275332441,0,0.4,1e-06,0.707328054566814,0.75
0.192900666099662,244.262970458849,0,0.4,1e-06,1.10556782856855,1
0.000262408309723804,0.268251684008709,0.604619071395107,0.4,1e-06,0.0769998718216582,0
0.00297163029914924,3.0460579237497,0.0812339023197923,0.4,1e-06,0.252151200900071,0.25
0.00875394426903875,9.02554011814986,0.00272722515811674,0.4,0.0369969710261091,0.430439509377664,0.5
0.0325350748327761,34.3690459613819,6.14790973685331e-09,0.4,1e-06,0.830015326805021,0.75
0.0442848327278747,47.356263244278,1.03066444268052e-11,0.4,1e-06,1.03319908331565,1
3.03598418867421e-11,3.10277584091924e-08,0.999859487929906,0.4,1e-06,-2.8465727072104e-05,0
0.00689548243568411,7.09611417995867,0.00784668759837626,0.4,1e-06,0.437404801703176,0.25
0.00905611425020384,9.33993225731977,0.00230035140967666,0.4,1e-06,0.516481160778116,0.5
0.0161987432853236,16.8277032831663,4.41863892466365e-05,0.4,1e-06,0.673743908131772,0.75
0.0389283032316971,41.3962101231099,1.9066814793689e-10,0.4,0.00701088282678883,1.07549200428879,1
0.00136163159707412,1.39348490528684,0.238092129362841,0.4,1e-06,0.174715554084719,0
0.000250724740023127,0.256304946294662,0.612779336718336,0.4,0.0120824638216857,0.0788761787303124,0.25
0.010403235143544,10.7438773996439,0.00108149470445396,0.4,1e-06,0.497998015519599,0.5
0.0232197706910889,24.2947235562729,9.63990227198508e-07,0.4,1e-06,0.775394684044768,0.75
0.0521340266792016,56.2115074977077,1.4077627952247e-13,0.4,1e-06,1.2107910769378,1
8.66069022534207e-05,0.0885199205391016,0.766127735782729,0.4,1e-06,-0.0449246634647338,0
0.0059414470698385,6.10845194931042,0.0136157614966392,0.4,1e-06,0.357733570933516,0.25
0.020480471523251,21.3686825920789,4.27362995747416e-06,0.4,1e-06,0.689527863532759,0.5
0.01280537664605,13.2568539401079,0.000285200264416474,0.4,0.00122005155599114,0.544316133147502,0.75
0.0352476657213952,37.3392352496376,1.4096652733997e-09,0.4,0.00162282059595652,0.840771703873166,1
0.00172897766290287,1.77007559264807,0.183669507831009,0.4,1e-06,0.261253025969051,0
0.000497604343357551,0.508804822400966,0.475819541054959,0.4,1e-06,0.138778148516432,0.25
0.000934995383233496,0.956459566943975,0.328311940993807,0.4,1e-06,0.200774183201273,0.5
0.0213432566034095,22.2885178034737,2.67279500465456e-06,0.4,1e-06,0.943663153854941,0.75
0.0178185132334374,18.5408916477584,1.82306451921299e-05,0.4,1e-06,0.875951945719963,1
0.00029816293539862,0.304813404036686,0.581001174091531,0.4,1e-06,-0.124474161854781,0
0.00123387791415017,1.26258109919459,0.26142695497186,0.4,0.0210899765364843,0.252879298659184,0.25
0.0136817316410882,14.1766914248252,0.000175907421236632,0.4,1e-06,0.810759148420431,0.5
0.00103568512057483,1.05956757159562,0.303557377501743,0.4,1e-06,0.230319612864561,0.75
0.0122704063253454,12.6961420866708,0.000383326823188757,0.4,1e-06,0.769976799091082,1
0.000184312100897467,0.188401691828845,0.664341831870217,0.45,1e-06,-0.0870172624104054,0
0.00141971875032637,1.45301543609268,0.228323733753203,0.45,1e-06,0.245527342022318,0.25
0.00512325530658376,5.2629302587047,0.0219864241852208,0.45,1e-06,0.459848414113889,0.5
0.0101152625388102,10.4434364158174,0.00127018382983168,0.45,1e-06,0.675663371240641,0.75
0.0192185470466759,20.0262301275772,8.49603448571656e-06,0.45,1e-06,0.895849969977992,1
0.000462335697482644,0.472725640766104,0.491891911708304,0.45,1e-06,0.112573254077255,0
0.00103253270298939,1.05633912714939,0.304294817440789,0.45,1e-06,0.171224207112325,0.25
0.01695410894852,17.6259313050524,2.9231858745149e-05,0.45,1e-06,0.69962910836598,0.5
0.0232523416868617,24.3296136947114,9.47086174374334e-07,0.45,1e-06,0.823277204370225,0.75
0.0424093545767684,45.2618878271321,2.86553003547851e-11,0.45,1e-06,1.07161889718298,1
0.00155942606636096,1.5962226309994,0.206727471935668,0.45,1e-06,-0.267026877406455,0
0.000471789247026379,0.482396199800831,0.487496793884161,0.45,1e-06,0.145897852455869,0.25
0.00463832540471911,4.76245839538717,0.0293140772997402,0.45,1e-06,0.444718298326241,0.5
0.0214983616763311,22.4540509414485,2.45661545106302e-06,0.45,0.0121896812604779,0.986940282010124,0.75
0.00868373754614131,8.95252111590321,0.00283740514546782,0.45,1e-06,0.627644188697977,1
0.000928690791155439,0.950004248758239,0.329948854589343,0.45,1e-06,0.149114498405984,0
0.00388615364735111,3.98714368054951,0.0461135825485561,0.45,1e-06,0.300142786009192,0.25
0.00661009321277199,6.80046698410831,0.00924627573055004,0.45,1e-06,0.393089289345591,0.5
0.0409081239396279,43.5913427168557,6.49142961606231e-11,0.45,1e-06,1.01486220155496,0.75
0.0363426887440994,38.54298355093,7.77608644142447e-10,0.45,1e-06,0.972697956375461,1
0.000128612579273244,0.131458963293593,0.716999071112216,0.45,1e-06,0.0306678293208457,0
0.00159485719272282,1.63254773145469,0.20164117319562,0.45,1e-06,0.104505969552554,0.25
0.0383606827762733,40.7685263020816,2.59630539289901e-10,0.45,1e-06,0.540561534849318,0.5
0.0511300193324188,55.0706427881383,2.44249065417534e-13,0.45,0.011920277595889,0.752765134830258,0.75
0.112721985464104,129.83739848955,0,0.45,1e-06,0.964984344608533,1
0.000113585306311557,0.116097370005745,0.733376397373402,0.45,1e-06,-0.0556501250913527,0
2.78549996735634e-05,0.0284686026592996,0.866045227775275,0.45,0.00111894576067898,0.0268537747082443,0.25
0.0252599612285353,26.4846824268145,3.18432041623851e-07,0.45,1e-06,0.848861899153148,0.5
0.0147816335190458,15.3334833884838,9.60827801756992e-05,0.45,1e-06,0.653117306147585,0.75
0.0412261034981863,43.9447485260845,5.45936629237076e-11,0.45,1e-06,1.11116906023852,1
0.000871161629119695,0.891103480119784,0.34540155362233,0.45,1e-06,0.178423850233921,0
0.00129248384733023,1.3226279672552,0.250389991906579,0.45,1e-06,0.2112143776143,0.25
0.0019382228479659,1.98471056197898,0.159199198802233,0.45,1e-06,0.271920208219702,0.5
0.0090357470675283,9.31873523761024,0.00232686900008172,0.45,1e-06,0.584999178517689,0.75
0.02316820925335,24.2394955623069,9.91369729863578e-07,0.45,1e-06,0.932891385191641,1
0.000143018193429579,0.14618550087127,0.702287105991543,0.45,1e-06,0.0413756855460071,0
0.00724695509145705,7.46045367622259,0.00641552602721451,0.45,1e-06,0.285673467613215,0.25
0.0309825987956435,32.6766226589877,1.42759470911358e-08,0.45,1e-06,0.611157964597999,0.5
0.0253857949624869,26.6200536761754,2.97411291594329e-07,0.45,1e-06,0.566630957977431,0.75
0.0702379278680276,77.2059480943584,0,0.45,1e-06,0.95463288002842,1
0.000478804602491312,0.489572713414558,0.484277193498138,0.45,1e-06,-0.118771525816943,0
0.00684404521670838,7.04281555961893,0.00808193075707075,0.45,1e-06,0.467149769768582,0.25
0.00268720572744915,2.75372407656339,0.0973349943238606,0.45,1e-06,0.274718923897161,0.5
0.010060994349755,10.3868381453417,0.00130930556879072,0.45,1e-06,0.554993994008197,0.75
0.0296002385093543,31.1742077410349,3.02218825520839e-08,0.45,1e-06,0.961898929497299,1
0.000654036119576761,0.668862374359307,0.413639143879596,0.45,1e-06,-0.162246580775506,0
0.00323610185174207,3.31803358711581,0.068815961902966,0.45,1e-06,0.33946910948043,0.25
0.00935494686581475,9.65104066952591,0.0019446485797241,0.45,1e-06,0.6220136339844,0.5
0.0222266485739849,23.2320044409917,1.65349844172269e-06,0.45,1e-06,0.916402375013912,0.75
0.0466238580228581,49.9798356612362,2.87458945535946e-12,0.45,0.00437198937779292,1.35950706431163,1
0.000267215713725457,0.273167454063621,0.601328165861704,0.5,1e-06,-0.0415058494204186,0
0.0145547122913021,15.0946137215766,0.000108834897339705,0.5,1e-06,0.307962267953989,0.25
0.0503332167179936,54.1669440179988,3.77919917582403e-13,0.5,1e-06,0.566223692183043,0.5
0.0962592929940888,108.85533502843,0,0.5,1e-06,0.82529494391568,0.75
0.11892313440484,137.944199998542,0,0.5,1e-06,0.924094577904239,1
0.000688709145308381,0.704345835923826,0.401523535815783,0.5,1e-06,0.181152551771785,0
0.0012537510107948,1.28294202289027,0.25761839227116,0.5,1e-06,0.245634827674049,0.25
0.000393283836133737,0.402094217685097,0.526151592528365,0.5,1e-06,0.133005555702743,0.5
0.00498560250316098,5.12081611185601,0.0238496600806479,0.5,1e-06,0.492434890348553,0.75
0.0234285781721284,24.5184390580452,8.60635781085861e-07,0.5,0.0160559370441874,1.06498992190473,1
0.000178427121201045,0.182385060308729,0.669421472270694,0.5,1e-06,-0.0657744556079351,0
0.00923467288357754,9.52580336504572,0.00208058323478388,0.5,1e-06,0.471541529033434,0.25
0.00312830159976442,3.20715718992718,0.0736126252273945,0.5,1e-06,0.268561926740828,0.5
0.0172437430649594,17.9323258315855,2.49527311924069e-05,0.5,1e-06,0.625391871134876,0.75
0.0310962774789187,32.8003648296061,1.34219986236417e-08,0.5,1e-06,0.859331309198939,1
0.000556017622365161,0.568566142852101,0.451002946127496,0.5,1e-06,0.109456928938055,0
0.0105910567858815,10.9399254063832,0.000973937299756589,0.5,1e-06,0.472905941493446,0.25
0.0100135764124502,10.3373893315003,0.00134448463373182,0.5,1e-06,0.464387337600662,0.5
0.0322769312415381,34.0872557385375,7.07249503406615e-09,0.5,0.00975426372036261,0.849262953358978,0.75
0.0462464514436787,49.5556461593061,3.53272966435725e-12,0.5,0.00195965509318101,1.00530138255318,1
3.04344339627986e-06,0.00311040861735058,0.955535108582906,0.5,1e-06,-0.0135329810129885,0
0.00055972926684488,0.572363679418117,0.449495538442861,0.5,1e-06,0.182228091413266,0.25
0.00222910602477596,2.28323593229369,0.13108788085636,0.5,1e-06,0.373156388059164,0.5
0.0102348532248537,10.5681838059072,0.00118808777931667,0.5,1e-06,0.789503478736554,0.75
0.0254580338953541,26.697783724029,2.85976940128663e-07,0.5,1e-06,1.23211457534983,1
0.000629286922735735,0.643536203953376,0.422619673159097,0.5,1e-06,-0.128512681007018,0
0.000606138845521764,0.619849615053309,0.43128571629244,0.5,1e-06,0.131127477436233,0.25
0.00293157048868754,3.00487403949507,0.0833160296073945,0.5,1e-06,0.285097805128629,0.5
0.0218718046275102,22.8528166707258,2.00523120730267e-06,0.5,1e-06,0.764044452981713,0.75
0.0233734631857747,24.4593797889046,8.86787095977226e-07,0.5,1e-06,0.790071091639774,1
0.000157624170795303,0.161117298533382,0.688213836808871,0.5,1e-06,0.0629949494239709,0
0.00340720818754246,3.49407179770539,0.0618747454063118,0.5,1e-06,0.303719100842849,0.25
0.0102791387331179,10.6143865370275,0.00115906513486563,0.5,0.0103071771586436,0.539052731082136,0.5
0.0180486791405055,18.7847907424283,1.60785562661747e-05,0.5,1e-06,0.684994552324729,0.75
0.045844801445354,49.1045766434279,4.39914771277472e-12,0.5,1e-06,1.07035261485729,1
0.00296275872536399,3.03693712930022,0.0816901243502386,0.5,1e-06,-0.185515427975177,0
0.0099219627694433,10.2418653571342,0.00141518140963393,0.5,1e-06,0.358943624936849,0.25
0.0043685258798219,4.48422289293667,0.0344500789166307,0.5,1e-06,0.227370365275818,0.5
0.0615809192544713,67.0656647646916,8.88178419700125e-16,0.5,1e-06,0.932845213853649,0.75
0.0934020862341012,105.291365314017,0,0.5,1e-06,1.1289487932824,1
0.00161662848164723,1.6548696176007,0.198588778096847,0.5,1e-06,-0.239078240171855,0
4.63704333865298e-05,0.0473927805448068,0.827707231296593,0.5,1e-06,0.0394589124405462,0.25
0.00894011944430758,9.21922302712859,0.0024555748176498,0.5,1e-06,0.56439316623378,0.5
0.0349103572101963,36.968985560434,1.69308700392889e-09,0.5,1e-06,1.14638193830702,0.75
0.0208156428003715,21.7258239325024,3.56119724997939e-06,0.5,1e-06,0.831813890564869,1
0.000131635109170125,0.134548792916912,0.713837474744231,0.5,1e-06,-0.0619084494658106,0
0.00272323917759662,2.79075032011036,0.0951160088023184,0.5,1e-06,0.286471794784068,0.25
0.00716269393887585,7.37308435213095,0.00673234809029299,0.5,1e-06,0.443006139190369,0.5
0.0108965491724321,11.2589570331678,0.000821543235024702,0.5,1e-06,0.572200895758905,0.75
0.0126133154509511,13.0554812948074,0.000317121409408205,0.5,1e-06,0.615364383850685,1
3.0401280646921e-06,0.00310702032785503,0.955559308727412,0.55,1e-06,-0.00993498463091872,0
0.00335850541490739,3.44395908928543,0.0637711102597311,0.55,1e-06,0.351867632535179,0.25
0.0105001033699569,10.8449790451147,0.0010246031606318,0.55,1e-06,0.573269276903192,0.5
0.0270544355349213,28.418479025485,1.20262903191559e-07,0.55,0.00538596727469965,0.997641144678773,0.75
0.0256408774730571,26.8945773397218,2.5896250344104e-07,0.55,0.0010933745582955,0.940928708512696,1
0.00174398983470186,1.78547145513321,0.181776326188069,0.55,1e-06,-0.166108374490927,0
0.00125722788830994,1.28650433097609,0.256959128689832,0.55,1e-06,0.13852270260646,0.25
0.012088679232245,12.5058088875355,0.000423887846468851,0.55,0.0183155419289633,0.457233307587793,0.5
0.0374340989632125,39.7454855809827,4.29686508596205e-10,0.55,1e-06,0.752887937533671,0.75
0.0485855891026926,52.1901618203589,9.83657599817889e-13,0.55,1e-06,0.891626064683108,1
5.14254883250294e-07,0.000525568760958102,0.981714345128742,0.55,0.00525180730166506,0.00428269224692435,0
0.00524800277564026,5.39175478075934,0.0204278927722252,0.55,0.0111169158730142,0.447168459194441,0.25
0.00490761975339962,5.04032337855051,0.0249770469138653,0.55,1e-06,0.427627558422943,0.5
0.0125708317964355,13.0109485415855,0.000324654676915559,0.55,1e-06,0.68337674197354,0.75
0.0282871706775744,29.7510617953244,6.16148425613972e-08,0.55,1e-06,1.05107504620867,1
0.00112685019351244,1.15294008853158,0.283187982978425,0.55,0.00912312545733529,-0.177446311090113,0
0.000495124814700061,0.506268226585339,0.47692115981484,0.55,1e-06,0.114527974348445,0.25
0.0047565050251899,4.88438071717024,0.0273217436974316,0.55,0.0098841852959252,0.349717825719254,0.5
0.0328821167946106,34.7481149378717,5.09240805079969e-09,0.55,1e-06,0.941439534365877,0.75
0.0420054450336199,44.8119090049171,3.57094354086485e-11,0.55,1e-06,1.08671565359449,1
0.000518023916711909,0.529694837473942,0.466901886875079,0.55,1e-06,0.106342042910384,0
0.00527508678269164,5.41972822865562,0.0201048697194042,0.55,0.00014016176036395,0.328689329470417,0.25
0.00994263331561551,10.2634166367436,0.00139890890593519,0.55,1e-06,0.455638549412627,0.5
0.0254065430418101,26.6423777046185,2.94081143215053e-07,0.55,1e-06,0.762795643128157,0.75
0.0387821910969533,41.2345661243196,2.0644019826932e-10,0.55,1e-06,0.925915090172022,1
0.00028592424747072,0.29229815604538,0.588869373161606,0.55,1e-06,0.115749135760439,0
0.00127697629320571,1.30673844567278,0.253253730887593,0.55,1e-06,0.239104280901997,0.25
0.00692492325881476,7.12662288709634,0.00771520006187609,0.55,1e-06,0.586815596488762,0.5
0.0122986883494187,12.7257697695076,0.000377375584788897,0.55,0.00799703016479474,0.783483123491556,0.75
0.0288413843708851,30.3512673961608,4.56153790295843e-08,0.55,1e-06,1.217137174291,1
2.74910774632441e-05,0.0280966535747154,0.866914953699695,0.55,1e-06,-0.0167368186724613,0
0.0102135923712838,10.5460039893451,0.00120228084542107,0.55,1e-06,0.342677673629711,0.25
0.0283105193495285,29.776334262515,6.08393158074705e-08,0.55,1e-06,0.56827701071805,0.5
0.035736111109096,37.8758408089968,1.08115227881456e-09,0.55,1e-06,0.615535008294219,0.75
0.0916164979106513,103.075474895047,0,0.55,1e-06,0.984970369796381,1
0.000227679608979801,0.232741550882654,0.62960172709761,0.55,0.00121111096713059,-0.0942680278383558,0
0.00544823290191085,5.59859648331782,0.0181606260666436,0.55,1e-06,0.432800498058667,0.25
0.0177073658559394,18.4231534226449,1.9371051513728e-05,0.55,1e-06,0.793218556503585,0.5
0.00270414367068076,2.77112836065284,0.0962849989188932,0.55,0.00636808988639188,0.305370550527949,0.75
0.0262073991281122,27.5047909431121,1.9042575516437e-07,0.55,1e-06,0.97082994049905,1
0.00155503425647557,1.59172018953949,0.207368410921879,0.55,0.00826337174432581,-0.245489564832208,0
0.00137167237366543,1.40377468484012,0.236368029295909,0.55,1e-06,0.229631485184071,0.25
0.0163414805869181,16.9784461072886,4.08661063775462e-05,0.55,1e-06,0.787863773092592,0.5
0.023923408023494,25.0489799683664,6.57837399664629e-07,0.55,1e-06,0.946803723029089,0.75
0.0226035638916338,23.6350793228066,1.34726672396113e-06,0.55,1e-06,0.925459805855895,1
2.51639082209832e-06,0.00257175789173244,0.959564523472973,0.55,1e-06,-0.0083658764970022,0
0.000940602984716411,0.962201299794657,0.326865030507957,0.55,0.00120830590577639,0.169734035901373,0.25
0.0163199677303444,16.955723887094,4.13500241955855e-05,0.55,1e-06,0.676612163079631,0.5
0.0130846604343893,13.5498177278628,0.000244457726680025,0.55,1e-06,0.624094513439287,0.75
0.0330031800788778,34.8804146464147,4.76853245778841e-09,0.55,1e-06,1.0183015792395,1
0.000125020967348793,0.127787404735422,0.720811061239298,0.6,1e-06,0.0671275496162063,0
0.000931019436272874,0.952388556127516,0.32934299008144,0.6,1e-06,0.184686758839289,0.25
0.00731132643334848,7.52720950067377,0.00618375823370476,0.6,0.00170516653379468,0.515980252818664,0.5
0.0150271884249956,15.5920918728588,8.39677400463756e-05,0.6,1e-06,0.738982145145909,0.75
0.0309371243347926,32.6271306683318,1.4632570044526e-08,0.6,0.0131960860520122,1.07546295265717,1
0.000994746429048145,1.0176431473741,0.313317487701064,0.6,1e-06,0.21780595444427,0
0.000557119023821328,0.569693029169686,0.450554813029732,0.6,1e-06,-0.169468126798178,0.25
0.0119264862482303,12.3359940085931,0.000463728357976922,0.6,0.0214371508360147,0.781962229737488,0.5
0.00726847271375667,7.48276740415984,0.00633708336186833,0.6,0.00747862831321424,0.595281998472345,0.75
0.0117073762110591,12.1066758970951,0.000523609638343636,0.6,1e-06,0.787541539517351,1
0.000556838074824056,0.569405579176688,0.450669058208485,0.6,0.00330772794512898,-0.125703954567171,0
4.54638456374841e-05,0.0464661627719604,0.829373660012905,0.6,1e-06,-0.0373356500315709,0.25
0.00117452035355155,1.20177130618912,0.273226187734764,0.6,0.0022641985619726,0.188226924620256,0.5
0.0180852618348073,18.823566728116,1.5760779144891e-05,0.6,1e-06,0.701602024459147,0.75
0.0295761918154424,31.1481105270178,3.06187266652103e-08,0.6,0.00628113225571646,0.966416453914543,1
0.000179918000989713,0.183909285602516,0.668125341864903,0.6,1e-06,0.0918144514184103,0
0.0031152605049545,3.19374558554904,0.0742167383500378,0.6,1e-06,0.377947413847032,0.25
0.0161291235266266,16.7541947204476,4.59027632819797e-05,0.6,1e-06,0.872423409642632,0.5
0.00370141675345783,3.79690183810871,0.051620891366007,0.6,1e-06,0.399701850205187,0.75
0.0218801200636398,22.8616994335038,1.99618771068444e-06,0.6,1e-06,1.00265566394952,1
0.00126204982416656,1.2914447879658,0.256048262355911,0.6,0.000328184385715976,-0.180942922208569,0
0.00520616521786202,5.34854626820262,0.020937451135882,0.6,1e-06,0.361827282416718,0.25
0.0117865678670737,12.1895452626564,0.000501117027248643,0.6,1e-06,0.551289819155468,0.5
0.0210487454106441,21.9743503150235,3.13709145771668e-06,0.6,1e-06,0.714676785682448,0.75
0.0387674917191899,41.2183069087771,2.0809753920048e-10,0.6,1e-06,0.99460338488003,1
4.25892126208317e-05,0.0435280291229773,0.834775757997636,0.6,1e-06,0.0415344310438852,0
0.00387336505863468,3.97397173317994,0.0464741204093264,0.6,1e-06,0.390208389150564,0.25
0.00341683904442138,3.50398204606459,0.0615068985727127,0.6,1e-06,0.372893714055878,0.5
0.0153565405585829,15.939154726905,7.00901888230909e-05,0.6,0.00362590442937041,0.762878099602087,0.75
0.0268182088091161,28.1635041376772,1.36707760445276e-07,0.6,1e-06,1.03024365945058,1
0.000178171078169477,0.182123290992321,0.669644712608539,0.6,1e-06,-0.070641013320367,0
0.000744620756931578,0.761569494037179,0.383042781091706,0.6,0.00791930528613474,-0.145961638968915,0.25
0.0080848492780851,8.33006326820331,0.00398147720211162,0.6,1e-06,0.494725942746898,0.5
0.0180681366589055,18.8054144638619,1.59087461621965e-05,0.6,1e-06,0.718024659432778,0.75
0.0497453591089593,53.5011930714536,5.21360732363974e-13,0.6,1e-06,1.24127631179106,1
0.000228336470247475,0.233413169332114,0.629107961664133,0.6,0.00888396274968161,0.090769348275513,0
0.00354419296050621,3.63504851900952,0.0568551847413001,0.6,0.00876075933387989,0.35515606859264,0.25
0.0144194530128138,14.9522847464311,0.000117231258305317,0.6,1e-06,0.699216521027709,0.5
0.0128155124262132,13.2674832966426,0.000283608472188002,0.6,1e-06,0.655585406133171,0.75
0.0210519092879191,21.9777243516594,3.13169751997577e-06,0.6,1e-06,0.844712005886763,1
0.000729181734295935,0.745767532513186,0.38802219171863,0.6,1e-06,-0.161724575931854,0
4.63073510931718e-07,0.000473261347327009,0.98264797939111,0.6,1e-06,0.00389823502350148,0.25
0.00744390425381803,7.66472563113196,0.00573291505536133,0.6,1e-06,0.485943314102976,0.5
0.0108382380107457,11.1980463384536,0.000848647792678126,0.6,1e-06,0.624255183841926,0.75
0.0173949790636309,18.092385265943,2.29740903039399e-05,0.6,0.0102060103319403,0.798348635878827,1
0.000597321432385666,0.61082736417426,0.434657476051063,0.6,1e-06,-0.161817646003519,0
0.00082870864338933,0.847642682361274,0.357437333164113,0.6,1e-06,0.194221677408819,0.25
0.000282279116154604,0.288570714196156,0.591254841227421,0.6,0.000431508775350312,0.113570669625078,0.5
0.0154160995578023,16.0019412677761,6.78384385945918e-05,0.6,1e-06,0.818875426453186,0.75
0.0327540802244299,34.6082307559741,5.45889289327306e-09,0.6,1e-06,1.18373912087676,1
0.00257247353398281,2.63584860249995,0.104784600633238,0.65,1e-06,-0.268013077605145,0
5.0746916686931e-05,0.0518659808926547,0.819893118657801,0.65,1e-06,0.0390611131835282,0.25
0.0131791934771787,13.6490187931249,0.000232037219187076,0.65,1e-06,0.634356818705488,0.5
0.0127078662736492,13.1546063095335,0.000300980843582543,0.65,1e-06,0.623550217242343,0.75
0.0253492088828374,26.5806909658021,3.03375688348595e-07,0.65,1e-06,0.873252973194097,1
0.000242253225358768,0.247642788580932,0.618846826114432,0.65,1e-06,-0.0406276139587876,0
0.0113088528444922,11.6898463593234,0.000653230419655815,0.65,1e-06,0.27638813027442,0.25
0.0409353883126564,43.6216354411515,6.3957728002606e-11,0.65,1e-06,0.510976612365598,0.5
0.109915270351411,126.205295470569,0,0.65,1e-06,0.91845708702141,0.75
0.137312329297474,162.669764861411,0,0.65,1e-06,1.01618968585619,1
0.000828825856620684,0.847762673090074,0.357403319790986,0.65,1e-06,0.216451532523442,0
0.00283123186229391,2.90173444628461,0.0887883135019627,0.65,1e-06,0.411343192499875,0.25
0.003383251354472,3.46942080691461,0.0627999535806096,0.65,0.00326711233266145,0.434161891232435,0.5
0.0198314731896741,20.6778375814642,6.0844894851364e-06,0.65,1e-06,1.04262610281809,0.75
0.0138233539384085,14.3254941003451,0.000162713053996733,0.65,1e-06,0.917906718924124,1
4.14527636611484e-06,0.00423649000759127,0.948116405306023,0.65,0.0252865631100596,-0.00765444929841692,0
0.000108224636146908,0.110617549686206,0.739510363512387,0.65,1e-06,-0.0348713436447953,0.25
0.0227455184493372,23.7869667462022,1.24726314587598e-06,0.65,0.00103086714855947,0.488217641006756,0.5
0.0481467186398142,51.6948855600681,1.25055521493778e-12,0.65,1e-06,0.722374560787273,0.75
0.0899038388170636,100.958258247801,0,0.65,1e-06,0.985033831190202,1
0.000555796769171397,0.568340179728851,0.451092889587037,0.65,1e-06,-0.0987564013824514,0
0.00219961154053883,2.2529586282297,0.133668082622033,0.65,1e-06,0.198348836834394,0.25
0.000638335721685855,0.65279581044772,0.419302890075059,0.65,1e-06,0.108222943892292,0.5
0.0305650533998564,32.2223628147558,1.79057937366167e-08,0.65,1e-06,0.759954475095195,0.75
0.0675065679388287,73.9862717113026,0,0.65,1e-06,1.11553008225082,1
0.000238129721382079,0.243426542347191,0.621848166079645,0.65,1e-06,0.0953659727558816,0
0.00604800238746479,6.21866896473459,0.0127981873555389,0.65,1e-06,0.496565859210666,0.25
0.00979078042087132,10.1051145477957,0.00152300847989939,0.65,0.0176767058215976,0.648069849371005,0.5
0.0108622007009564,11.2230764249878,0.000837401768605694,0.65,1e-06,0.684996411712209,0.75
0.0180792001068671,18.8171413735497,1.58129959990649e-05,0.65,1e-06,0.862639353350698,1
0.000813158229607257,0.831724033901546,0.361989546514879,0.65,1e-06,0.162909516900004,0
0.000417793558148529,0.427163482579095,0.513531092967779,0.65,1e-06,0.1150710083149,0.25
0.000768525019069324,0.786036658326679,0.37550982294754,0.65,1e-06,0.157898161775217,0.5
0.0222454425975517,23.2520954901978,1.63669594566151e-06,0.65,1e-06,0.852251250129583,0.75
0.0506908285880681,54.5723441604942,3.10862446895044e-13,0.65,1e-06,1.28332232425663,1
1.23458658115385e-05,0.012617630634967,0.910585219527331,0.65,0.0220788509439917,0.0245038839168985,0
1.06310787925439e-06,0.00108649740766194,0.9737112789847,0.65,1e-06,0.00690211453600306,0.25
0.0030555131202228,3.1323052085289,0.0770532640214041,0.65,1e-06,0.359829025462781,0.5
0.0138659056852465,14.3702116091717,0.000158946522880843,0.65,1e-06,0.800506900648438,0.75
0.0180814588738589,18.819535628577,1.57935183169311e-05,0.65,0.000694836178073276,0.897557944075047,1
0.00140722746646821,1.44021317827255,0.230382957351084,0.65,1e-06,-0.175351414757785,0
0.0276506005018289,29.062509554131,8.70292571342191e-08,0.65,1e-06,0.761916726954892,0.25
0.00263983712414593,2.7050544440213,0.100338189282695,0.65,1e-06,0.23964878520332,0.5
0.0318033252870054,33.5706569669375,9.14522679806851e-09,0.65,1e-06,0.873401869631105,0.75
0.0434055072090256,46.3732842933243,1.66489044772788e-11,0.65,1e-06,0.979360900358558,1
0.000804953992333802,0.82332571949004,0.364423487987386,0.65,1e-06,0.201511451168502,0
0.000650595743442273,0.665341718287856,0.414870484171364,0.65,1e-06,0.176647626494652,0.25
0.00155252863450078,1.58915146761784,0.207735131246231,0.65,1e-06,0.277697869589591,0.5
0.0136046317189044,14.0957004298889,0.000183537422812075,0.65,1e-06,0.838687128344075,0.75
0.0276831307729309,29.0976743748423,8.55068309491003e-08,0.65,1e-06,1.21950464572025,1
0.000335452091784764,0.342947080119426,0.558262319611255,0.7,1e-06,-0.131142549334179,0
0.00180889545055364,1.85204129954681,0.17384617707469,0.7,0.00168620471286283,0.291786900738861,0.25
0.00193068827397184,1.97698034877648,0.160012837259777,0.7,1e-06,0.317754086202554,0.5
0.0225929863715239,23.6237634370754,1.35503201348364e-06,0.7,1e-06,1.05635790869128,0.75
0.0201382375848335,21.0042677458614,5.14862530209825e-06,0.7,1e-06,1.0133401407317,1
0.000422700397077893,0.432182489523538,0.511067998165712,0.7,1e-06,0.124225406263559,0
0.00219474267279429,2.24796070688593,0.134099439194061,0.7,1e-06,0.28023837748281,0.25
0.0160205688407097,16.6395971671026,4.87135081035373e-05,0.7,0.00273451936604745,0.783321907408622,0.5
0.0164397106718476,17.0822109116513,3.8727690264917e-05,0.7,1e-06,0.759855594172478,0.75
0.0253931758821314,26.6279951148789,2.96222323559192e-07,0.7,0.0173022677167429,0.942668446940243,1
0.001747260014327,1.78882527752223,0.181366925160898,0.7,0.015171308664724,-0.263379789332138,0
6.48333560344778e-06,0.00662601194538279,0.935139533273179,0.7,1e-06,-0.0159185085812375,0.25
0.0142532202279012,14.7774168496729,0.000128447337383708,0.7,1e-06,0.773831819343943,0.5
0.00920431856587602,9.49420122694664,0.0021163848270378,0.7,0.000665475994316621,0.613259981369313,0.75
0.0095559516270754,9.86040814613878,0.00173721426660789,0.7,1e-06,0.638501322897146,1
0.000650285432316883,0.665024167356025,0.414981813536957,0.7,1e-06,-0.0716345283550347,0
0.00760302288427285,7.82981968597908,0.00523572082032975,0.7,1e-06,0.233419749404328,0.25
0.0338346619615279,35.7899659233114,3.03636737974955e-09,0.7,1e-06,0.534860151705433,0.5
0.0493873925517893,53.0961979595652,6.34381436270814e-13,0.7,1e-06,0.6293807903502,0.75
0.126503328792178,148.010182851454,0,0.7,1e-06,1.06963725900424,1
0.000438463542345125,0.448306306247811,0.503291596144944,0.7,1e-06,0.124080463866896,0
0.000833195906502906,0.85223629623937,0.356138362919755,0.7,0.00580121952267873,-0.173257773053227,0.25
0.00424211862684888,4.35391506081878,0.0371713697611646,0.7,0.00034456605928866,0.376218804627501,0.5
0.0110982171465444,11.4696708211408,0.00073435644946418,0.7,1e-06,0.671638891419154,0.75
0.0280552297456268,29.5000762157778,6.98765680873237e-08,0.7,1e-06,1.0583638069182,1
0.000647662827106126,0.662340382547128,0.415924485940006,0.7,1e-06,0.123743329441967,0
0.00564358932809729,5.80048384202408,0.0161979494040234,0.7,0.00855290462726613,0.373396153546742,0.25
0.00567234674277604,5.830209340077,0.0159280440812777,0.7,0.0190425690934863,0.376153321199022,0.5
0.0226895318058756,23.7270573274969,1.28578494251741e-06,0.7,1e-06,0.772421829354362,0.75
0.0477589277828125,51.2576338262606,1.54587453948807e-12,0.7,1e-06,1.09139184668658,1
0.00050750608127459,0.518934577516504,0.471461239080111,0.7,0.0104323031237636,-0.169392524007788,0
0.00629586098647797,6.47513648737346,0.0110855285962752,0.7,1e-06,0.611952501707608,0.25
6.04745162630427e-07,0.000618049929971002,0.980170999317203,0.7,0.0165300776785875,0.00556162024512638,0.5
0.00575534859351888,5.91601499113476,0.0151746730982241,0.7,1e-06,0.577853852222623,0.75
0.0101582356658716,10.4882590577542,0.00124004403553357,0.7,1e-06,0.76636108418434,1
0.00107000375635823,1.0947151883618,0.295676221305325,0.7,1e-06,-0.243308106453196,0
0.000338733132569739,0.346302565639149,0.556343683440259,0.7,1e-06,-0.135398948791807,0.25
0.0122274799908174,12.651176558849,0.0003925406651899,0.7,1e-06,0.821509797019697,0.5
0.00542624282310645,5.57587622355539,0.0183963965756646,0.7,1e-06,0.552146795406259,0.75
0.0301201896788752,31.7388129170545,2.27936594043854e-08,0.7,1e-06,1.26172194421205,1
0.00077254590487876,0.790152343743482,0.374263233310089,0.7,1e-06,0.0642511366133373,0
0.0337967025972855,35.7484083807979,3.0995923605559e-09,0.7,1e-06,0.412068866707149,0.25
0.0269718283848067,28.3293016722374,1.25775484915991e-07,0.7,1e-06,0.382451094373303,0.5
0.0908291825591752,102.101192421433,0,0.7,1e-06,0.715229602446883,0.75
0.18087366747696,225.670791942529,0,0.7,1e-06,1.04467028773698,1
4.58797077414156e-05,0.0468912126668595,0.828607111315547,0.7,0.0034005265974512,-0.0334687563147187,0
0.000450429478165899,0.460546370346815,0.497522374027263,0.7,1e-06,0.105329670378259,0.25
0.0134500217416798,13.9333257543263,0.000199855713458819,0.7,1e-06,0.561335643490122,0.5
0.0166631007516448,17.3182649620879,3.42732061651141e-05,0.7,1e-06,0.651053542889101,0.75
0.0437117718405268,46.7154457260229,1.40882860932834e-11,0.7,1e-06,1.05877256976746,1
0.000670028879719807,0.685228638050347,0.407985304366494,0.75,1e-06,0.205805065522604,0
0.00399182387768319,4.09599449160667,0.0432447295072524,0.75,1e-06,0.484091453297003,0.25
0.00715306216710183,7.3630982341897,0.00676956522112881,0.75,0.00637135366990386,0.644174643950009,0.5
0.0027109085717946,2.77807968039279,0.0958690872655907,0.75,1e-06,0.402338099675785,0.75
0.00519016041710203,5.33201797491495,0.0211358373644606,0.75,1e-06,0.559942601237489,1
9.18979737184478e-05,0.0939283609663012,0.759303654705973,0.75,1e-06,-0.0515995961407815,0
0.00215444687436356,2.20659870528313,0.137729745255391,0.75,0.00583035623312799,0.25237887219667,0.25
0.0041892864082545,4.29946238858339,0.0383744765487832,0.75,1e-06,0.354987840429039,0.5
0.0128978519607991,13.3538405626215,0.000271004178482581,0.75,1e-06,0.63781725923355,0.75
0.0202716070303362,21.1462508728632,4.7881030003083e-06,0.75,1e-06,0.835182916031251,1
0.00306384071987396,3.14086833601484,0.0766510245496257,0.75,1e-06,0.37386954964119,0
0.000208327398886692,0.21295496601635,0.644559325252384,0.75,1e-06,0.0995414230973208,0.25
0.00863200623165892,8.8987242116038,0.0029214691690469,0.75,1e-06,0.634604769834026,0.5
0.00976146923121816,10.0745641018026,0.00154821512327885,0.75,0.00326144002961963,0.671618484645735,0.75
0.0218305419932935,22.8087410974889,2.0507170801487e-06,0.75,1e-06,1.02153193476501,1
0.000639478698376574,0.653965426700709,0.418886700763113,0.75,1e-06,-0.113092470332767,0
3.81827447944993e-05,0.0390242552331567,0.843439900285762,0.75,1e-06,0.0268207138129374,0.25
0.0111212254096995,11.4937165816122,0.00072502176923761,0.75,1e-06,0.476321841034631,0.5
0.0369113769161033,39.169216938171,5.70881120154354e-10,0.75,1e-06,0.836299982531781,0.75
0.0412249484670287,43.9434643881682,5.4628079837471e-11,0.75,1e-06,0.92342785249199,1
0.000199193592964256,0.203616411093982,0.651913212404683,0.75,1e-06,0.0834385358524945,0
0.00038140359519806,0.389943200030832,0.532468632327159,0.75,0.0168527787661298,0.114014411060289,0.25
0.00476131348227217,4.88934206919566,0.0272437222990889,0.75,0.0478391131220669,0.39771113362439,0.5
0.0238103144408988,24.9276771907926,6.99501021994564e-07,0.75,1e-06,0.921661936098106,0.75
0.0513668240829173,55.3395090383494,2.1449508835758e-13,0.75,1e-06,1.36744220400087,1
0.000223068911793096,0.228027293652798,0.633092539888403,0.75,1e-06,-0.0717389797159503,0
0.00131748668029643,1.34824768563051,0.245855821311469,0.75,1e-06,0.176912331690688,0.25
0.00684343847144511,7.0421868905065,0.00808474820876581,0.75,1e-06,0.426167440278539,0.5
0.0213303099470455,22.2747030866982,2.69167877764431e-06,0.75,1e-06,0.723434131454034,0.75
0.0285746882715828,30.0623538021645,5.27163657171315e-08,0.75,1e-06,0.836862701886032,1
0.00126432852938107,1.29377951938454,0.255619197970483,0.75,1e-06,0.174866823398251,0
0.00201931114482947,2.06791174725347,0.150733496474373,0.75,0.00387427303292464,0.219451160717007,0.25
0.00195529470431157,2.00222612995516,0.15737299375466,0.75,1e-06,0.209874773741132,0.5
0.0181249233919963,18.8656094323244,1.54233667255532e-05,0.75,1e-06,0.662245550584119,0.75
0.0314749584374323,33.2127783409282,1.09289839400617e-08,0.75,0.0355815801732907,0.934179826863414,1
0.000757294126056361,0.774541152294623,0.379022762072881,0.75,1e-06,-0.215051212922761,0
0.000277168546251946,0.283344788532615,0.594632957869391,0.75,1e-06,-0.12732004609656,0.25
0.00291867258979338,2.99161493126794,0.0839985925824376,0.75,1e-06,0.440223952042653,0.5
0.0136012114471461,14.092107837416,0.000183883505810556,0.75,1e-06,0.95743119291105,0.75
0.015466885233701,16.0554850535368,6.59758367673735e-05,0.75,1e-06,0.972056173164407,1
0.000109397571809148,0.1118165508481,0.738154029488443,0.75,1e-06,-0.050423698322326,0
0.0022374273256263,2.29177841443882,0.13037000194261,0.75,1e-06,0.231405209662744,0.25
0.0197207581571287,20.5600751054322,6.46260506087515e-06,0.75,0.00215963789213958,0.682895072541435,0.5
0.0203851271235022,21.2671331326814,4.50122844464218e-06,0.75,0.00304723764687109,0.697087613205877,0.75
0.0641281329255979,70.0298343776912,2.22044604925031e-16,0.75,1e-06,1.31749295457185,1
0.000472480486924685,0.48310331452631,0.487177987399641,0.75,1e-06,-0.0935077940738305,0
0.00289401278373879,2.9662654751862,0.0853204592994512,0.75,1e-06,0.232199486392346,0.25
0.0153428257629557,15.9246977933113,7.0619246096193e-05,0.75,1e-06,0.528833773842808,0.5
0.0318070916558155,33.5747632440699,9.12655440110655e-09,0.75,1e-06,0.769286560083149,0.75
0.0568314521014734,61.5815107247986,1.06581410364015e-14,0.75,0.0193964463063997,1.14474727495214,1
0.00151763070371737,1.55337603035724,0.212923337877241,0.8,1e-06,-0.198008004919545,0
1.09643052774546e-05,0.0112056428556477,0.915716815212682,0.8,1e-06,0.0172612962342321,0.25
0.00237140185902476,2.42933362620067,0.119393103210132,0.8,1e-06,0.255794293716563,0.5
0.0302813402070746,31.9139261466194,2.08854444849749e-08,0.8,1e-06,0.913601992032401,0.75
0.0277044776359296,29.1207513483931,8.45222949408253e-08,0.8,1e-06,0.888522645514271,1
0.0036778435623747,3.77263126837053,0.0523720516427848,0.8,0.00498523736889177,0.419581105839616,0
0.00339873679972399,3.48535481298089,0.0622002408109317,0.8,1e-06,0.405166644068904,0.25
0.00526021414311207,5.40436698189326,0.0202815929814792,0.8,1e-06,0.506014989067217,0.5
0.015764808262596,16.369699213795,5.60379970298008e-05,0.8,1e-06,0.834257180775025,0.75
0.0247726029378667,25.9607146792316,4.14856995645252e-07,0.8,1e-06,1.05865898835457,1
0.000337598629803159,0.345142319232889,0.557005682001328,0.8,1e-06,-0.104396272413297,0
5.14172945940821e-06,0.00525487452665835,0.942225738628692,0.8,1e-06,-0.0130292391143078,0.25
0.00556495863282187,5.71921491717022,0.0169602407520166,0.8,1e-06,0.450782388441401,0.5
0.0267987952581113,28.1425553321769,1.38155319184818e-07,0.8,1e-06,0.956512787576715,0.75
0.0238683252011788,24.989895303451,6.77810143567825e-07,0.8,1e-06,0.890608411097213,1
0.000371227296252286,0.379535190592472,0.537989282140398,0.8,0.0056643088514974,-0.106482628688351,0
0.00597319697426158,6.14129044520067,0.0133666931368923,0.8,1e-06,0.47129020873808,0.25
0.00859180173297208,8.85691825672438,0.00298854267920579,0.8,0.00139443061642845,0.537105603175275,0.5
0.0140000691281651,14.5112288561048,0.000147634998352242,0.8,0.00950835999945726,0.696308142197508,0.75
0.0243912962198351,25.5511299151842,5.10262688324659e-07,0.8,1e-06,0.904544136622796,1
0.0004382209279419,0.448058136809107,0.503409744973442,0.8,1e-06,-0.132204748455221,0
3.92659874763994e-06,0.00401299967752752,0.949501589207828,0.8,1e-06,0.0119774562580074,0.25
0.0135123145488219,13.9987408586657,0.000193112468611645,0.8,0.0034904978241457,0.756730495912353,0.5
0.00679534840662599,6.99236160486192,0.00831127743822702,0.8,1e-06,0.52643644755126,0.75
0.0239613672785453,25.0897008967696,6.44417418094179e-07,0.8,1e-06,0.992530897304697,1
0.000436740181397475,0.446543488872551,0.504131869323111,0.8,0.0062706827799804,0.153023164401104,0
0.00227366541074305,2.32898137417212,0.127294343701403,0.8,0.0143763529545516,0.335506766281741,0.25
0.00799795568156067,8.23981236063977,0.00418266698625347,0.8,1e-06,0.615691093101437,0.5
0.014971715718652,15.5336589909453,8.65630468380729e-05,0.8,1e-06,0.856415640978881,0.75
0.0109936301192503,11.3603818175898,0.000778340252794774,0.8,0.014344419640716,0.733368402544531,1
9.60221677905699e-06,0.00981355978012462,0.921107348122885,0.8,1e-06,-0.0168208745995865,0
0.00577475618660577,5.93608023879426,0.0150038665805368,0.8,1e-06,0.409866944914536,0.25
0.00904997331899501,9.33354102929981,0.00230831436939472,0.8,1e-06,0.502378264999546,0.5
0.0228554450439897,23.9046154598989,1.17495631224429e-06,0.8,1e-06,0.790781727282699,0.75
0.0319775199203408,33.7606058031823,8.32033153486123e-09,0.8,1e-06,0.980244853906856,1
0.00521650586323961,5.35922542307277,0.020810298499113,0.8,1e-06,-0.286207583471206,0
0.00334590263423665,3.4309922582247,0.0642718410101168,0.8,1e-06,0.230356243931841,0.25
0.0153585525352653,15.9412756099761,7.00129109352243e-05,0.8,1e-06,0.478326754414973,0.5
0.0204280119383089,21.3128064658755,4.39739235535974e-06,0.8,0.011451489204624,0.645964429540484,0.75
0.0459413276728014,49.2129449094307,4.17310630496104e-12,0.8,1e-06,0.876767983195017,1
0.000254416331794633,0.260079659607087,0.610175545822547,0.8,1e-06,0.101797471448453,0
0.00538506444687187,5.53333322070255,0.0188464241318822,0.8,1e-06,0.474948494837857,0.25
0.00438490792322848,4.5011128629958,0.0341129486781959,0.8,1e-06,0.406043708567198,0.5
0.0145050616048486,15.0423633674831,0.000111844440092934,0.8,1e-06,0.783184737844887,0.75
0.0380682425374968,40.4454303244462,3.04382519189517e-10,0.8,1e-06,1.32049817925886,1
0.000941698624720033,0.963323154553678,0.326583313049318,0.8,1e-06,-0.124400620371268,0
0.00584000561875001,6.00354648758242,0.0144439578255071,0.8,1e-06,0.316440264976917,0.25
0.0164223513393492,17.0638719695078,3.9097253707876e-05,0.8,0.00390328171939053,0.543962753017768,0.5
0.0235099419657623,24.6056378058553,8.23433905949855e-07,0.8,0.0119858222574929,0.670841498145737,0.75
0.0759290558676776,83.9756899505485,0,0.8,1e-06,1.14210662689431,1
0.00169311978967284,1.7333031148509,0.188284771178396,0.85,1e-06,0.346950721818984,0
0.00425343672,4.36558105058469,0.0369188021535973,0.85,1e-06,0.55656871482493,0.25
0.00439245959397185,4.50889886109992,0.033958701951132,0.85,0.00836347542850605,0.544644276299087,0.5
0.00747508906491477,7.69707736317215,0.00563182107620763,0.85,1e-06,0.703439154128385,0.75
0.0182160704864952,18.962241566149,1.46751392384736e-05,0.85,1e-06,1.14217771431201,1
0.000261793733448244,0.26762325767589,0.605042529439894,0.85,1e-06,0.118289068351486,0
3.77746411955017e-05,0.038607141672727,0.844268069797686,0.85,1e-06,-0.0435324955908491,0.25
0.00393663699605116,4.03914365229828,0.0447188287851072,0.85,1e-06,0.479444812940555,0.5
0.00615124323024199,6.32548014824725,0.0120540443752779,0.85,1e-06,0.554320865602924,0.75
0.0199503187947946,20.8042777823331,5.70323291437802e-06,0.85,1e-06,1.0869013572409,1
0.000165660679407684,0.169333266218581,0.680791315455779,0.85,1e-06,0.0645831445335181,0
0.00433789410412802,4.45264286766225,0.0350898221331604,0.85,1e-06,0.34406909818053,0.25
0.00319129331009006,3.27194349429638,0.0707678585123284,0.85,0.0110660755832966,0.304567321715391,0.5
0.0386509452905682,41.0894106500162,2.21715978909742e-10,0.85,1e-06,0.992012298183567,0.75
0.0506017812382275,54.4713687086084,3.26405569239796e-13,0.85,1e-06,1.1727948641996,1
0.0012040052052813,1.23197662606806,0.267284063704991,0.85,1e-06,0.186824307401125,0
0.00472088909275725,4.84763379430311,0.0279069160553191,0.85,1e-06,0.355146808521446,0.25
0.0127164536559338,13.1636100738128,0.000299556506708321,0.85,1e-06,0.598394493680891,0.5
0.0197611570112746,20.6030424217283,6.32198082506363e-06,0.85,1e-06,0.720507923757646,0.75
0.0336625233712564,35.6015364378146,3.33381366957042e-09,0.85,0.0212632309018894,0.962520219081658,1
0.00115910628605629,1.18598130273267,0.276398402794418,0.85,0.0145045025811295,-0.19965787008929,0
0.00372617557415149,3.82239434924174,0.0508441890298565,0.85,1e-06,0.337984751247573,0.25
0.00367348290258208,3.76814173066098,0.0525122653758698,0.85,1e-06,0.32626881946716,0.5
0.00824481219543925,8.496248033138,0.00363643002832248,0.85,1e-06,0.515537797201297,0.75
0.0579946598464021,62.9195396634999,5.77315972805081e-15,0.85,0.00514497043090696,1.35804686621487,1
0.00213765109103472,2.1893595017651,0.139275261397241,0.85,0.00647673629532825,-0.306453367712433,0
0.00296406852919065,3.03828371798407,0.0816225941701652,0.85,1e-06,0.362937530945503,0.25
0.00943142567426372,9.73069133114643,0.0018629212759087,0.85,1e-06,0.670001118244612,0.5
0.0032725972222071,3.35557580916764,0.0672686964222042,0.85,1e-06,0.401356725268901,0.75
0.0326230138074288,34.4650747196453,5.86137138824938e-09,0.85,1e-06,1.2364538141582,1
0.000140346246450035,0.143453997101967,0.704949800346681,0.85,1e-06,-0.0559957421504836,0
0.00332758355106184,3.41214458538136,0.0650071721148584,0.85,1e-06,0.275240767493331,0.25
0.00817720392003637,8.42600355558212,0.00377839901827492,0.85,0.0317695222652542,0.447124386817437,0.5
0.025778358346276,27.0425959591424,2.40345213953219e-07,0.85,1e-06,0.744977016023106,0.75
0.0596346383318705,64.8116177599922,2.22044604925031e-15,0.85,0.00905239127506031,1.1551724027292,1
0.00444871637392405,4.56690499919846,0.0328322813817956,0.85,1e-06,-0.149980589978224,0
0.0109788420834166,11.344930813096,0.000784770204883323,0.85,1e-06,0.235187279522998,0.25
0.0358028716415312,37.9492260881753,1.04264352707162e-09,0.85,1e-06,0.430252326071224,0.5
0.0988397026433212,112.093460395196,0,0.85,1e-06,0.756297349696965,0.75
0.185971035047485,233.483581053675,0,0.85,1e-06,1.07007399669661,1
0.000293559358017957,0.300105762749403,0.583935746077714,0.85,1e-06,-0.0982378276790923,0
1.95945420384836e-05,0.0200260143639106,0.887492342237444,0.85,1e-06,0.0254499814150558,0.25
0.00849625815714442,8.75758251851137,0.00315427418813807,0.85,1e-06,0.549010844600773,0.5
0.0161464620542369,16.7725007666129,4.54691494824466e-05,0.85,1e-06,0.752045385992937,0.75
0.0184308807464082,19.1900496392479,1.30525163277717e-05,0.85,1e-06,0.8340837715039,1
0.00064791279387049,0.662596179877754,0.415834500959662,0.85,1e-06,-0.146823348419672,0
0.00815190569151506,8.39972135303332,0.00383295791716387,0.85,1e-06,0.522592356853034,0.25
0.0152190347900003,15.7942264370062,7.55797473090958e-05,0.85,1e-06,0.689682517981865,0.5
0.0203940676076781,21.2766546279956,4.47938030490036e-06,0.85,1e-06,0.843819185517817,0.75
0.0472602176698091,50.6958388369319,2.03037586743449e-12,0.85,1e-06,1.23106716402979,1
0.000190459976816254,0.194687176421319,0.659137148097638,0.9,1e-06,0.0800698040496667,0
0.0085346600666054,8.79750631389362,0.00308656929901785,0.9,1e-06,0.557259050333417,0.25
0.0109955297242999,11.3623666181225,0.000777518150517853,0.9,1e-06,0.636049356863121,0.5
0.0129388214633014,13.3968145268337,0.000264944228109965,0.9,1e-06,0.672832346719886,0.75
0.0358503753177826,38.0014498131968,1.01608010893983e-09,0.9,1e-06,1.15469256658649,1
4.39260943592893e-06,0.00448926656311403,0.946593224478272,0.9,1e-06,-0.0213888322993933,0
0.000510398099748036,0.521893231255997,0.470200468899977,0.9,1e-06,-0.226816563262432,0.25
0.00615708179854893,6.33152129262496,0.01201331073973,0.9,1e-06,0.787999732972317,0.5
0.00695466657662921,7.15744689803078,0.00758464425868621,0.9,1e-06,0.863051261716155,0.75
0.00705092068753607,7.25721096156457,0.00717739012252516,0.9,1e-06,0.85324000707961,1
0.00015658248607716,0.160052362167628,0.689191915874283,0.9,0.0169773841116855,0.0741956071948457,0
0.0014692165890715,1.50374868654715,0.220377925970018,0.9,1e-06,0.212308724870314,0.25
0.0194633059857971,20.286337919748,7.43541624870225e-06,0.9,1e-06,0.757847084754013,0.5
0.00557030843866828,5.72474381309025,0.0169072243494504,0.9,1e-06,0.427020591840557,0.75
0.031493232065239,33.2326879236039,1.08211497540367e-08,0.9,1e-06,1.01914613323028,1
6.89660252766956e-06,0.00704837639312874,0.933108962429165,0.9,1e-06,0.0130042226102577,0
0.000621882919464253,0.635959836252097,0.425362835007568,0.9,1e-06,0.118488820523791,0.25
0.00585282385125106,6.01680125386545,0.0143365118669805,0.9,1e-06,0.365318896084962,0.5
0.0287539136034218,30.2564922672934,4.78321164898432e-08,0.9,1e-06,0.827747936604282,0.75
0.0375954941198934,39.9235402118094,3.93593158065642e-10,0.9,1e-06,0.948017868008609,1
4.33286209977633e-08,4.42818525783857e-05,0.994691846073323,0.9,1e-06,0.00297681371763868,0
0.000404178899068322,0.413237856869868,0.520474845211971,0.9,0.0103299701602199,0.287058854931709,0.25
0.00179203590331851,1.83474862860755,0.175867063201985,0.9,1e-06,0.63960984644857,0.5
0.00951859914909453,9.82149520628802,0.00177399276952661,0.9,1e-06,1.38473451455553,0.75
0.00139139137916869,1.42398330760868,0.233025819483003,0.9,1e-06,0.540864637682037,1
0.00777611076973902,8.00946771483045,0.00474449024684098,0.9,1e-06,0.577528781402501,0
9.89069536858734e-06,0.0101083906457088,0.919934956476612,0.9,1e-06,-0.0199835418148314,0.25
0.00342108902381992,3.50835537842074,0.0613453122790464,0.9,1e-06,0.377105734155403,0.5
0.00486656959621181,4.99795703306878,0.0255925549334846,0.9,1e-06,0.463503006409196,0.75
0.0260956055695891,27.3843192870259,2.02334821342021e-07,0.9,1e-06,1.0625107727287,1
5.44302510976121e-05,0.0556307446171578,0.813587240392871,0.9,1e-06,0.0769775040942621,0
2.08656698191014e-05,0.021325159518859,0.883925425754902,0.9,1e-06,0.049935260365653,0.25
0.00260649957235905,2.6708040124673,0.10251235098412,0.9,0.013314731138086,0.561133627421567,0.5
0.00133785956640313,1.36912417273609,0.242235206360326,0.9,0.000727076661122609,0.387614533241494,0.75
0.00453010520538794,4.65083629762777,0.0312711128996819,0.9,1e-06,0.71558162715972,1
0.000941355217476074,0.962971530535098,0.326671577365014,0.9,1e-06,-0.224715012775599,0
0.00160422527415405,1.64215261291109,0.20032104146944,0.9,0.0200502468065245,0.30223339726714,0.25
0.000123058425283755,0.125781189075055,0.722920157134072,0.9,1e-06,0.0820197038776486,0.5
0.0040424430887583,4.14814547873265,0.0419374780305628,0.9,1e-06,0.473367030844285,0.75
0.0217929300358102,22.7685683128557,2.09307807619297e-06,0.9,1e-06,1.10816111275112,1
0.0045040191170903,4.62393382400577,0.0317628850011271,0.9,1e-06,0.62677146903543,0
0.000539803619314571,0.55197725826128,0.457681649227203,0.9,1e-06,0.216147764622707,0.25
0.00465172826231184,4.77628426056641,0.0290807265813973,0.9,1e-06,0.646074122015336,0.5
0.00426966483918133,4.38230845396365,0.0365597917599203,0.9,1e-06,0.603626043207463,0.75
0.0187128720080015,19.4892551289366,1.11921323868724e-05,0.9,1e-06,1.26628922598044,1
0.00192097971038206,1.96701986926925,0.161068223633375,0.9,1e-06,0.284853163719522,0
0.00350946448834733,3.5993043378474,0.0580854372429371,0.9,1e-06,0.401694998120608,0.25
0.00578530609678058,5.94698797670889,0.0149118471891585,0.9,1e-06,0.513568095179782,0.5
0.00823201333903082,8.48294938498099,0.00366288419756433,0.9,0.00370008284256029,0.618672605703397,0.75
0.0181651007759041,18.9082023949698,1.50889485004413e-05,0.9,1e-06,0.892715037960258,1
0.00411151470775249,4.21931581033388,0.0402202008265127,0.95,0.00177133389761198,-0.444370198123522,0
1.59874383229032e-05,0.0163394231915276,0.898312016007794,0.95,1e-06,-0.0277121046617206,0.25
0.0175585438747243,18.2655482706748,2.10108283384969e-05,0.95,1e-06,0.941838393425245,0.5
0.00615220652713537,6.32647686298256,0.0120473140503605,0.95,1e-06,0.552628504000244,0.75
0.0209676944031404,21.887922959749,3.27848889680737e-06,0.95,1e-06,1.05696014022759,1
6.64568516579083e-06,0.00679193537650241,0.934334277978998,0.95,1e-06,-0.0119970891402998,0
0.00561445787922921,5.7703734713747,0.016476167167605,0.95,1e-06,0.357204781912567,0.25
0.00542296483025359,5.57248947093702,0.0184318114885009,0.95,0.0200421764873305,0.3443481074968,0.5
0.027144329027808,28.5155394517022,1.14538301509981e-07,0.95,1e-06,0.787282220184351,0.75
0.0598180366302238,65.0236186375813,2.22044604925031e-15,0.95,1e-06,1.19503015133823,1
9.58264393448579e-09,9.79346219489174e-06,0.997503674206196,0.95,1e-06,0.000368708791678447,0
0.00701040714353813,7.21521771450391,0.00734601388569733,0.95,1e-06,0.315601757750599,0.25
0.0218506968045349,22.8302694295046,2.02837178697735e-06,0.95,1e-06,0.547702611046609,0.5
0.029068406962674,30.5973274831019,4.03296200879311e-08,0.95,1e-06,0.63732064983211,0.75
0.0618510721509108,67.3792762127413,6.66133814775094e-16,0.95,1e-06,0.965518572076904,1
0.000381625236112447,0.390169889983309,0.532349533929928,0.95,1e-06,0.112051795077642,0
0.00232785458768483,2.38461843357437,0.122844379917669,0.95,1e-06,0.277849167979401,0.25
0.00194851689787293,1.99527209101133,0.158095163266876,0.95,1e-06,0.260262321382934,0.5
0.0117509896453129,12.1523131231869,0.000511099220361189,0.95,1e-06,0.647331675855464,0.75
0.0310747558901216,32.7769357984679,1.35796529576737e-08,0.95,0.00143764839134428,1.07158649914897,1
8.53488961328979e-07,0.000872266462948014,0.976444343231437,0.95,0.0200136385182775,-0.00501550745857043,0
0.00510396655645436,5.24301398874996,0.0222381639005018,0.95,0.0165634843476609,0.382030658785351,0.25
0.013008667666884,13.4700862307759,0.000254925639533443,0.95,1e-06,0.610133427116026,0.5
0.0195122899323419,20.3384092488802,7.23964632109997e-06,0.95,0.00782339830241595,0.758698632463596,0.75
0.0518912428999676,55.9354080917655,1.60982338570648e-13,0.95,0.00154857320173355,1.19581238217332,1
2.54079774789324e-06,0.00259670189604122,0.959369069745357,0.95,0.00414837208798135,0.00760628519701593,0
0.0035523427285115,3.643437005492,0.0565705009307038,0.95,1e-06,0.267626986600824,0.25
0.00601949005961031,6.18917451539435,0.0130118901459908,0.95,1e-06,0.362765364540372,0.5
0.019344738547733,20.1603188938231,7.93152816136455e-06,0.95,1e-06,0.651348253816969,0.75
0.0713910945531246,78.5709658881442,0,0.95,1e-06,1.22359577417935,1
0.00206492428689598,2.11471935656703,0.146195821436532,0.95,1e-06,-0.0932528978772723,0
0.0286961457379956,30.1939097796688,4.93548490965168e-08,0.95,1e-06,0.350907170410749,0.25
0.0837225182453821,93.3826437412057,0,0.95,1e-06,0.590149441446362,0.5
0.0302494390465421,31.8792563266686,2.12500683716144e-08,0.95,0.0505979183201175,0.756726124336965,0.75
0.19372378502898,245.555685041179,0,0.95,1e-06,0.973116515536991,1
0.000440825561700498,0.45072241401924,0.502143801878623,0.95,1e-06,-0.127367846335387,0
5.40522102547167e-05,0.0552443449592696,0.814223874187927,0.95,0.00587707555770785,0.0486036526283532,0.25
0.0134241682148741,13.9061787990256,0.000202723447509712,0.95,1e-06,0.726802490722935,0.5
0.0109992928709078,11.3662985607961,0.000775892138590972,0.95,1e-06,0.66747561618975,0.75
0.0238227686564733,24.94103405117,6.94786434607408e-07,0.95,1e-06,0.977672387307026,1
4.40430025997098e-05,0.0450139312055925,0.832020719413396,0.95,1e-06,-0.0422821499853597,0
0.000685223889720945,0.700779005811003,0.402717766060012,0.95,1e-06,0.171462170861648,0.25
0.00578532904064828,5.94701169903002,0.0149116476995552,0.95,1e-06,0.495771991079494,0.5
0.02240204518603,23.4195356765853,1.50317145219958e-06,0.95,1e-06,0.978869332272138,0.75
0.0239811423451177,25.1109159259467,6.37535108705123e-07,0.95,1e-06,1.06848575602843,1
5.2529928348643e-06,0.00536858687837972,0.941605090947349,0.95,1e-06,0.00493992880982761,0
0.0120436616945315,12.4586702616057,0.000434586889221267,0.95,1e-06,0.230870610490045,0.25
0.075080243042756,82.9607193624297,0,0.95,1e-06,0.592240856174432,0.5
0.100996423614126,114.814164976507,0,0.95,1e-06,0.704420335651793,0.75
0.144421454753483,172.513356696587,0,0.95,0.00582571022402665,1.02007319560915,1
0.000469778904427642,0.480339693780148,0.48842595325266,1,1e-06,0.114457239512931,0
0.00615267769036994,6.32696437209805,0.0120440235487878,1,0.00968268922225413,0.41645992355342,0.25
0.00128021405368226,1.31005591485658,0.252652515354571,1,1e-06,0.18148654815048,0.5
0.0162780649234501,16.9114683312123,4.23091712815626e-05,1,1e-06,0.669546443691528,0.75
0.0380372289185377,40.411177150902,3.09559045064134e-10,1,1e-06,1.03006925131012,1
0.00030898895744811,0.315884319278457,0.574214818970044,1,1e-06,-0.126486126768128,0
0.00107780038672905,1.10270048624761,0.293922466687178,1,1e-06,0.238264216929717,0.25
0.017770661804133,18.4901994448493,1.87131230808824e-05,1,0.0027947239896679,0.952861557146753,0.5
0.00974660712814073,10.0590743305323,0.00156115676715629,1,1e-06,0.69986850218657,0.75
0.0269381806203028,28.2929820548294,1.28092680684588e-07,1,1e-06,1.12001348789645,1
6.12994539239499e-06,0.00626484259417067,0.936928205241694,1,1e-06,-0.0105656326850542,0
0.00404101578071003,4.14667490662078,0.0419737646082776,1,0.0088240197907991,0.280030250747707,0.25
0.00990362242274619,10.2227443158753,0.00142977962813307,1,0.00735374928408279,0.443873101841236,0.5
0.0226599943932285,23.6954531043696,1.3065858790462e-06,1,1e-06,0.674169785125569,0.75
0.0449862315360431,48.1416395742479,7.02926605811172e-12,1,1e-06,0.913941420112167,1
0.000329414319220566,0.336772371885035,0.561826146132655,1,0.00658047917363347,0.129071805627236,0
6.99936606297868e-05,0.0715385284071214,0.789163682017454,1,0.00368691262613725,0.0591960970772003,0.25
0.000723416175532639,0.739866562833646,0.389905354520263,1,0.00252340939942598,0.191855780367608,0.5
0.00875445043467454,9.02606659687983,0.00272644674874556,1,1e-06,0.648444494128578,0.75
0.00572614091067195,5.88581903990394,0.0154355079772139,1,1e-06,0.539483512409016,1
0.00087369082046359,0.893692829735443,0.344701987720087,1,0.00284431950229433,0.0853533633658051,0
0.00519108947375846,5.3329774050523,0.021124268385015,1,1e-06,0.187080781809058,0.25
0.0276424941040709,29.0537470046373,8.74128398553609e-08,1,1e-06,0.438125599357923,0.5
0.0885085747967045,99.239291715835,0,1,0.00400050761471996,0.882698850940451,0.75
0.109870078790174,126.147001519667,0,1,0.000881542608074547,0.957865863247948,1
0.00357759864614922,3.66943357696157,0.055697825057009,1,1e-06,-0.119804166005603,0
0.00810452939375835,8.35050596143827,0.00393729278790045,1,1e-06,0.177640374007887,0.25
0.0465666105718537,49.9154702700089,2.96584978798364e-12,1,1e-06,0.461257979881997,0.5
0.151598122503817,182.617796245504,0,1,1e-06,0.848234185895442,0.75
0.21269542602997,276.099914301913,0,1,1e-06,1.02429955716164,1
0.000826904150066004,0.845795433121211,0.357961528750681,1,1e-06,0.0932732468906472,0
0.0102108490576459,10.5431421702074,0.00120412462602149,1,0.00187604359884652,0.346769754561002,0.25
0.018967974344443,19.7600784409325,9.73911454371645e-06,1,1e-06,0.463830929203729,0.5
0.0223170114043942,23.3286105223673,1.57426102576075e-06,1,1e-06,0.499833409407234,0.75
0.0888076257464404,99.6072795135198,0,1,1e-06,1.06328166188569,1
0.000123241514373558,0.125968352220267,0.722722598310952,1,1e-06,0.0844131614078633,0
0.0130256656742885,13.4879194485008,0.000252545698586015,1,0.00824290314371639,0.84038498057817,0.25
0.0175604301609505,18.2675455829121,2.09891974074505e-05,1,1e-06,0.968791889965999,0.5
0.00913104870247439,9.41792732702828,0.00220539505161366,1,0.0156906618128617,0.729126124314328,0.75
0.0211886850257993,22.1236062202016,2.90718326234618e-06,1,1e-06,1.14512718466485,1
5.94598458176391e-05,0.0607715758941599,0.805330068434651,1,1e-06,0.0175616287435827,0
0.017849970555177,18.5742191727091,1.79202811145807e-05,1,1e-06,0.318967345117007,0.25
0.0379997622325348,40.369799795245,3.15929948868643e-10,1,1e-06,0.446898605684591,0.5
0.111802896382684,128.645499560573,0,1,1e-06,0.828690830199752,0.75
0.134148169012471,158.340519502488,0,1,0.00119626037377978,0.969752790952658,1
0.00196536365040941,2.01255705720302,0.156307059807129,1,0.0120623322617281,0.487238842698667,0
0.000294237467476859,0.300799198155634,0.583501610512606,1,1e-06,-0.188211463566629,0.25
0.000429719312974828,0.439361940171352,0.507580041112959,1,1e-06,0.223807796179679,0.5
0.00202304845089007,2.0717467608849,0.150355784170293,1,0.00259480771077578,0.502251551734507,0.75
0.0212886545338192,22.2302571992765,2.75334789101578e-06,1,0.0159881534995098,1.60339676439273,1
