"AIC","F","P","lambda.input","lambda.est.y","slope","beta"
2888.22997613897,0.00288400193772429,0.957182364179999,0,0.03000679235813,0.0016319006009384,0
2955.68209273717,64.3179662052018,2.88657986402541e-15,0,1e-06,0.252371795627811,0.25
2864.21754507101,278.4654170112,0,0,0.00975089307395769,0.501953102464355,0.5
2959.68163009722,520.927411739529,0,0,0.00820253890342031,0.71937248423958,0.75
2950.42153772881,972.731706905685,0,0,1e-06,0.97893906662202,1
2911.19644852864,0.690004861951879,0.406356734410057,0,1e-06,0.0252027620795759,0
2953.42358912888,36.6014055276435,2.03102512585929e-09,0,0.019212385640813,0.187398929279481,0.25
2920.78052042236,269.180533270435,0,0,1e-06,0.500122353732213,0.5
2895.90941331762,567.304785498683,0,0,0.0154844687985759,0.717407626263643,0.75
2894.5101874238,1210.12022947751,0,0,0.0441175003126082,1.04582576831439,1
2952.31368256855,0.00972803198797124,0.921450766388709,0,0.0186634037131282,0.00307931717893772,0
2868.79740205704,72.2258500675016,0,0,1e-06,0.254533045082333,0.25
2940.57642609615,269.116645172111,0,0,1e-06,0.50884958887706,0.5
2955.86724145524,622.536113804939,0,0,1e-06,0.779729491010309,0.75
2832.76093563398,1113.62514493637,0,0,1e-06,0.982031776154396,1
2960.07816775629,2.46029433970745,0.117066445690023,0,0.0160101856875432,-0.0507557682159192,0
2924.40475636908,26.3456701946168,3.41572454765071e-07,0,1e-06,0.163275253308283,0.25
2907.62582541541,258.39736378834,0,0,1e-06,0.507167804147264,0.5
2850.10211387938,584.72749630913,0,0,1e-06,0.741798652868036,0.75
2915.24152701092,999.264286624192,0,0,1e-06,1.00106617927736,1
2887.09736211413,0.854196905946573,0.355585919362199,0,1e-06,0.0288631330055987,0
2940.81939844226,57.6907112722888,6.90558721316847e-14,0,0.0192660331075729,0.243319621283525,0.25
2879.24074696747,322.516426964076,0,0,1e-06,0.558694423576915,0.5
2868.28175063295,656.683006290137,0,0,1e-06,0.792961979231483,0.75
2906.15760166497,953.087169913647,0,0,1e-06,0.973134027526182,1
2892.49090497627,0.0026958297804045,0.958601484116691,0,0.00269558719432673,-0.00156159914460541,0
2897.69352694342,99.6026961799996,0,0,1e-06,0.301042036627303,0.25
2878.93233875415,285.348048335895,0,0,1e-06,0.504894444533322,0.5
2924.03332621495,644.385177953702,0,0,0.00839285727639794,0.774743840810272,0.75
2899.34993693789,1152.60833089643,0,0,0.012713004235618,1.02319116710814,1
2861.20683549685,0.816855578819476,0.366314110961623,0,0.0137316997478139,-0.0269622785152554,0
2824.47853989005,60.7846631665193,1.55431223447522e-14,0,1e-06,0.22865124435855,0.25
2901.39227165669,273.717958034739,0,0,1e-06,0.503777037903657,0.5
2905.83520573989,622.702784443786,0,0,1e-06,0.761498909430259,0.75
2913.81613658467,1103.59517458195,0,0,1e-06,1.01771505100348,1
2974.85244083186,0.0913614817773591,0.762514897792189,0,0.0289067997951775,-0.0093756227564022,0
2930.0442762102,54.8552783860983,2.70894418008538e-13,0,0.00643456677017496,0.224817590272482,0.25
2913.53287857592,217.416034541205,0,0,1e-06,0.443350707417149,0.5
2901.46380907415,495.830363561093,0,0,1e-06,0.665593142543656,0.75
2932.36077109702,1138.94853141142,0,0,1e-06,1.02410921156959,1
2895.43787160534,0.0206091612241581,0.88587708814058,0,0.0125972831245952,-0.00437536002469935,0
2900.97728291289,33.3322453456076,1.0297734664988e-08,0,0.0110145157474881,0.176457685408299,0.25
2952.1343195519,196.884706926162,0,0,1e-06,0.44010089371579,0.5
2954.29691177049,519.702908999008,0,0,0.00387276766894288,0.715536609319609,0.75
2933.47852230287,1001.29845931537,0,0,1e-06,0.983494474729341,1
2904.68060879916,0.29425841493807,0.587622735305797,0,0.00477003111228615,-0.016490807490205,0
2864.52192333659,86.9947097760402,0,0,1e-06,0.277987734692454,0.25
2937.07995941868,246.694729721515,0,0,0.000670923106250992,0.48502833742105,0.5
2858.015134369,620.607901380897,0,0,0.0099902874700555,0.740276251410794,0.75
2905.88051795025,967.803322933506,0,0,1e-06,0.946113374710557,1
2864.389612189,0.161024041336255,0.688299337661284,0.05,0.050346377307076,0.0123321706958798,0
2890.23908569094,46.5674869747765,1.51434420558871e-11,0.05,0.0488569838753601,0.21239422707217,0.25
2940.46690975599,256.662265816843,0,0.05,0.0529474943542711,0.510931165310243,0.5
2810.57856033252,686.545597923356,0,0.05,1e-06,0.785318464616451,0.75
2984.02391487311,862.468030116292,0,0.05,0.0801985518520666,0.955557271728777,1
2963.58449138307,1.21122271662304,0.271349249157175,0.05,0.0155154548822791,-0.0360558548189523,0
2851.41587750805,76.2188231025069,0,0.05,0.0324001617518474,0.271392389375267,0.25
2918.32763637111,304.948580983067,0,0.05,0.0481374217510711,0.561517544895549,0.5
2935.87639891026,578.689638097555,0,0.05,0.0484697407316564,0.780192949599946,0.75
2902.35043492832,905.223599753769,0,0.05,0.0476364810736704,0.959904315057954,1
2907.45452007583,0.00782617305220973,0.929523907931095,0.05,0.0843950896358077,-0.00279076601776633,0
2843.62255064355,51.1420722786581,1.63513647066793e-12,0.05,0.0285708961705282,0.21891387144245,0.25
2855.6433239833,304.354290696687,0,0.05,0.0652140239984045,0.536996041743131,0.5
2840.8327322878,496.016392395985,0,0.05,0.00492282527694369,0.678907247776177,0.75
2911.54414080098,898.899219464136,0,0.05,0.0771036511279717,0.947988957229398,1
2884.64042079482,0.0335652239454961,0.854671043362744,0.05,0.0531865868059109,0.00574648743566138,0
2862.98197738164,42.8471272033133,9.3502094955511e-11,0.05,1e-06,0.202623701122218,0.25
2882.86802042931,208.393377851019,0,0.05,0.0382921629919162,0.452350203913491,0.5
2960.68780557609,530.159536884564,0,0.05,0.0133320826139998,0.748649753670156,0.75
2821.04776718269,1162.62206469956,0,0.05,0.0237204318559319,1.03621928942156,1
2847.97700974279,0.171446028947947,0.678916741666637,0.05,0.0458908804438002,0.012762998401285,0
2861.43727675863,44.6109385063342,3.93993726532926e-11,0.05,1e-06,0.205096557364965,0.25
2963.13471573474,247.494203092727,0,0.05,0.0152331338047022,0.511064637414171,0.5
2933.19120559435,568.511101891333,0,0.05,0.0511030474338297,0.766400565445422,0.75
2829.80318312429,1113.46802197862,0,0.05,1e-06,1.00894689276398,1
2882.68720974774,1.13845464825548,0.286231084051029,0.05,0.0331931617200421,-0.0327814346744458,0
2864.71043109105,95.6331934012183,0,0.05,0.0689873349212024,0.297562602585138,0.25
2997.93544584485,262.290360199411,0,0.05,0.0771523096223509,0.525780959772012,0.5
2899.58299082918,586.370092108611,0,0.05,0.0438791083467124,0.749973968124379,0.75
2810.04937231624,1225.11627254609,0,0.05,0.103974876268574,1.03573200614235,1
2874.442595354,0.0228739727323236,0.879815110038666,0.05,0.0331693149549587,0.0046029496175197,0
2888.83080679224,56.8142049664652,1.05249142734465e-13,0.05,0.0657258929669684,0.23077822329034,0.25
2793.62142712804,311.089343028648,0,0.05,0.0366043294007339,0.515984056460102,0.5
2818.54123943599,608.334946360534,0,0.05,0.0318143689164492,0.730455652998918,0.75
2870.27029440981,1128.22880520652,0,0.05,0.0644497186755348,1.0191793106552,1
2836.90201883797,1.74798372404709,0.186426230228218,0.05,0.0258272587585803,0.0395713698258123,0
2877.95880722055,59.2903567444042,3.19744231092045e-14,0.05,0.0854672379826659,0.235023668069649,0.25
2918.1783054765,216.670828676297,0,0.05,0.0408151697494645,0.458610402931101,0.5
2895.85832062981,542.92004727672,0,0.05,0.0259688768050194,0.71777165636611,0.75
2888.48245627057,1090.10849624151,0,0.05,0.0269522621241817,1.01347787049005,1
2872.02441785441,0.584377257385372,0.444778134840211,0.05,0.0423233025231401,0.0234650252581019,0
2876.99085553111,57.9904110957236,5.99520433297585e-14,0.05,0.0517619551294587,0.234394043239913,0.25
2897.97510943866,262.062508030831,0,0.05,0.0255889241347905,0.502511597293297,0.5
2889.87006256144,673.247221997281,0,0.05,0.0315625914185382,0.802821199633268,0.75
2892.59813827584,1057.22821961579,0,0.05,1e-06,0.99334861802452,1
2902.98733233874,0.0332976242326554,0.855245088967255,0.05,0.0324975152467455,-0.00564603982219217,0
2895.88330369109,44.4090749539717,4.34909885882462e-11,0.05,1e-06,0.205136418562094,0.25
2854.12979237527,199.139071187434,0,0.05,0.0103737662076046,0.426222669708834,0.5
2951.14076050545,548.879252086977,0,0.05,0.0623046147949094,0.741380906024933,0.75
2900.08637216773,1065.6323119286,0,0.05,1e-06,1.00693604984611,1
2859.26734524849,4.67503838230516,0.0308354993574995,0.1,0.117803390121016,-0.0678396180351403,0
2870.14525188491,72.5725887588396,0,0.1,0.150014696646358,0.268373109702008,0.25
2835.25119038223,254.801556013287,0,0.1,0.0645615109877434,0.49540001497769,0.5
2862.69112630483,560.468225921917,0,0.1,0.0699472639119619,0.744671689120097,0.75
2843.72060563768,1108.72373665355,0,0.1,0.110467849544634,1.03706190446653,1
2869.35211034928,0.150530686238278,0.698109527058364,0.1,0.13036307102676,-0.0121944217375429,0
2922.74970139668,37.1770786195294,1.52741219672237e-09,0.1,0.0829491969200686,0.196860895808126,0.25
2870.29111357198,261.676744319819,0,0.1,0.080749552640673,0.509075546738419,0.5
2896.75055445866,545.111801342365,0,0.1,0.152932900411791,0.743171991083328,0.75
2834.55457267217,1144.03085363688,0,0.1,0.111395017525653,1.04565230695951,1
2868.94595608576,0.723156805873903,0.395309547363035,0.1,0.169601769455484,-0.0264783130748744,0
2917.29055384083,47.2049833051202,1.10955689081038e-11,0.1,0.226760715233552,0.218693191662447,0.25
2890.41452434033,251.055134962587,0,0.1,0.0320779915165588,0.498255965943427,0.5
2824.86779470867,659.091690290453,0,0.1,0.0823645898621766,0.782951945498487,0.75
2873.26386960243,959.044294310984,0,0.1,0.0866448827253507,0.967066971948938,1
2807.1786518906,0.0996092306064938,0.752363513640466,0.1,0.0795007064972253,-0.00949329722141158,0
2868.758345828,54.3295514790792,3.49498208151999e-13,0.1,0.0287434769086911,0.228838387835057,0.25
2816.43246595997,305.728869533355,0,0.1,0.0578257875952365,0.528753924501567,0.5
2803.40472503618,558.627376679023,0,0.1,0.101578455760713,0.708942824000704,0.75
2870.95399141418,1053.99083902726,0,0.1,0.0834371195197115,1.00725368758872,1
2819.48529004013,0.247855821328406,0.618696026652404,0.1,0.0730998847725348,-0.0154596216392522,0
2893.19770316272,58.1508913863793,5.55111512312578e-14,0.1,0.0962046034235559,0.24515523678768,0.25
2854.0591443019,251.277855058102,0,0.1,0.100822963418766,0.499828995317468,0.5
2816.43971126519,596.851553334784,0,0.1,0.112916967578008,0.755755513895272,0.75
2882.75366284407,1013.03712239097,0,0.1,0.0661354365981709,1.01973652504439,1
2885.31619162116,0.608632289817186,0.435483881996304,0.1,0.0887396139580862,0.0255786811877113,0
2882.12185697272,45.3049855021803,2.80577783229319e-11,0.1,0.0914420327819739,0.220348990637307,0.25
2859.89393064264,200.766458366856,0,0.1,0.0948539206882484,0.458864539561369,0.5
2889.49665236168,467.563235497971,0,0.1,0.078838204679475,0.710272394832428,0.75
2865.3320325587,910.985564725056,0,0.1,0.0428527068144788,0.977850346214371,1
2869.66737407986,1.29780615548129,0.254881286969949,0.1,0.106941286928805,0.0349776989099728,0
2859.21194574398,29.4694817166582,7.0956897690877e-08,0.1,0.0220683893123984,0.165603900625211,0.25
2804.11157016493,229.171225286666,0,0.1,0.125988568364815,0.449930280620548,0.5
2879.18207468289,603.78017877805,0,0.1,0.190765771056241,0.755624824869148,0.75
2766.67489448539,1282.85558463668,0,0.1,0.131471515065056,1.04505902820425,1
2812.52523463047,1.2936744997759,0.255638478839769,0.1,0.0637490996769448,0.0354183604244949,0
2877.60292370307,74.2721422752148,0,0.1,0.11539723463808,0.277515373390728,0.25
2798.95996778188,300.715539920436,0,0.1,0.109936002851524,0.537325779677128,0.5
2860.08760077726,571.090889642262,0,0.1,0.0922211077993926,0.762597981499523,0.75
2870.9370426463,965.527631376748,0,0.1,0.0651717982445549,0.995684972003925,1
2870.6722043378,0.0746348310204019,0.784759470435329,0.1,0.074306522441323,-0.00841682700336752,0
2919.58343234701,49.4916431883231,3.64419605602961e-12,0.1,0.0763178211674629,0.221957075605608,0.25
2868.44905986689,204.835254021148,0,0.1,0.0765383086399735,0.440409682809954,0.5
2901.62803280759,610.168210501206,0,0.1,0.129802884756819,0.770317559350874,0.75
2782.60429119301,1039.85122272928,0,0.1,0.102936402339298,0.950217404237273,1
2824.9290950772,0.0960896522582387,0.756636844772123,0.1,0.186471539958567,-0.00949029162659535,0
2783.98770266346,53.7335709452848,4.66071625737641e-13,0.1,0.100199581403081,0.220628647733839,0.25
2879.19066338935,265.16117169193,0,0.1,0.0906096452683106,0.513533170621527,0.5
2932.5676107571,577.000072211035,0,0.1,0.101455989812703,0.777359948642066,0.75
2948.22365762559,1044.12095943427,0,0.1,0.127095519941267,1.05300269477506,1
2770.33229645939,7.29381125252371,0.007033654654514,0.15,0.0884263566716998,0.0803770039855157,0
2815.36683160736,124.277082851647,0,0.15,0.101918818833599,0.339599368039635,0.25
2790.25341532487,258.244316377555,0,0.15,0.0759028930464379,0.482223478411652,0.5
2778.47685637778,623.438765893359,0,0.15,0.166730369362461,0.749602076449794,0.75
2828.17700825481,1132.41011528045,0,0.15,0.112081455671066,1.03238963543384,1
2776.65385628702,0.591350428372638,0.442075063753566,0.15,0.159261009379308,0.0227402700491764,0
2827.70727057503,76.7179688516994,0,0.15,0.138539692029468,0.265572448471318,0.25
2879.11421662222,285.129728989321,0,0.15,0.16012413675958,0.524951052285587,0.5
2869.7916020904,593.396061489754,0,0.15,0.128381221259646,0.753906142431732,0.75
2877.10562513377,907.090662139891,0,0.15,0.153932278896015,0.935441357502847,1
2862.19532629495,2.38471953503472,0.122836452713654,0.15,0.203460359467903,-0.0489486851243347,0
2798.60496528087,96.9232432018029,0,0.15,0.0797461378553566,0.302379505040567,0.25
2754.20120416521,327.268857187966,0,0.15,0.139248963663119,0.544289891158524,0.5
2936.86482404411,569.903351035203,0,0.15,0.14480493798205,0.785263831120148,0.75
2747.66858114824,1119.76120958307,0,0.15,0.102903376689493,1.00320685398822,1
2816.87666343141,0.5699301037314,0.450460623290819,0.15,0.158601470679235,-0.0232999185133897,0
2752.05998685758,109.67106642741,0,0.15,0.186252421922832,0.312879430969715,0.25
2807.34413055054,292.597600101854,0,0.15,0.142636421779496,0.525686574937115,0.5
2836.71683462156,563.182417908859,0,0.15,0.190111940716359,0.73883900000168,0.75
2810.0787513812,1070.78659690152,0,0.15,0.203970064104366,1.00509788669426,1
2864.54405738105,0.00452074154747121,0.946406610908303,0.15,0.134337546561443,-0.00217401096003953,0
2777.85376233341,59.0000757130731,3.68594044175552e-14,0.15,0.0663842651107418,0.237366268685313,0.25
2803.29154910097,293.123749869444,0,0.15,0.0731083386991433,0.535989311276592,0.5
2874.48560122256,644.685542477765,0,0.15,0.129359022284471,0.824909050996242,0.75
2782.16886644149,1133.30122210707,0,0.15,0.116201676343423,1.04522112679815,1
2881.91217918011,0.00909050147461711,0.924060189201696,0.15,0.0784910768043986,-0.00311083001227164,0
2838.49054934639,46.222420562451,1.79216641527091e-11,0.15,0.0893610065946173,0.21715817155229,0.25
2821.02253776049,214.169056435931,0,0.15,0.123706499511762,0.463243514404056,0.5
2784.76755465423,579.738282665918,0,0.15,0.129960244141262,0.748692749312751,0.75
2806.27760368119,1129.23537242052,0,0.15,0.13945216165439,1.05572329491623,1
2813.60835745176,0.14651981046365,0.701963181677349,0.15,0.213839774738007,-0.0117342284887084,0
2847.23612818309,46.8853848850291,1.29674049276218e-11,0.15,0.166984519296636,0.2135356499314,0.25
2806.51198554602,213.351583429794,0,0.15,0.107297183481516,0.446477521333868,0.5
2758.62388803983,641.287741310974,0,0.15,0.0482721083265168,0.754109807787082,0.75
2820.45571057881,1128.96843911548,0,0.15,0.124677359123522,1.03428141650307,1
2748.10412007672,0.484352588983803,0.486615590223749,0.15,0.208037451234288,-0.0216828757968493,0
2861.59707155783,37.163362373709,1.53781343215087e-09,0.15,0.128662583572528,0.200984703611245,0.25
2820.49827607701,248.093304734384,0,0.15,0.126092531644715,0.508972449369896,0.5
2823.03351563584,521.873127327485,0,0.15,0.149918049357112,0.739065929152523,0.75
2869.92683236789,871.42468835107,0,0.15,0.180110095205624,0.976735873424843,1
2747.51096525614,0.221851897945239,0.637732990740933,0.15,0.0431346040671834,-0.0143345313896099,0
2894.09900348673,66.7618435935403,8.88178419700125e-16,0.15,0.154677403764668,0.271397563982364,0.25
2878.02830464208,263.667029933608,0,0.15,0.120857142618205,0.533721427249287,0.5
2763.40993937687,487.027846237722,0,0.15,0.136752498834062,0.686838720063434,0.75
2778.89619040278,1083.61581305884,0,0.15,0.0853895490273446,1.02649638233516,1
2920.27993850057,0.467216098196789,0.494425623642117,0.15,0.148098258847126,-0.0228011767226513,0
2794.16018708288,87.590332912393,0,0.15,0.154678909565244,0.293633063819051,0.25
2757.07293336047,269.488488779956,0,0.15,0.152514856093757,0.505758348136882,0.5
2842.14449709498,546.552635712277,0,0.15,0.205830638143859,0.751958263943802,0.75
2829.4382865035,1019.6838058205,0,0.15,0.105799842024951,1.0163913129563,1
2785.98802121519,2.26462267968706,0.13266741819457,0.2,0.100545489819368,0.0469337406981371,0
2797.47465242005,58.1743797429612,5.46229728115577e-14,0.2,0.241092103400271,0.239762885205256,0.25
2851.26806086864,197.950924196142,0,0.2,0.141819201311743,0.453774400366881,0.5
2858.93791349511,481.175741802039,0,0.2,0.147341981680678,0.710232575514159,0.75
2813.75580376368,952.960169911993,0,0.2,0.207439502350037,0.978334160352037,1
2770.99882692458,3.72001516439753,0.0540405693599124,0.2,0.160158657565287,0.0607612668658777,0
2770.20693133506,85.609737668515,0,0.2,0.174552251062327,0.291427899371439,0.25
2891.10619680989,204.441131375404,0,0.2,0.147320837496931,0.47753459035389,0.5
2802.52769666444,528.541266725418,0,0.2,0.158391621860001,0.735474027855656,0.75
2715.33429188752,1021.49501294899,0,0.2,0.318829797307792,0.978739568850808,1
2752.42377284375,1.45907960218839,0.227356064510647,0.2,0.214756403784905,-0.0364242671077083,0
2816.65315557739,96.9888263528892,0,0.2,0.160234907263404,0.306322872991906,0.25
2852.38181829703,225.103093937794,0,0.2,0.174581314628419,0.474993523785023,0.5
2752.37813592302,696.337220176636,0,0.2,0.217418486983988,0.795690760133453,0.75
2809.17010459686,1214.3252262868,0,0.2,0.288889745967493,1.07884085096425,1
2710.16067919927,0.218338434030199,0.640408481316705,0.2,0.224926193678262,-0.0140420374861018,0
2763.05354830241,70.8596741014884,0,0.2,0.213895068723782,0.25959656306975,0.25
2851.10243415412,248.839743373027,0,0.2,0.193941255512197,0.507804620266311,0.5
2755.77292616148,643.829658053789,0,0.2,0.117718051037132,0.777299068422062,0.75
2785.87556772403,977.368429754808,0,0.2,0.198891264673291,0.974879937834115,1
2780.50612589942,0.665910444984607,0.414671206290974,0.2,0.21658235115324,-0.0254085228935521,0
2857.67318129807,41.4168511244662,1.88743243256795e-10,0.2,0.253894439758327,0.207902566503138,0.25
2840.02910900366,223.576672170683,0,0.2,0.141456746202311,0.47953751939604,0.5
2814.3570471357,508.040355457027,0,0.2,0.172994339884965,0.713866825410065,0.75
2722.24648815483,1111.89923386607,0,0.2,0.126201692318717,1.00950227160142,1
2821.48814681605,0.20471409336182,0.651038395543741,0.2,0.182706233831766,-0.0144211587714096,0
2810.69803207393,69.1571596586285,4.44089209850063e-16,0.2,0.149615627187859,0.263640369534767,0.25
2771.57090399149,244.097247183913,0,0.2,0.214397685736619,0.485814933699904,0.5
2813.27961879376,602.181828052943,0,0.2,0.156700653575538,0.778994419718271,0.75
2810.00806613104,1042.20447801781,0,0.2,0.247913342692351,1.02208835255127,1
2773.1718009689,0.000330663959333221,0.98549548208908,0.2,0.258472679104699,-0.000562162259663442,0
2813.02115596026,66.4900033164033,8.88178419700125e-16,0.2,0.182691356524051,0.257428868202424,0.25
2814.8631841475,303.914119013786,0,0.2,0.225395013173976,0.55052541015631,0.5
2849.78219696717,506.544825070492,0,0.2,0.196645662253005,0.723319229359775,0.75
2764.11081967054,1060.05134570518,0,0.2,0.151777065556119,1.00356074761161,1
2767.14477098046,0.163530985364238,0.686010826053953,0.2,0.235299932572646,0.0126040942095476,0
2767.65395966319,77.5744573769301,0,0.2,0.147130063319098,0.273731407004847,0.25
2826.71679944241,283.298185622134,0,0.2,0.247081748227924,0.540148958888293,0.5
2811.37972789565,472.242560448448,0,0.2,0.157804668076732,0.690407954554144,0.75
2835.0010600159,1054.12549036093,0,0.2,0.170528985965905,1.04415551432081,1
2869.84697579232,2.47801087641571,0.115757670849555,0.2,0.189361977005012,-0.0487303816946326,0
2804.77429411591,81.0586779439321,0,0.2,0.220131721615208,0.270155673446267,0.25
2750.22192959312,278.37179166534,0,0.2,0.25571981843722,0.487574567095511,0.5
2734.62085942841,672.109061004846,0,0.2,0.324832478083296,0.751211102892305,0.75
2688.14100676427,1235.34282318846,0,0.2,0.244871257523258,0.996448538995116,1
2704.21288632522,5.21957400451683,0.0225382790839541,0.2,0.210623076634859,-0.0690513860776846,0
2796.34222493045,62.4424201822988,7.105427357601e-15,0.2,0.197025941248972,0.249910973014032,0.25
2695.90407206539,282.804154627344,0,0.2,0.214080454435771,0.50616656745385,0.5
2843.6037550387,589.6580167763,0,0.2,0.124061171928096,0.786649823407329,0.75
2722.33435782565,962.826556345952,0,0.2,0.168366482411313,0.947061614458071,1
2748.02114875794,0.0467479742194599,0.828865024348609,0.25,0.269208170815349,0.00649986510349599,0
2842.73082819317,47.5388291569571,9.42890210353653e-12,0.25,0.271783761697687,0.217070848470802,0.25
2747.96128863294,245.844066319498,0,0.25,0.130497449273213,0.471696432805086,0.5
2777.62810420819,573.814370227534,0,0.25,0.265104700132323,0.730689574402004,0.75
2748.84916566645,1122.28145772101,0,0.25,0.240874575241935,1.00816555085832,1
2696.60987489692,0.108468405597936,0.741962099853701,0.25,0.242989336347095,-0.0104103104803086,0
2812.99964906952,24.5607702072036,8.42369611397942e-07,0.25,0.206256017168669,0.165750391468288,0.25
2780.01057855559,237.753577741804,0,0.25,0.29195368616708,0.507534376062909,0.5
2700.68066518849,614.191753661027,0,0.25,0.176333343284085,0.784064819371108,0.75
2771.86377870032,907.293651460025,0,0.25,0.20977679000505,0.98743755033345,1
2761.3516272714,0.948626282845197,0.330299679164421,0.25,0.344218347372564,0.0298225580441409,0
2746.59649645627,84.5103389504957,0,0.25,0.298110921849589,0.27985611943088,0.25
2752.01149374208,284.489078221456,0,0.25,0.284377725607142,0.514970650491921,0.5
2737.07658248503,568.640390145229,0,0.25,0.288761162634046,0.722713049693104,0.75
2721.79556518381,1193.86213919036,0,0.25,0.294465003706416,1.03928069699378,1
2776.23683664786,3.95242281482465,0.0470703816248093,0.25,0.183254701677113,0.0624108929140867,0
2768.21294469371,97.2385323193985,0,0.25,0.181618265940138,0.308349673231852,0.25
2769.06753277126,263.298917621288,0,0.25,0.188866191005179,0.507620966731904,0.5
2738.39928738975,576.194500939372,0,0.25,0.080166067083341,0.737493106871255,0.75
2768.51726282209,1018.84561337524,0,0.25,0.195564490884363,0.998283874082067,1
2782.68383024273,0.2664267325409,0.605850540171895,0.25,0.182581335890483,0.0157111826851917,0
2742.17564103498,74.6964355584819,0,0.25,0.272194201622603,0.258172998797288,0.25
2763.15703257249,275.900399011573,0,0.25,0.297000124044488,0.501197295224508,0.5
2694.48953185471,718.149090983088,0,0.25,0.31173085314785,0.781803214224251,0.75
2730.81496582042,1049.18856164685,0,0.25,0.245289718181074,0.962219911074637,1
2786.01373732868,0.178023636061635,0.673165963432475,0.25,0.130572657319569,-0.0132627945938938,0
2775.27572655937,53.3352546590205,5.6488147492928e-13,0.25,0.267803013254166,0.228507599927512,0.25
2779.75985479865,291.410713983764,0,0.25,0.15305964289929,0.535362688984355,0.5
2790.61113596455,531.506642455886,0,0.25,0.129012146474231,0.726267462649437,0.75
2786.77527416688,1088.71371667665,0,0.25,0.339588022632463,1.03594567136839,1
2713.77632802089,1.16946194756203,0.279766927575471,0.25,0.256577291050198,-0.0334287828330831,0
2786.83936451759,69.6294366989022,2.22044604925031e-16,0.25,0.337584776946139,0.266852319777239,0.25
2719.19449006174,287.692139603879,0,0.25,0.212328178999097,0.525767365513888,0.5
2771.16411056062,593.802751070292,0,0.25,0.303813989067129,0.774057866776211,0.75
2828.8135123038,866.680936502602,0,0.25,0.230613347456681,0.96276132095832,1
2671.99151648616,0.000173838582966885,0.989482940857489,0.25,0.19579780610454,0.000397641222617678,0
2706.20097886013,78.4971229221081,0,0.25,0.12298011558413,0.270502294977249,0.25
2773.14287816216,240.680390876268,0,0.25,0.164208345733601,0.490919904092201,0.5
2783.63127891789,521.936221310885,0,0.25,0.207767235112693,0.727853324861441,0.75
2718.56751396209,1114.81339625444,0,0.25,0.368386920155075,1.0288155464001,1
2717.09157370511,0.537879113549819,0.463481216323701,0.25,0.19898691401568,0.0228517769392949,0
2812.3884499015,56.7339504567993,1.0946799022804e-13,0.25,0.217430582764422,0.245980346128367,0.25
2765.08417435375,245.881708158179,0,0.25,0.292608204063652,0.500618673711134,0.5
2735.09738089787,642.025127557898,0,0.25,0.192776199298669,0.796326775100422,0.75
2758.37331163037,933.925478676711,0,0.25,0.200653553556158,0.971646058422763,1
2725.09465984593,0.49894151693889,0.480126575523557,0.25,0.256361515654769,0.0215705757116222,0
2663.66442308454,62.7580569881179,6.21724893790088e-15,0.25,0.212034676122564,0.234521041283022,0.25
2761.49080853775,266.785857606392,0,0.25,0.240917165973438,0.507590946119826,0.5
2700.2200825101,640.293240722953,0,0.25,0.173008522974797,0.761298559499627,0.75
2784.27717291926,1009.5090114386,0,0.25,0.211255088685756,0.997625799603341,1
2669.24248142291,0.593030770197241,0.441427489198195,0.3,0.37269148625489,-0.0238651972324939,0
2740.54329245901,49.3662389403042,3.87334608831225e-12,0.3,0.242669048608588,0.226045158533116,0.25
2717.72930690831,183.974077204199,0,0.3,0.287415709250747,0.431397958995195,0.5
2719.21566442122,583.665524088058,0,0.3,0.412438827586087,0.765859498692389,0.75
2694.66234344828,1079.31612581574,0,0.3,0.241066156898983,1.03353371455041,1
2656.96858371733,0.895483526317526,0.344219315859232,0.3,0.262714986447667,0.0280901133627941,0
2719.76343604957,76.0113674151337,0,0.3,0.300428481436537,0.266719014381228,0.25
2734.38341085898,238.361027061148,0,0.3,0.215067258273355,0.475940071295645,0.5
2741.79710526066,649.517434482537,0,0.3,0.245016835206182,0.788582148432518,0.75
2718.77529073686,1077.32290524486,0,0.3,0.286876985105064,1.00387835217745,1
2745.85849436941,0.201710090043918,0.653439257232744,0.3,0.399620104914406,-0.0136428666511351,0
2744.56445146831,36.1721807843513,2.5122621760687e-09,0.3,0.154726637625746,0.182967274568657,0.25
2767.91652715978,275.591778786181,0,0.3,0.318566348722498,0.511398225506734,0.5
2756.9214788113,506.27081379283,0,0.3,0.229318535923019,0.690148786471122,0.75
2682.2525317159,1192.05020553656,0,0.3,0.221857964640471,1.02102685043699,1
2640.3382724589,0.000731516248881918,0.978427880574454,0.3,0.373939525929817,-0.000813988147717565,0
2703.77412271222,67.0005507815256,8.88178419700125e-16,0.3,0.317889073923292,0.254682925510813,0.25
2754.02269024083,255.491952528783,0,0.3,0.287762475345947,0.510086491807631,0.5
2677.55140083842,544.754807067578,0,0.3,0.296554811999942,0.717390351197083,0.75
2724.45762651964,1087.64866267008,0,0.3,0.299605491151392,1.0370844044463,1
2759.06118997168,1.17787246011903,0.278045480105742,0.3,0.253223279813361,-0.0334099579402854,0
2735.48168519922,67.9440196494819,4.44089209850063e-16,0.3,0.318155494719431,0.251139092660374,0.25
2764.87445163624,306.974269051839,0,0.3,0.26701667320061,0.541107496775811,0.5
2735.29165568255,616.040480673412,0,0.3,0.27570110240721,0.755708177416922,0.75
2733.18866239356,1073.2984175054,0,0.3,0.358780933294395,0.996959967637417,1
2714.81538438265,0.109712012750485,0.74054014600589,0.3,0.242290893557802,-0.0104101533881552,0
2673.95399031649,102.144909824552,0,0.3,0.298142865296189,0.311405571089403,0.25
2660.31186952078,289.191459766744,0,0.3,0.29114903073339,0.520516688303487,0.5
2700.36243170535,597.856136394228,0,0.3,0.266404851003933,0.763204119295982,0.75
2667.57427783487,998.599658847903,0,0.3,0.252350439874477,0.970623575767729,1
2761.88334961753,1.51388864106718,0.218829792271469,0.3,0.290595280963308,-0.0379563579809192,0
2784.48420416106,59.9245937126196,2.35367281220533e-14,0.3,0.270354697879028,0.241391951745738,0.25
2664.80858284291,245.086548726939,0,0.3,0.262099398295797,0.46039981206326,0.5
2800.515864859,588.8187840662,0,0.3,0.280282421744087,0.762735436385324,0.75
2756.40571552898,1022.94959951239,0,0.3,0.387355672643073,0.983120072664379,1
2619.50776164047,1.58167894815453,0.208806309792915,0.3,0.345614309278168,0.0371232585342052,0
2737.88629433444,79.1605708763781,0,0.3,0.260491042027939,0.278139487567733,0.25
2773.91921046725,318.917407003252,0,0.3,0.28180129429363,0.568368590726586,0.5
2747.38173162002,580.478083886159,0,0.3,0.254247294505261,0.756587865871424,0.75
2641.87130665059,1056.0600096935,0,0.3,0.387706607035251,0.969211791546372,1
2667.24563579357,0.0153774917869561,0.901334896533944,0.3,0.280782600798104,0.00384346943638727,0
2713.11102932369,63.2449832779546,4.88498130835069e-15,0.3,0.300783597877761,0.252019251958465,0.25
2698.87779019529,234.607437184144,0,0.3,0.293144685234216,0.482071809272201,0.5
2748.74358456668,497.048131314705,0,0.3,0.31950385311505,0.718709724322868,0.75
2674.25281594113,1005.33345060709,0,0.3,0.158187180966668,0.984577773222049,1
2674.68027298882,0.936458014434713,0.333419360944614,0.3,0.345151147977647,-0.0292311591428655,0
2735.24173338228,74.5750791450236,0,0.3,0.298130015925917,0.268650557412715,0.25
2709.02695890615,241.775228569658,0,0.3,0.214505051752159,0.476676184979797,0.5
2699.5503767289,557.944388340074,0,0.3,0.223482959326573,0.721012348776938,0.75
2650.40662781163,1102.73913758153,0,0.3,0.308810541686915,0.991225514444879,1
2662.40124844574,4.65501599471736,0.0311954257305618,0.35,0.410008422805193,0.067566597687841,0
2702.27348678814,95.0383579945286,0,0.35,0.407567522046551,0.31132233433805,0.25
2630.11110231319,338.13355738973,0,0.35,0.375722120382397,0.567374268246753,0.5
2695.27617818333,660.141867303711,0,0.35,0.375918317325616,0.818391458752017,0.75
2725.52855908351,970.111116464249,0,0.35,0.294486649107838,1.00742577558144,1
2608.51332296509,0.662065840863942,0.416021097001559,0.35,0.277502104521628,-0.0263853300373611,0
2681.10944687291,64.1139942891082,3.10862446895044e-15,0.35,0.315375078834753,0.269049127044849,0.25
2636.0123666169,264.836737771264,0,0.35,0.380274874178839,0.53450326086902,0.5
2677.58784789496,451.375564694167,0,0.35,0.288714193451091,0.712628074827355,0.75
2621.42829929169,867.186908636352,0,0.35,0.365591093003211,0.960602510962596,1
2681.05548204214,2.07960529477051,0.14958513713687,0.35,0.274266581492926,0.0455181168663133,0
2690.17768826616,32.6066828036168,1.47825081064923e-08,0.35,0.359037390060874,0.181066315516799,0.25
2730.98295256673,236.03658937456,0,0.35,0.353691130010404,0.497000930101914,0.5
2683.15916893443,589.711516225689,0,0.35,0.277840041025588,0.76733829809082,0.75
2746.58158051952,945.851755225218,0,0.35,0.328394047478961,1.00269918271411,1
2621.47106437907,1.52173876136535,0.217640180905869,0.35,0.398986652410127,0.0372563191151855,0
2672.09380195712,62.2110039220193,7.99360577730113e-15,0.35,0.330962085594107,0.244342590453621,0.25
2605.07507622547,264.078831182406,0,0.35,0.331542641085501,0.487214748734898,0.5
2738.48947317949,658.639971403139,0,0.35,0.258855937561023,0.820551408964142,0.75
2696.54933805833,1130.97753388725,0,0.35,0.41271129951481,1.05329129931751,1
2675.01697336986,0.0324474010161002,0.857084948110343,0.35,0.414495177829481,-0.00572334061470044,0
2650.85742202201,78.0880591908608,0,0.35,0.449707394624506,0.277081334753023,0.25
2667.85309590435,206.291918141363,0,0.35,0.413854514995885,0.454769195855861,0.5
2677.95993771303,477.128094523267,0,0.35,0.42676476120937,0.694716226297812,0.75
2733.270602467,741.526245102104,0,0.35,0.323281711300919,0.891573459378766,1
2632.74932411846,0.418547447724099,0.517808003149351,0.35,0.382938990674135,-0.0195593432880409,0
2676.17244048322,64.9920815253062,2.22044604925031e-15,0.35,0.307579880677207,0.249152547015648,0.25
2672.36072151813,286.604527557316,0,0.35,0.353273008549304,0.522085566810064,0.5
2704.31978911253,576.031082621912,0,0.35,0.299885102504806,0.752007349386183,0.75
2665.60022633308,938.302240909776,0,0.35,0.352420249402121,0.941548387328093,1
2705.5043642516,0.252661459781666,0.615315558563877,0.35,0.447779695620833,0.0162290591025904,0
2705.80231997764,66.7164467415268,8.88178419700125e-16,0.35,0.309646085533839,0.263788195278017,0.25
2713.772467018,286.466215895193,0,0.35,0.356483651538742,0.549151387709871,0.5
2684.27664022245,545.321664137545,0,0.35,0.318890919894185,0.746439866188218,0.75
2644.62601544869,983.299353904393,0,0.35,0.378222259530162,0.983702819949752,1
2703.79635123704,0.592549411174124,0.44161284712491,0.35,0.362842728377175,-0.024065768146833,0
2733.54392706669,60.8383727714991,1.50990331349021e-14,0.35,0.310191900321612,0.247822530842634,0.25
2598.41609994611,296.512546704674,0,0.35,0.333634994377014,0.511864524797825,0.5
2619.86485345206,542.898218574272,0,0.35,0.345574047208394,0.699640992000587,0.75
2709.25461866287,993.378784046086,0,0.35,0.497512377669837,0.979631564489491,1
2497.99780163314,3.70893198971221,0.0543991667271064,0.35,0.397478272754196,-0.0565991726296641,0
2584.94366493384,58.9657572927677,3.73034936274053e-14,0.35,0.415275038705635,0.235343608466062,0.25
2642.40619574608,299.846215190292,0,0.35,0.222807906067772,0.546044526569735,0.5
2591.18906030779,466.764084292018,0,0.35,0.302366002658643,0.665276257223638,0.75
2602.91432919096,932.988594379429,0,0.35,0.395934618779073,0.944907858347959,1
2681.06485344539,0.370067605339686,0.543102589457845,0.35,0.362778107553353,-0.018856951154752,0
2673.85420280664,77.115917956288,0,0.35,0.376077854794068,0.271207265804287,0.25
2706.02037732796,262.47796217817,0,0.35,0.381170718999796,0.508233683028552,0.5
2704.62072423451,598.354927416244,0,0.35,0.442611991569633,0.765688717267376,0.75
2646.22288059913,1009.19962126534,0,0.35,0.397823639151897,0.967596643328421,1
2649.11545428688,0.991578722214355,0.31959253020755,0.4,0.435298675606871,0.0307217533331214,0
2578.00311241227,75.7321227304053,0,0.4,0.391112019998288,0.259505423946017,0.25
2527.06339784121,314.830514477669,0,0.4,0.425368595628219,0.515856370604,0.5
2601.45016337388,564.363930381685,0,0.4,0.395431696386427,0.716538225982329,0.75
2594.47084048602,1028.69782294953,0,0.4,0.333450434102303,0.964198995830208,1
2595.44243781731,0.783541934962465,0.376268284917181,0.4,0.279494499709434,-0.0286230846007684,0
2663.26649357284,57.3544869024616,8.12683254025615e-14,0.4,0.310156469720483,0.253531305950806,0.25
2578.63358085948,224.802018966434,0,0.4,0.453037182580024,0.482730354741876,0.5
2682.69201354741,478.768932502902,0,0.4,0.431429166659971,0.7413002883765,0.75
2662.91347919005,837.883981882607,0,0.4,0.37681647136727,0.970845529687431,1
2621.19814451697,0.0301804810427073,0.862115753761924,0.4,0.371558082788877,0.00553024011353813,0
2642.6905115722,63.4990698472063,4.21884749357559e-15,0.4,0.382943922628846,0.256461726560279,0.25
2617.3372992315,247.066921728692,0,0.4,0.373544865497626,0.499466085777354,0.5
2648.27070519131,579.683522699363,0,0.4,0.496513209435774,0.778572180755113,0.75
2618.27824353486,999.226737665804,0,0.4,0.515796812974645,1.00722227423533,1
2652.69149654024,0.640517030698051,0.423709629020837,0.4,0.377904753647491,0.0258001775877811,0
2646.33830730542,61.2858599633532,1.24344978758018e-14,0.4,0.283499865310294,0.250024620540128,0.25
2715.25536509829,182.922793396091,0,0.4,0.385374326855416,0.449658376547964,0.5
2665.21132899883,534.609235109796,0,0.4,0.38801936980324,0.750232511512631,0.75
2672.28422476876,966.084515104741,0,0.4,0.367270678862606,1.01116422867816,1
2615.528682716,0.691423509216686,0.405874846054031,0.4,0.431908506526054,-0.0260469310487605,0
2639.54864254574,50.630073154999,2.0961010704923e-12,0.4,0.411044607787639,0.225340485184378,0.25
2631.99710725576,266.045075503272,0,0.4,0.436700743467721,0.515135163413039,0.5
2637.94915121979,541.64940083731,0,0.4,0.413341662044502,0.736540924082953,0.75
2717.83584818836,952.33897941812,0,0.4,0.344149185795057,1.01140051338605,1
2659.71305034555,1.3847305324515,0.239571003607391,0.4,0.320066859457224,-0.0387665514167395,0
2616.01269443174,64.0051840161886,3.33066907387547e-15,0.4,0.464188484266187,0.258938123928456,0.25
2613.45911155232,220.044705895734,0,0.4,0.488211355679387,0.479456539013138,0.5
2619.22518321295,547.568448625505,0,0.4,0.477540827172419,0.758526105961215,0.75
2647.95995275822,721.36300447063,0,0.4,0.338240959105702,0.880535823119909,1
2702.94383153988,2.29370592585325,0.13020862867279,0.4,0.338918240551742,-0.047439535197367,0
2653.71425183666,78.2299488838003,0,0.4,0.410808346284977,0.270327788790898,0.25
2669.22592819502,235.54431095917,0,0.4,0.442004418650326,0.472300516697302,0.5
2601.55012372336,633.56600217497,0,0.4,0.379862484710554,0.750274585870948,0.75
2658.83897849985,1083.94371303383,0,0.4,0.438893498167885,1.00813743605112,1
2600.83523514054,0.787609712922113,0.375032676952614,0.4,0.482415739930858,0.026759450146154,0
2616.10272262896,87.9743110503375,0,0.4,0.326676226358114,0.285302503455424,0.25
2626.81457724101,305.763005368733,0,0.4,0.389245531297272,0.534869926437528,0.5
2613.46719745775,595.294052071107,0,0.4,0.309348747442485,0.74095449711012,0.75
2620.00204333914,1139.62960735282,0,0.4,0.33593573427393,1.02894981248128,1
2605.09596042991,0.0292441560707103,0.864250359864708,0.4,0.453533965874507,0.00520128199356945,0
2642.1097502341,44.1592357271378,4.91497953447606e-11,0.4,0.356184267952394,0.205955205295634,0.25
2613.41595602014,219.50649885034,0,0.4,0.449360028600808,0.452508695912367,0.5
2614.91685791078,595.604886741014,0,0.4,0.363148210180066,0.746463085254552,0.75
2683.49869163578,1038.84636291944,0,0.4,0.423831199555142,1.01922059685346,1
2557.91842784009,0.504462920737513,0.477707722014045,0.4,0.374832654233656,0.0216152703319768,0
2567.9887783003,79.5469104150052,0,0.4,0.484886191330792,0.272898505729971,0.25
2586.90898236201,291.202345267698,0,0.4,0.358179074957922,0.526535878940571,0.5
2580.24822432471,566.516220593831,0,0.4,0.356367240773887,0.731988580318153,0.75
2582.83440977215,1053.41120206182,0,0.4,0.405988587877159,1.00032088315494,1
2617.77603546073,0.20086388818982,0.65411943565551,0.45,0.467242352089861,0.0143202476885399,0
2537.78554699347,59.859922883401,2.44249065417534e-14,0.45,0.432829299171107,0.237798936101322,0.25
2554.8921448571,243.224880442364,0,0.45,0.465643009541747,0.483256135442494,0.5
2585.29238924086,493.729677364777,0,0.45,0.385078821638051,0.698729120883784,0.75
2483.06054468988,1088.4221225665,0,0.45,0.559141850623439,0.984362467130232,1
2602.02036160155,2.09340782177549,0.148242388577218,0.45,0.443290833542427,0.045132679508861,0
2543.41063656404,86.6639342166909,0,0.45,0.484235415931762,0.282138458511901,0.25
2557.95780089343,209.790371666384,0,0.45,0.475482849480672,0.442145983971097,0.5
2539.02825452031,678.476710066678,0,0.45,0.511768443955957,0.787314320936292,0.75
2534.56012732168,1000.12170022876,0,0.45,0.397179193526632,0.953963594336542,1
2586.30195063566,3.38429572412868,0.0661101863519455,0.45,0.467995040187855,-0.0554250246691469,0
2622.07075616294,61.7461685931038,9.76996261670138e-15,0.45,0.419975540862068,0.240453726951897,0.25
2579.16081543872,248.331376205405,0,0.45,0.388899577774031,0.471407823447911,0.5
2592.59185195092,620.075989880144,0,0.45,0.430273488346924,0.751464052195402,0.75
2598.01178700864,967.459332921017,0,0.45,0.414912151455637,0.940439507728959,1
2540.86306828886,1.14650733566713,0.284534282635931,0.45,0.477684978038855,-0.0323681587916587,0
2528.98293457296,47.8492241937942,8.10551625818334e-12,0.45,0.38990484235406,0.207856817675445,0.25
2602.18545022695,241.353085053777,0,0.45,0.410754741841038,0.48398974000433,0.5
2688.83737305812,515.373135315511,0,0.45,0.36494141516409,0.737015196966442,0.75
2494.56973303314,1209.34887533142,0,0.45,0.451044345400283,1.02807760486262,1
2557.35000534705,0.702868377146929,0.402017585894527,0.45,0.478879304238219,0.0259348810236363,0
2605.54230532352,68.8065686233167,4.44089209850063e-16,0.45,0.452380108011052,0.262849000614274,0.25
2510.64897550869,290.929862978966,0,0.45,0.449705194163044,0.516034788797572,0.5
2547.32394023514,614.672131028593,0,0.45,0.3864022976817,0.763728368093051,0.75
2561.21165434447,1012.96210275733,0,0.45,0.387877131101406,0.987107993226226,1
2557.70864614922,0.551523705364694,0.457866433268244,0.45,0.459510462069717,-0.0241399669276435,0
2585.22306803886,56.34404954925,1.32116539930394e-13,0.45,0.361807008843604,0.247286661636352,0.25
2523.16229262458,233.986877373781,0,0.45,0.355276719127462,0.488835759331876,0.5
2513.21111265377,510.605892609272,0,0.45,0.390748718148465,0.718937397354905,0.75
2524.9913282892,872.385321613011,0,0.45,0.426619172344585,0.945177972943087,1
2600.55151426849,0.0176041545222643,0.894472065644416,0.45,0.458208092194804,0.00420656508945283,0
2589.39225120909,50.0002352257196,2.84616774592905e-12,0.45,0.486046038167891,0.222830059267907,0.25
2511.01965982227,293.76475556188,0,0.45,0.443298013819107,0.520278162047294,0.5
2531.56132974558,490.533173100913,0,0.45,0.466432455654817,0.678822431780886,0.75
2611.16340855511,1006.90203914995,0,0.45,0.39926026071558,1.01182289985223,1
2710.63253366357,0.323106142639462,0.569871791152238,0.45,0.413386938626314,-0.0190980064066478,0
2466.66843221235,70.7982247391317,0,0.45,0.46441766247315,0.25119789768696,0.25
2557.88304764957,248.429329493768,0,0.45,0.396473468096023,0.49123754554755,0.5
2593.31698479908,604.347059297045,0,0.45,0.490927206741964,0.780839932886721,0.75
2474.77520717975,1132.76293285841,0,0.45,0.30194307108546,1.00202120289166,1
2574.90943357475,2.9830540179292,0.0844425115034115,0.45,0.387693216999398,0.0557878839826442,0
2483.76958051479,68.0160302157611,4.44089209850063e-16,0.45,0.448646981052965,0.254776308074433,0.25
2629.63404985559,205.556917156871,0,0.45,0.434917768706401,0.475675414856575,0.5
2548.56978364078,625.764539952923,0,0.45,0.489786294397476,0.796966181134682,0.75
2530.01568068165,1032.39193882953,0,0.45,0.36729154279737,1.01503482290572,1
2543.02089560156,0.863033029588435,0.353110669476581,0.45,0.511379976604542,-0.0298040415367063,0
2469.99203841551,73.2924367310444,0,0.45,0.431568091290823,0.264885064439658,0.25
2520.03895781351,237.222455086603,0,0.45,0.395396519148287,0.487901978551391,0.5
2526.06101295594,557.384233325769,0,0.45,0.47712913416149,0.751170410206165,0.75
2504.82209904805,1074.00178887148,0,0.45,0.559699651678291,1.03131385045696,1
2461.77370501712,1.19363301028678,0.274855425782434,0.5,0.583591329932967,0.0328860368287656,0
2553.13799338734,54.4318173015418,3.32622818177697e-13,0.5,0.457673470201889,0.232747742686778,0.25
2447.46983695159,299.313349788141,0,0.5,0.514497119991788,0.518170973195891,0.5
2509.55823413277,589.813931874642,0,0.5,0.491591593703829,0.749977674491301,0.75
2434.3780100552,1088.14421958906,0,0.5,0.447366287189747,0.981960196694023,1
2488.1404584484,0.00997004420093369,0.920482908311412,0.5,0.495801256628345,0.00311527269404912,0
2470.34873971028,70.6029755071633,0,0.5,0.440141894927558,0.259889428623944,0.25
2532.71998006909,244.207037700231,0,0.5,0.541762697185965,0.49784524096,0.5
2605.69863764959,551.781314410504,0,0.5,0.520370721424558,0.775887519395524,0.75
2421.52281185621,1028.39630304328,0,0.5,0.453638982597317,0.968608732837813,1
2454.60618554738,0.495300000306844,0.481732882158026,0.5,0.594480567697841,0.0209059720389784,0
2411.82911592201,63.4791395519067,4.44089209850063e-15,0.5,0.510062347972804,0.232061554696598,0.25
2543.91318282525,254.693300062574,0,0.5,0.510768652857179,0.495800452362242,0.5
2479.88553473086,736.969573631569,0,0.5,0.462250984097375,0.816916457847693,0.75
2416.84327686606,1201.77795579747,0,0.5,0.456030389924114,1.01142380952664,1
2494.40031000064,1.76109829606514,0.184783980998846,0.5,0.533908495637949,-0.0415471768882647,0
2560.4645148456,78.5711894230566,0,0.5,0.515133683890369,0.286502888712326,0.25
2498.82357140676,222.799417026157,0,0.5,0.406654104043299,0.46603946313234,0.5
2491.71879179506,522.798445300753,0,0.5,0.456269653308932,0.713243985668714,0.75
2473.31032443668,1002.35707930953,0,0.5,0.518176437262084,0.980746389534948,1
2536.00742549771,0.46512112756654,0.495394810371089,0.5,0.451907520135809,-0.0209389278971781,0
2537.02389532987,81.7284809069668,0,0.5,0.460825229954802,0.277739232692817,0.25
2514.0579137663,261.081116813719,0,0.5,0.569049235029709,0.490501622160642,0.5
2627.67217535108,484.801216520564,0,0.5,0.558875321717295,0.706724328928973,0.75
2593.83400108097,1124.99187184958,0,0.5,0.436918487101597,1.05894137505897,1
2450.12644964066,0.2485456341185,0.618208283274178,0.5,0.538194210811125,-0.0157744002070175,0
2489.28453908753,55.7934252018732,1.72306613421824e-13,0.5,0.508156725985553,0.240633322694565,0.25
2412.43492571448,230.652307665135,0,0.5,0.487187055255168,0.470777629707467,0.5
2507.69928982033,447.37020756221,0,0.5,0.466994944202427,0.686102851408914,0.75
2473.72403873695,1055.95371838407,0,0.5,0.453322436614264,1.03587832891638,1
2613.04391590399,2.19123573205719,0.139106113962883,0.5,0.565272741300092,-0.046741468752408,0
2495.99752657841,75.2780457113686,0,0.5,0.542247066653189,0.258751451527013,0.25
2570.32510544785,290.272863515561,0,0.5,0.569208904294756,0.52685292503567,0.5
2618.55813986973,554.071133764139,0,0.5,0.439985130163984,0.743307783079206,0.75
2534.17126175348,1052.57175424719,0,0.5,0.440116943043241,0.983149522518859,1
2492.46265175406,0.0909847875613856,0.762990280192007,0.5,0.507286623602665,0.00926204757164023,0
2497.10743574495,61.5306023113542,1.08801856413265e-14,0.5,0.451927240100369,0.241246913232989,0.25
2437.92095784655,341.655444511166,0,0.5,0.58069338382616,0.552119598674065,0.5
2522.53453521609,604.785452717396,0,0.5,0.428208408817121,0.765309113201324,0.75
2416.4799107039,1170.48821738472,0,0.5,0.44687506552854,1.01146619456904,1
2444.25062313433,3.39563522917505,0.0656586644800439,0.5,0.397567879753019,-0.0559208310104586,0
2438.32901549708,116.968352087053,0,0.5,0.491888924812706,0.327845040452542,0.25
2455.94555219057,276.542938097115,0,0.5,0.497705923369005,0.508448242225786,0.5
2475.33684772938,538.916935598441,0,0.5,0.334031286675479,0.712880199967506,0.75
2534.15508440987,1071.92409803834,0,0.5,0.547761617630369,1.03925848427869,1
2433.68955966234,0.00293829511297107,0.956781600046062,0.5,0.443125430168095,-0.00161308539857806,0
2510.89791084481,79.2281883803849,0,0.5,0.556844272561859,0.274760453147704,0.25
2479.07423952998,236.832771144755,0,0.5,0.496079168302742,0.468251271794476,0.5
2535.05881051566,494.808362801658,0,0.5,0.4439583997918,0.69554911391357,0.75
2470.90416181264,1052.52541746619,0,0.5,0.510753670272827,0.983050714655163,1
2455.50233261348,0.0924158054664945,0.761190017062007,0.55,0.510643965416511,-0.00953244134668148,0
2477.5316639957,77.5334489905809,0,0.55,0.547918537458472,0.279502445890499,0.25
2454.67440676854,217.616339603612,0,0.55,0.56087657146121,0.46322314355872,0.5
2499.11187173858,543.181856720931,0,0.55,0.51580991619974,0.746719759924797,0.75
2411.4726605996,1008.34257857386,0,0.55,0.549363154789225,0.976012622001407,1
2403.55945556178,0.124603486456417,0.724167086343286,0.55,0.614449144656955,-0.0104453193840252,0
2573.66846421559,49.5434873727495,3.5536018572202e-12,0.55,0.557384260207764,0.226385200259622,0.25
2533.80142408781,225.642653822573,0,0.55,0.522228525821368,0.473581377461263,0.5
2428.94827835455,554.849092543784,0,0.55,0.543917744988638,0.705821875451047,0.75
2375.20344023992,1035.27930018218,0,0.55,0.595406640707166,0.939256710029183,1
2422.90262905269,0.229305877434772,0.632141420969775,0.55,0.495889060059499,-0.0147934242919827,0
2356.84348876016,77.2515506561493,0,0.55,0.580997273798942,0.26298958182241,0.25
2411.95953728576,250.448621894495,0,0.55,0.541006152729355,0.486551305011824,0.5
2404.18171892165,605.07939259955,0,0.55,0.494818620321029,0.752987664497159,0.75
2415.2332010687,988.749481421615,0,0.55,0.518381810479518,0.968132148117784,1
2407.89367415668,0.000775996059181602,0.977781877222468,0.55,0.533791884178061,-0.000857055198819711,0
2437.81187360766,69.2721556775477,2.22044604925031e-16,0.55,0.463027847848214,0.260050000705672,0.25
2540.10429736073,247.927738004679,0,0.55,0.521582000635399,0.516897460839207,0.5
2357.39258309885,606.416736322541,0,0.55,0.521411965427723,0.739406965148197,0.75
2400.43819210103,1069.3462009787,0,0.55,0.521882757837996,1.00272290330683,1
2334.60857754309,1.00122929220449,0.317250087265245,0.55,0.621743319558855,0.0304514075823094,0
2407.91197588825,61.33175106285,1.19904086659517e-14,0.55,0.595412975725794,0.246908138580455,0.25
2475.61626834399,202.203174958353,0,0.55,0.489970945667581,0.46110226773742,0.5
2409.13250446911,579.130291429803,0,0.55,0.607860701259567,0.759363964442288,0.75
2424.87869440214,971.55857117896,0,0.55,0.562477626929303,0.98986950093755,1
2407.5466650748,0.110713131840822,0.739401940377121,0.55,0.549595977844767,-0.00989602731229649,0
2413.73115865809,61.2249915578182,1.26565424807268e-14,0.55,0.529794525759602,0.233489267776297,0.25
2429.96697897921,271.443431417702,0,0.55,0.460687092965932,0.495436907553443,0.5
2482.10715836814,530.258382789558,0,0.55,0.501577151801922,0.710570816856737,0.75
2436.37501462807,1167.87018174473,0,0.55,0.500127264185169,1.03124619823426,1
2490.1610048532,0.0234084569618476,0.878429876201423,0.55,0.425871207766833,-0.0049584436596507,0
2449.86944842047,40.7691388385935,2.59552379588968e-10,0.55,0.485131504510305,0.203385846024068,0.25
2329.69285013017,288.16059649048,0,0.55,0.540420315476912,0.510438604841214,0.5
2399.06731232282,613.155359027352,0,0.55,0.547754331602532,0.770271069652891,0.75
2379.15362558881,1085.16872660516,0,0.55,0.58686761379028,1.01466530570335,1
2425.89377059133,3.1068261997105,0.0782636109333004,0.55,0.636416366604945,0.0530665426321413,0
2451.47714940041,60.8891476701642,1.48769885299771e-14,0.55,0.51890432684358,0.238727338464444,0.25
2392.29134746021,346.308845255461,0,0.55,0.480750641059653,0.55301074599207,0.5
2413.70463206886,605.164056154976,0,0.55,0.462358617190284,0.73849856477947,0.75
2504.51306528144,1049.12988324693,0,0.55,0.576384634210904,1.01602569145876,1
2448.07182198663,0.0470878072147375,0.828253796624446,0.55,0.553447486133525,0.00676624115301755,0
2470.07211423246,62.2956953436078,7.54951656745106e-15,0.55,0.56628357816249,0.248732923297748,0.25
2396.68385086772,330.09412475387,0,0.55,0.58226282881562,0.552260386931667,0.5
2440.79321158112,524.267987079335,0,0.55,0.535073852809379,0.711452365762831,0.75
2329.69419436585,1085.95845351462,0,0.55,0.568958425366854,0.969676657251174,1
2445.38098986631,0.242884501592255,0.622236359216911,0.55,0.546873150720244,-0.0151170907691744,0
2413.32670025695,62.714998604362,6.21724893790088e-15,0.55,0.495674724257576,0.239174905565143,0.25
2387.74528336921,267.718098459635,0,0.55,0.489168354802492,0.487995375738686,0.5
2419.15805201976,575.779795627514,0,0.55,0.510457346101286,0.726824645667638,0.75
2443.12936536377,1013.3910673509,0,0.55,0.575189452223739,0.974806504595548,1
2418.15656760336,8.4816515172213e-05,0.992653712960957,0.6,0.607023217329229,-0.000294794054671581,0
2367.03645652555,83.4050044622925,0,0.6,0.622173885402667,0.285051281325653,0.25
2247.6560995653,234.103502929279,0,0.6,0.54926874640683,0.450646527976444,0.5
2288.65348582937,749.794008710821,0,0.6,0.659401864558135,0.821633057417574,0.75
2336.3897232984,1025.21892115075,0,0.6,0.611244426608605,0.984739748340655,1
2376.71281611582,0.867335610561676,0.351913922016069,0.6,0.579706392208813,0.0294857756221182,0
2405.28978941902,42.5113441648003,1.10250475415796e-10,0.6,0.594722170044909,0.209426887052462,0.25
2413.93678297297,220.962636792521,0,0.6,0.589284872431233,0.479409225269759,0.5
2320.20499207318,630.048882348557,0,0.6,0.61604135229974,0.77377818114973,0.75
2431.84340041271,965.007463476816,0,0.6,0.656327819935783,1.0113542445245,1
2441.08784598854,0.0583799192114838,0.809123582497639,0.6,0.57234532916504,-0.00758964248587381,0
2350.03967556108,95.7669185098051,0,0.6,0.617936120562617,0.293554182038764,0.25
2367.350953441,249.695586346818,0,0.6,0.607253911638793,0.478262822494041,0.5
2355.38374720011,554.243017928326,0,0.6,0.572561712245181,0.709191102647771,0.75
2440.34672236985,1118.08658541115,0,0.6,0.649815299001612,1.04630919848021,1
2221.04243241919,0.09091027156167,0.76308444539712,0.6,0.570555972704997,0.00900219306992893,0
2428.46370611751,58.2015812956693,5.41788836017076e-14,0.6,0.625633220303303,0.25171741496494,0.25
2402.72967925876,257.95137866622,0,0.6,0.621768074394748,0.52338432854447,0.5
2387.52883294491,500.212387693025,0,0.6,0.580662774554906,0.724211173119903,0.75
2412.56764356841,953.750602185211,0,0.6,0.611632052769906,1.01158817623722,1
2406.73452095499,0.434315050273122,0.510027632185807,0.6,0.538826339492926,-0.0204534859399072,0
2316.24682614772,74.3539310299123,0,0.6,0.651981541366854,0.255878497248574,0.25
2323.22640366525,349.69500630184,0,0.6,0.634894178158326,0.55709851545523,0.5
2466.5094512864,535.326934336495,0,0.6,0.642551531358387,0.739076147440397,0.75
2431.05657165583,1021.16231970747,0,0.6,0.545937539041342,1.00375437599269,1
2494.75459362301,0.448252603700098,0.50331715890639,0.6,0.672295653262514,-0.0221371453716011,0
2424.53053230157,77.1663633163343,0,0.6,0.610850211798452,0.281487553427827,0.25
2403.20015921158,262.45554768639,0,0.6,0.612918190909884,0.513713396487209,0.5
2336.14402347728,577.72974709267,0,0.6,0.631061069389813,0.737128369433972,0.75
2437.34129910726,1047.24390733653,0,0.6,0.591892069332723,1.0440246238792,1
2366.7417436685,0.373830653961145,0.541059574079686,0.6,0.629591164296133,0.0194371836559903,0
2357.69706889928,81.1914320004239,0,0.6,0.565320118236367,0.28512009218892,0.25
2285.77859625534,338.306634250321,0,0.6,0.573152039815175,0.562001396068446,0.5
2350.66847732671,624.992879899151,0,0.6,0.685467837699933,0.787172073041017,0.75
2257.99926095519,1041.19828935563,0,0.6,0.630067536788963,0.972747515074122,1
2393.26826524289,0.628731057032145,0.428005185535748,0.6,0.540235630221709,0.0253045736007068,0
2331.18707533024,63.3825086509326,4.44089209850063e-15,0.6,0.58785223605511,0.24647831780956,0.25
2355.01906918455,231.070708978224,0,0.6,0.565461569334992,0.476184959202706,0.5
2392.39271576809,621.482311043301,0,0.6,0.584635691088199,0.795245909091208,0.75
2437.91455014394,986.452684689187,0,0.6,0.60631195578992,1.02410396888982,1
2408.22783328364,1.13358852834136,0.287262670663217,0.6,0.610966656117719,0.0332231003249634,0
2313.86530853733,57.6289504464845,7.105427357601e-14,0.6,0.616859912073109,0.226199234573837,0.25
2299.50113773127,304.127626450047,0,0.6,0.572049067377746,0.51602964666194,0.5
2424.08234556813,615.136025930814,0,0.6,0.556518896269833,0.779737856957363,0.75
2339.23171086597,1181.0531506718,0,0.6,0.587791005445205,1.03694130460569,1
2403.8011583661,1.70069262709822,0.192491054661382,0.6,0.600754704410103,-0.040596258900335,0
2362.95674004171,73.5194415850537,0,0.6,0.514987322527913,0.26103906111045,0.25
2451.29145017148,214.431854074027,0,0.6,0.591478943598627,0.466492689185446,0.5
2407.18579866105,625.203243378182,0,0.6,0.589558470556854,0.779554903930132,0.75
2357.26355324362,1146.364840032,0,0.6,0.617352762880468,1.03038638115117,1
2354.54741421797,0.127161066756881,0.721467502222125,0.65,0.571697868287606,0.0113175210406037,0
2352.06788010028,64.1816982643114,3.10862446895044e-15,0.65,0.628479641813113,0.254520838263807,0.25
2335.72126510053,268.842149604954,0,0.65,0.664407192082095,0.517046762451485,0.5
2235.8511788685,683.181481059319,0,0.65,0.686946095876018,0.784938174417971,0.75
2285.05422675838,1035.08826156564,0,0.65,0.66580610203909,0.989754736520814,1
2239.49086904258,0.0827478004094108,0.773665962948218,0.65,0.661763954114988,0.00872375653555263,0
2305.71829636741,49.6047298286942,3.44924089290544e-12,0.65,0.675489575581724,0.22063777314176,0.25
2300.18607240047,280.96130616274,0,0.65,0.62416118790514,0.523133271585956,0.5
2381.10947694551,496.70439083651,0,0.65,0.685143494010959,0.724358760179743,0.75
2300.45738489193,908.484862168454,0,0.65,0.699461154064593,0.94167615597319,1
2215.6635793035,1.29839363403437,0.254773846917198,0.65,0.606571198995653,-0.0340494861653635,0
2294.27480256144,59.702614071332,2.62012633811537e-14,0.65,0.575576695120101,0.239562610746668,0.25
2265.06584399598,295.440681078833,0,0.65,0.616920925847323,0.526389982770708,0.5
2270.46480245299,555.492897864501,0,0.65,0.626515496648608,0.72396511158415,0.75
2248.0478298738,1033.76774882027,0,0.65,0.679923224049346,0.978258877138971,1
2307.12816604014,0.000420263775810699,0.983648245604289,0.65,0.67736620127001,0.000628237901278837,0
2338.79926699168,59.417991153377,3.01980662698043e-14,0.65,0.643789468618141,0.240115164775809,0.25
2383.59043992333,282.953358718763,0,0.65,0.660438844381671,0.535390072370927,0.5
2408.4302738342,523.213582337345,0,0.65,0.670731694760375,0.736694990192137,0.75
2306.41830193306,1058.70102566707,0,0.65,0.692268739395584,0.996123340362828,1
2277.61500228663,0.00905013307897716,0.924228480954173,0.65,0.643635307772367,-0.00303575290553031,0
2253.35301641291,94.7636413553589,0,0.65,0.684656028167971,0.307171423622209,0.25
2236.79285533315,318.372711584994,0,0.65,0.644290755890895,0.558158025298886,0.5
2325.79289584679,614.980126120938,0,0.65,0.624296624233296,0.809738122421052,0.75
2270.2537177214,935.84950156201,0,0.65,0.655323433178885,0.972955060730259,1
2310.76547292731,0.143638751628169,0.704768789828111,0.65,0.638347026023955,0.0123784905668865,0
2307.60604564476,54.9897020742021,2.54019028034236e-13,0.65,0.628248370672221,0.241822432639699,0.25
2167.63450654843,265.001566456705,0,0.65,0.696318322788737,0.495320423237117,0.5
2292.2303205763,550.99957654633,0,0.65,0.640880762447055,0.759757803038658,0.75
2269.20536191799,1051.51463535802,0,0.65,0.588044668658765,1.0372934650406,1
2316.91615762816,1.61514050218333,0.204059905171333,0.65,0.585998395794268,-0.0400790540658467,0
2291.99448779332,64.6937564695636,2.44249065417534e-15,0.65,0.612399490979781,0.250796941625335,0.25
2399.35037668999,210.264521082082,0,0.65,0.636713999922735,0.476694101222124,0.5
2389.58825963939,478.028584610999,0,0.65,0.596479971565462,0.714680141604053,0.75
2317.49728896305,1088.72241567634,0,0.65,0.665829584783461,1.04233827955102,1
2309.20592987491,1.01127141184917,0.314836470974655,0.65,0.630262915852168,-0.0307946182300244,0
2293.53380138347,66.6729224302908,8.88178419700125e-16,0.65,0.628943606798564,0.248119632028249,0.25
2332.26213585274,287.063903469067,0,0.65,0.627575083860548,0.524632898621898,0.5
2296.76887455009,536.614344634024,0,0.65,0.715892093373625,0.706638205296461,0.75
2285.18549465963,1112.56084766679,0,0.65,0.643766549229603,1.01018917114975,1
2248.9487080315,0.391177496410085,0.531820738982614,0.65,0.599801840245548,-0.0185085933746292,0
2393.66864004386,48.5564155522544,5.74384984020071e-12,0.65,0.71769137351375,0.221013384804781,0.25
2242.19829068618,232.829056796788,0,0.65,0.640241772518835,0.450350553852405,0.5
2317.47863378534,591.846886853993,0,0.65,0.621306807417971,0.74477370178135,0.75
2285.08608096165,1096.03467645583,0,0.65,0.648566538594835,0.997793778699269,1
2356.99988384293,1.55492663010593,0.21269530176456,0.65,0.688026964214822,0.0411790820666826,0
2258.23778247895,70.0874964412545,2.22044604925031e-16,0.65,0.603699740052936,0.264080049879554,0.25
2262.78069853503,193.41835428673,0,0.65,0.661522428836622,0.439161434656559,0.5
2297.69882144545,512.734999930743,0,0.65,0.558875105485384,0.727956327674613,0.75
2341.80288986045,993.599837119876,0,0.65,0.705679857854397,1.03210030737478,1
2200.06104203121,1.70899030832141,0.191410455929199,0.7,0.735179759060457,-0.0391529163298534,0
2292.88165864713,91.2580150602772,0,0.7,0.694564954365376,0.299100901078295,0.25
2202.87624065965,379.393844734645,0,0.7,0.689411420721748,0.583525038734455,0.5
2244.70310570111,515.135630918828,0,0.7,0.703334151770319,0.694304529350741,0.75
2252.55169806417,1139.37314471501,0,0.7,0.736375803451383,1.03720015670243,1
2245.52014753825,0.0199366079486477,0.887742099258347,0.7,0.718770383708812,0.00438581628179293,0
2290.91002644659,54.3941484115076,3.38618022510673e-13,0.7,0.678271607365534,0.233882897974337,0.25
2282.56397607259,250.796885588324,0,0.7,0.685752363238995,0.500338164875912,0.5
2278.90041894275,527.797547974594,0,0.7,0.676799887881388,0.72423272821214,0.75
2204.65140613649,1017.18195936806,0,0.7,0.742011815047208,0.971369826620765,1
2247.2771781221,1.52244733766593,0.217533183247859,0.7,0.687056095756101,-0.0410827358087028,0
2185.19886125508,87.3278403622971,0,0.7,0.712451059718506,0.301857683356806,0.25
2052.65533558645,179.500235327222,0,0.7,0.648669075145486,0.405350395938715,0.5
2225.24885578421,468.529956412172,0,0.7,0.656583197438961,0.712623186479764,0.75
2203.02944129324,874.423329950435,0,0.7,0.713051549702686,0.963530729997478,1
2173.89825089261,1.23293004699122,0.267099145795593,0.7,0.737864167385846,0.0344502099371465,0
2100.53324397289,65.7605328421545,1.33226762955019e-15,0.7,0.692743130426289,0.242524318222149,0.25
2129.48285933613,206.97710700303,0,0.7,0.640255389696509,0.435146052809644,0.5
2172.55492444193,608.449915878962,0,0.7,0.740550553664913,0.764802777889435,0.75
2183.83542455911,1043.08931622681,0,0.7,0.678748369363004,1.00540557541894,1
2147.19965331316,0.17650198615344,0.674485083821581,0.7,0.665317698705559,0.013114447156248,0
2187.00009009577,70.3348986374988,0,0.7,0.722837114681402,0.267196051925142,0.25
2147.01766775687,240.678999811134,0,0.7,0.706808782751234,0.48469985593844,0.5
2143.82379987215,608.929340053358,0,0.7,0.701746708249581,0.769728263991676,0.75
2215.75768915188,953.187068300961,0,0.7,0.69344775793446,0.997337579739202,1
2239.50544258165,0.918709181522328,0.338040815706412,0.7,0.704972759760214,-0.0293645518379016,0
2228.67563751384,60.8218413166875,1.53210777398272e-14,0.7,0.680918923055976,0.237451204545977,0.25
2191.21589110376,251.176702190753,0,0.7,0.664668975862356,0.473392409091262,0.5
2257.94886072616,516.968460348021,0,0.7,0.68738504012936,0.702439119754573,0.75
2266.84287181115,1041.05209509574,0,0.7,0.749854717600973,1.00211356555312,1
2198.80158470666,0.120791990468948,0.728248656903981,0.7,0.686409406126041,-0.0104135605459007,0
2250.52436703442,71.00694248555,0,0.7,0.623585409080126,0.258607430437891,0.25
2294.19954576541,247.749857555862,0,0.7,0.666171318816984,0.494044705620661,0.5
2158.52114196998,686.052253136642,0,0.7,0.731707634666744,0.768762507164331,0.75
2232.15939748131,1113.28608001076,0,0.7,0.677060844333204,1.01613305953212,1
2198.96262866734,0.0987392814399833,0.753411954418466,0.7,0.67030760651637,-0.00974222252705519,0
2218.90939371423,73.7064893459481,0,0.7,0.67714978613683,0.268772893068113,0.25
2236.79275214803,234.963156759585,0,0.7,0.743699724131399,0.482983767857837,0.5
2314.65130072369,485.967169374069,0,0.7,0.689071898907479,0.723077662321007,0.75
2180.03305306032,1018.74145777902,0,0.7,0.731464289961099,0.978927733102558,1
2160.53687346262,3.29704001619762,0.0696977761832238,0.7,0.695557581765549,0.0559936656361284,0
2255.31576135993,47.8427407096473,8.13105138774972e-12,0.7,0.706824628641021,0.223417100868165,0.25
2157.01061531782,256.446739905547,0,0.7,0.662428573717204,0.492629195067106,0.5
2222.5714126568,531.849073464479,0,0.7,0.638066415906498,0.731847552352343,0.75
2131.19281079502,1133.75642556242,0,0.7,0.71287263865971,1.02364121996996,1
2229.80483080667,2.47530410169707,0.115956577223855,0.7,0.675618229811717,0.0479183188447516,0
2260.42104986626,51.6732066861911,1.26387789123328e-12,0.7,0.729834683668471,0.222337761508151,0.25
2254.68591982045,271.911537083589,0,0.7,0.756350650054122,0.508171679581596,0.5
2262.82733461159,537.209248576102,0,0.7,0.756968390436971,0.71710342656318,0.75
2258.42567984389,974.057367835022,0,0.7,0.704854066119436,0.964488655016604,1
2155.34662822062,1.5047586844719,0.220223136994855,0.75,0.804775007467444,-0.0410834209174402,0
2062.98061845683,68.2105315309749,4.44089209850063e-16,0.75,0.764094817226839,0.265300583686949,0.25
2090.5043391547,283.383750378796,0,0.75,0.7065208847917,0.548917738753232,0.5
2066.47736407836,558.783866020273,0,0.75,0.751531622273786,0.761095979688388,0.75
2033.12420663531,1045.98670264276,0,0.75,0.723939651789975,1.02528803303734,1
2142.45586277911,3.92864827260727,0.0477376123356656,0.75,0.768328709122344,-0.0651986308075986,0
2000.48794169775,78.4134034930139,0,0.75,0.797004684166008,0.271292617760764,0.25
2108.12182221062,223.946360375394,0,0.75,0.764708635954359,0.484141600093594,0.5
2034.39246180796,504.949189657536,0,0.75,0.721675165814854,0.701799385435275,0.75
2059.82983029409,978.137486706926,0,0.75,0.67645181857738,0.988188431480097,1
2053.6792789486,0.657976541269724,0.417464072419567,0.75,0.78338225318694,-0.0256577452971376,0
2016.11265578824,103.165706624047,0,0.75,0.778066378226872,0.315611419814364,0.25
2110.30019940948,169.339718776932,0,0.75,0.748570458274378,0.424376815208522,0.5
2019.63419502327,487.328252222538,0,0.75,0.82775596220354,0.682250836399586,0.75
2059.91205494547,1125.07539895316,0,0.75,0.772542054521014,1.06534908445584,1
2106.36473264371,0.423776035809178,0.51520519674553,0.75,0.66550990544258,-0.0211157040102239,0
2150.16091772414,62.4308673457107,7.105427357601e-15,0.75,0.753041130330048,0.263490297502624,0.25
2139.39022283586,213.134216527939,0,0.75,0.754110471663806,0.484314088148636,0.5
2078.81892225381,546.463530972472,0,0.75,0.778992005075251,0.753471015837094,0.75
2104.29182787853,826.289229028327,0,0.75,0.730125293682767,0.936249154845831,1
2029.28097861627,0.851062514843979,0.356469664486031,0.75,0.674225756370281,0.028308716260857,0
2119.91420986812,53.8568131325662,4.39204228541712e-13,0.75,0.778287245337755,0.235310802629885,0.25
2138.3698105494,180.985388396503,0,0.75,0.767252172495137,0.435504966618993,0.5
2169.44440596689,471.648589390906,0,0.75,0.736528787700096,0.714336050812675,0.75
2065.21197293616,1003.61508516163,0,0.75,0.7367874993351,0.990313140526951,1
2142.47875626538,0.0382951916503714,0.844890481036856,0.75,0.746407215416875,-0.00623590441343332,0
1983.84188944337,44.7908244633555,3.60795837650585e-11,0.75,0.686067139256947,0.197543731686144,0.25
2126.56747616177,252.498823568895,0,0.75,0.743344796572471,0.502501825746462,0.5
2046.93258165599,611.483843191462,0,0.75,0.756701387674113,0.751694529217325,0.75
2049.95271122922,1189.08384600813,0,0.75,0.74329517808199,1.05043284510108,1
1997.89116446659,3.44132030811366,0.0638726714533431,0.75,0.766207254358929,-0.0565799568401546,0
2053.75138133384,65.9279026586548,1.33226762955019e-15,0.75,0.754409987954484,0.254544871261358,0.25
2126.43222173009,236.720920028935,0,0.75,0.743978292065549,0.499782004082042,0.5
2082.08645792367,530.272451082391,0,0.75,0.736974177455303,0.731973399583398,0.75
1979.3293723844,1171.13188354366,0,0.75,0.758891386640655,1.03449159277626,1
2104.35389797745,2.00800386861308,0.15677583713156,0.75,0.757451949068338,0.0420107854324341,0
2148.33488206952,67.2976212397683,6.66133814775094e-16,0.75,0.776490279296954,0.248304143729625,0.25
2106.22859207689,284.287037277783,0,0.75,0.708441742795842,0.500292516793327,0.5
2108.17634728143,677.681259748177,0,0.75,0.725793406183815,0.773400331978479,0.75
2098.92518468073,1081.97462374802,0,0.75,0.785426593464115,0.971368371969759,1
2089.27706964785,0.18042442464009,0.671098157819328,0.75,0.799367793581632,0.0138153429708466,0
2159.38002627342,65.8647930603025,1.33226762955019e-15,0.75,0.810300943634522,0.272905271516761,0.25
2106.9652991742,241.814007733436,0,0.75,0.761497457660937,0.51104920195953,0.5
2032.12669349076,641.257724657479,0,0.75,0.689182181407643,0.801636817046907,0.75
2008.36274148453,1034.41460152007,0,0.75,0.707889827141875,1.00704729814717,1
2148.95447169552,1.05740295288617,0.304051562951978,0.75,0.757868549289781,-0.0337413395797043,0
2163.72206133229,37.4986369567064,1.3027960932277e-09,0.75,0.730332795911094,0.202246688851866,0.25
2071.21497098353,261.037550099578,0,0.75,0.728861641648098,0.510016541887323,0.5
2155.39555430003,457.177080944813,0,0.75,0.765910944772109,0.703846729494061,0.75
2126.0377377113,932.295654145814,0,0.75,0.749052308006658,0.990594591631257,1
1935.32860464065,0.137613725029101,0.710741791846316,0.8,0.787457113278688,0.0118616531909014,0
1970.98896025496,38.3054247394139,8.74397443340058e-10,0.8,0.824374400328675,0.201799447626601,0.25
1899.92441567479,329.298611242344,0,0.8,0.770712120676197,0.569454790104925,0.5
1850.18461673566,547.965851339917,0,0.8,0.761971324498809,0.716331429932532,0.75
1992.76495712935,860.320727020188,0,0.8,0.764396427285927,0.9625222169042,1
2100.51570082031,0.0130894495381548,0.908935947050015,0.8,0.810064379426149,0.00373169537898407,0
2022.26746193356,66.9637184701361,8.88178419700125e-16,0.8,0.772267748151714,0.256292245420791,0.25
2038.04374416172,220.856427532348,0,0.8,0.845479360373309,0.470299353165837,0.5
2022.00892437935,579.860344377717,0,0.8,0.758862518200215,0.753177051514091,0.75
2006.9517565516,1116.86324092973,0,0.8,0.764652847335607,1.0381926302181,1
1951.79525430092,4.86822751016101,0.027577382937833,0.8,0.804014827891722,0.0661251442654733,0
1954.90858878832,107.955855747245,0,0.8,0.788680277691751,0.311931248257011,0.25
1911.59322476764,299.696471351694,0,0.8,0.781827564591137,0.508843882469998,0.5
2002.07071143575,632.890138541285,0,0.8,0.787753131154446,0.772861727418318,0.75
1949.34922124803,956.907212951511,0,0.8,0.802283903070361,0.926011181356439,1
2025.78058587057,0.081759988628741,0.77498429224361,0.8,0.805183718993673,-0.00887539572209646,0
2058.61782800037,40.4702297839716,3.00688807186589e-10,0.8,0.785327302251438,0.201046303860338,0.25
2051.20546496626,212.498416660012,0,0.8,0.849679375530851,0.454554736174063,0.5
2074.82141455066,567.542787254141,0,0.8,0.737204065224573,0.76049499714973,0.75
1951.46236303471,1111.57321060105,0,0.8,0.867316345160367,0.98524940598275,1
1916.55691585987,1.28686011551224,0.256893399501416,0.8,0.867217842575153,0.0356487629275711,0
1982.04337033131,46.2075175077723,1.80526704696149e-11,0.8,0.772069342625609,0.222145247317045,0.25
1983.26265597872,305.607947437708,0,0.8,0.842359029273744,0.569876962453144,0.5
1962.42727056008,481.53300279406,0,0.8,0.801015343034331,0.710170790544529,0.75
1951.99926626094,936.593708031834,0,0.8,0.825206271796059,0.984186390993666,1
2024.96842084105,0.714034708283345,0.398305403468785,0.8,0.788536720175534,-0.0266035292789507,0
2024.91554601912,59.0753195502312,3.5527136788005e-14,0.8,0.785725343344827,0.241954172068108,0.25
2032.24836233483,264.827208243822,0,0.8,0.77370363739145,0.513875014839073,0.5
2042.65759524526,605.630570325102,0,0.8,0.741067142032012,0.779481975616764,0.75
2009.10932890945,957.843671837347,0,0.8,0.809750362507622,0.967175688119957,1
2021.02005459835,2.49493105304153,0.114522810744691,0.8,0.752323041451869,0.0498561665225318,0
2005.72551395159,72.1595439812168,0,0.8,0.778917057588217,0.266174634027912,0.25
2027.92201477861,248.652495752631,0,0.8,0.81072077349879,0.499095675614129,0.5
2017.13297455576,560.255239575334,0,0.8,0.746000381259838,0.745594833756742,0.75
2015.94907269639,870.955592858563,0,0.8,0.743156429838231,0.929025709374012,1
1989.97628226189,0.211054984336966,0.646039472474422,0.8,0.7606315826668,-0.0146495314970891,0
1999.43397879931,41.0099634963617,2.30551577828919e-10,0.8,0.767134440909388,0.20517655365556,0.25
1947.29422549389,231.52406561814,0,0.8,0.786762086812518,0.47528116756986,0.5
2042.65263902257,499.199217610443,0,0.8,0.767085782364851,0.731113043840954,0.75
1990.51181828707,834.641352633638,0,0.8,0.806545832044234,0.92121826678333,1
2060.9453461848,2.37172946141354,0.123859654182339,0.8,0.846514705767018,-0.0478055793674079,0
1977.15821343418,66.4225628900547,1.11022302462516e-15,0.8,0.787969948208161,0.242743731821826,0.25
1917.95137740458,324.692036197239,0,0.8,0.85118391872791,0.521517167253378,0.5
2104.15367841168,594.535110823213,0,0.8,0.801914290343881,0.7730903913074,0.75
2018.4390032601,1074.33712779272,0,0.8,0.816024060159918,0.996923197716671,1
1921.1041948472,0.073738337277353,0.786024398707046,0.8,0.811219658018377,0.00812374559585314,0
1956.47678693345,53.964758928536,4.16777723444284e-13,0.8,0.77611104678611,0.223250698866427,0.25
1977.52383327107,248.223718386448,0,0.8,0.819953582266816,0.484558311848285,0.5
1948.75856885556,677.929243849714,0,0.8,0.849944322288613,0.789059140730356,0.75
2004.99486306226,1026.31117715099,0,0.8,0.794887587982123,0.997954452524106,1
1763.03217320946,0.284399357169346,0.593948063195268,0.85,0.853268326780053,0.0158934935359931,0
1939.46791506754,39.775148926732,4.23450829956096e-10,0.85,0.838316961963363,0.204751290253373,0.25
1900.12711660698,226.514032587483,0,0.85,0.888739643749377,0.479238771707344,0.5
1898.30638627037,579.047784346538,0,0.85,0.838254756865093,0.765681112190712,0.75
1969.12742608298,967.770160849042,0,0.85,0.841685311061165,1.02486633880896,1
1785.58868831058,0.103104979090574,0.748200533461955,0.85,0.833514110442286,-0.00980831262614325,0
1966.81712763043,57.4672832968308,7.68274333040608e-14,0.85,0.853164521031468,0.253272308653925,0.25
1847.79616055007,267.944719362549,0,0.85,0.832885059701173,0.515403899437501,0.5
1826.08806054527,510.858454082556,0,0.85,0.89249686284247,0.704354917277687,0.75
1889.47491852173,1007.64157732293,0,0.85,0.829276782691108,1.01974292346339,1
1813.20094348252,0.0571460118579709,0.811112941171413,0.85,0.851052840140482,-0.00732453454282509,0
1929.0894331395,59.7647032301149,2.55351295663786e-14,0.85,0.827485898859718,0.250179428790748,0.25
1875.30977799754,271.947374433646,0,0.85,0.848264663929134,0.52073984546882,0.5
1822.18052361779,611.836010134689,0,0.85,0.866110197794266,0.761773426905932,0.75
1873.87742681456,920.458120656475,0,0.85,0.866017872692303,0.95823438137962,1
1876.79930748714,1.00376008778377,0.316639532152373,0.85,0.868831452053544,-0.032198727332048,0
1853.74727956195,61.933717011428,8.88178419700125e-15,0.85,0.829395601096239,0.249878614482372,0.25
1764.2917606487,314.851800761985,0,0.85,0.830570514279814,0.539357923538794,0.5
1804.56662130403,552.798477265581,0,0.85,0.882755411943396,0.729001637223486,0.75
1760.72547335629,1149.38181936259,0,0.85,0.849007132798333,1.02948542788304,1
1850.07339262086,0.130849864324441,0.717627266439708,0.85,0.845317490669515,0.0107235291066873,0
1878.8468152691,44.8351812006109,3.530509218308e-11,0.85,0.881190753268258,0.200743512447916,0.25
1997.9643995553,256.236710560139,0,0.85,0.842073901672247,0.510106681804127,0.5
1953.04051046502,613.937509436177,0,0.85,0.853979632692659,0.772176558843917,0.75
1935.96549068344,1014.77402972033,0,0.85,0.855233442706331,0.984445932174404,1
1807.69096564986,0.284904233545257,0.593620746053701,0.85,0.855037064827059,0.017127077488295,0
1721.16560487365,79.1471474430645,0,0.85,0.835257320131662,0.273203330512428,0.25
1738.69449825234,263.764681364977,0,0.85,0.841540870931341,0.503333432077423,0.5
1778.69030863054,586.26875433021,0,0.85,0.837240211891023,0.764893706107546,0.75
1771.34919837764,981.234887755306,0,0.85,0.849666081275181,0.987078261895827,1
1761.08433488363,0.105068712729612,0.745896066248759,0.85,0.860541417664495,-0.00974963600633792,0
1775.20916158064,24.192937390026,1.01505725647044e-06,0.85,0.843837984319039,0.148995686631402,0.25
1872.41605427545,217.146944663782,0,0.85,0.863071876006259,0.467947944659871,0.5
1800.5619758436,548.140693412776,0,0.85,0.821824955115913,0.717591875707086,0.75
1796.76251430416,984.759541136455,0,0.85,0.873054582273015,0.959848311433332,1
1772.66299091602,1.12356360755073,0.2894028495036,0.85,0.858379131429992,-0.0325180151382297,0
1780.30139146661,69.5882572911022,2.22044604925031e-16,0.85,0.835928293800064,0.257036028242608,0.25
1747.17878976516,218.962325951631,0,0.85,0.825802349205595,0.448614536748257,0.5
1807.33194897655,513.043989459148,0,0.85,0.856612996666785,0.706797138029026,0.75
1788.9796234613,1105.37453854408,0,0.85,0.846750995573555,1.02859708811344,1
1873.39663654092,1.17220480436025,0.279204050915234,0.85,0.86439356710685,0.0343687865231057,0
1734.52174262063,37.1580802952756,1.54183776857053e-09,0.85,0.852713930822558,0.180919925204807,0.25
1878.03040553888,256.095923067018,0,0.85,0.830379463439505,0.509576904967045,0.5
1855.3645278165,573.282177333929,0,0.85,0.823309194390529,0.753955338120826,0.75
1845.30039444238,1096.8732107897,0,0.85,0.870438024025255,1.03655330472154,1
1945.13092660972,0.796606606853734,0.372319978539333,0.85,0.831304925399902,-0.0305015496570877,0
1775.24829821536,64.6830172937367,2.44249065417534e-15,0.85,0.847183987855689,0.253301595971389,0.25
1789.95576791605,190.29519589921,0,0.85,0.883991447042333,0.437873360888127,0.5
1727.08122235194,657.903405157035,0,0.85,0.82497307976919,0.787523009225369,0.75
1824.12538437407,1008.48860509892,0,0.85,0.868713340900134,1.02523816347861,1
1693.03002183226,0.249338477784398,0.617648733102648,0.9,0.922004991933112,0.0156894463539605,0
1647.11478662012,50.8598601024038,1.87494464398696e-12,0.9,0.876168962891557,0.220150157783518,0.25
1645.25265829918,282.661706052304,0,0.9,0.886332286717561,0.518487724478787,0.5
1598.31401985852,744.237396815115,0,0.9,0.883769769570891,0.822302201791379,0.75
1700.51831213606,1092.46105323238,0,0.9,0.914976054498124,1.04405682975846,1
1569.44170125284,2.09945483146505,0.147658417111919,0.9,0.879790854666004,-0.0441287275258147,0
1687.68627481376,58.9172616124365,3.81916720471054e-14,0.9,0.915351881295443,0.246961336072887,0.25
1619.97978414879,309.080673305596,0,0.9,0.912537400309772,0.547538919309152,0.5
1628.84893833571,563.118859205558,0,0.9,0.890413007398629,0.743894815481627,0.75
1664.07599545454,983.816308208593,0,0.9,0.899563885578561,0.99977988031239,1
1677.09921479974,0.334538314719653,0.563126334018844,0.9,0.885950363594402,-0.0178382219985677,0
1720.53922352751,58.4758373839414,4.75175454539567e-14,0.9,0.913380397177449,0.240964786876931,0.25
1706.80982981895,289.693610261228,0,0.9,0.894015019382921,0.532834979858836,0.5
1758.71572813224,548.377176982512,0,0.9,0.899780734608122,0.752035229127208,0.75
1674.3388997636,1067.42957447677,0,0.9,0.909026548201794,1.00677874348563,1
1771.65652725984,1.12009738231683,0.290147564751097,0.9,0.896457441102806,-0.0333532911779259,0
1647.60276284476,68.4415275224861,4.44089209850063e-16,0.9,0.889151281138527,0.245521541366225,0.25
1774.37226710164,266.495920075592,0,0.9,0.910735865166971,0.514190374421163,0.5
1770.69129510793,541.922920211705,0,0.9,0.898413254765085,0.733153893961744,0.75
1802.69605210312,942.360627475398,0,0.9,0.848999739055813,0.982261380278175,1
1710.17927393902,0.461853775164303,0.496912773022668,0.9,0.907807560168475,0.0209897578086928,0
1659.03108408707,60.5245830897948,1.77635683940025e-14,0.9,0.90053093327542,0.234506739560364,0.25
1747.45705148204,271.639854162222,0,0.9,0.879863340512824,0.519026273141342,0.5
1730.22995689017,553.688474986492,0,0.9,0.911265778463622,0.733604167556304,0.75
1617.39972029157,1163.16832204802,0,0.9,0.897735326035369,1.00753461647816,1
1718.76771897733,0.293135644293306,0.588336108216537,0.9,0.895862780931877,0.0167331172321408,0
1693.12854469175,98.1537299827603,0,0.9,0.895207030105413,0.302367568000772,0.25
1677.40977057085,265.021680362782,0,0.9,0.874158004290224,0.491827328229518,0.5
1726.77401378595,508.869209195989,0,0.9,0.871935306412367,0.697911420258732,0.75
1643.44521772776,1191.11287641292,0,0.9,0.897175510639728,1.02823327355261,1
1536.73475254114,0.103422285767686,0.747826538920794,0.9,0.895157247394083,0.00946966789209152,0
1714.56206937573,81.1778342042867,0,0.9,0.896664396987306,0.289414111213572,0.25
1700.98770998705,218.219975761038,0,0.9,0.88147751964563,0.470497533766065,0.5
1656.36487627301,525.223773826272,0,0.9,0.909007408392798,0.716099495288616,0.75
1642.45187845684,1005.71943196154,0,0.9,0.897704222587272,0.983533700644139,1
1700.35456838039,3.40725845033744,0.0651992658245009,0.9,0.894015020212173,-0.0600971392093657,0
1686.85198175872,43.7885944723187,5.89337467715723e-11,0.9,0.899007429737865,0.213958378030873,0.25
1657.4727160479,281.573698567289,0,0.9,0.89999580576326,0.534786267476477,0.5
1675.06966865845,513.094931567773,0,0.9,0.889032807758898,0.728573850263386,0.75
1591.42617234024,1035.09920820955,0,0.9,0.894254682913681,0.993202318239735,1
1662.97173796461,1.51328455126851,0.21892165774797,0.9,0.890975175800141,-0.0389167274554063,0
1647.44363577195,53.7004081990685,4.73399097700167e-13,0.9,0.911262198788613,0.229750648794201,0.25
1581.37804211935,330.533142964971,0,0.9,0.891164256337427,0.552687373381757,0.5
1632.33105398365,527.80147214721,0,0.9,0.916872794633602,0.714367642934095,0.75
1612.99832865641,1097.60157237028,0,0.9,0.911707543286005,1.02131543993243,1
1547.38549198922,1.69164628094895,0.19367728847621,0.9,0.887735340089446,0.0388854922373065,0
1613.1604568005,54.0262796537936,4.04565270173407e-13,0.9,0.894168996561301,0.226967550548323,0.25
1640.83669701497,241.244648896617,0,0.9,0.905850801377737,0.486070622669508,0.5
1635.90132848816,629.149562268015,0,0.9,0.886781607689658,0.783001323344046,0.75
1558.9305382825,1166.49395431858,0,0.9,0.890194427958072,1.02697840958701,1
1473.80386779523,1.62003704391434,0.203376089707175,0.95,0.950016991341083,-0.0396778368237116,0
1469.10620812768,52.3853917839594,8.94839757847876e-13,0.95,0.955895738468543,0.225150232223403,0.25
1433.41917473475,272.963023647932,0,0.95,0.95128675007318,0.505019438629427,0.5
1442.05611082453,629.640632537394,0,0.95,0.934451261323467,0.768460633735987,0.75
1438.59554787013,1138.05688476393,0,0.95,0.950572403311492,1.03375471501429,1
1394.18410967853,1.1994093813208,0.273697779042937,0.95,0.956057992315795,0.0344366325355512,0
1427.67728815703,54.1300013506432,3.84803300335079e-13,0.95,0.951373548417872,0.235271594219333,0.25
1370.54289096509,266.274382886821,0,0.95,0.948302865073816,0.507525344783613,0.5
1429.98018524242,543.75884602359,0,0.95,0.95721720412801,0.746022735410184,0.75
1438.84239381316,934.757336278583,0,0.95,0.959121055645409,0.982022688705048,1
1475.95668202772,0.0799639509997217,0.777403531019242,0.95,0.959724277607447,-0.00860579237479299,0
1420.93135181995,93.407478552676,0,0.95,0.950484212567011,0.286593869003423,0.25
1447.18782966174,249.736217530912,0,0.95,0.945204295619206,0.474592169912253,0.5
1482.21044251148,601.590002837314,0,0.95,0.946765482197294,0.749364850468694,0.75
1479.98598954164,1132.2394221362,0,0.95,0.932546941977631,1.02518399224382,1
1292.88248297572,0.096586885958634,0.756027972387286,0.95,0.94695913850715,-0.00896031028178294,0
1369.83913149387,61.2544295476433,1.24344978758018e-14,0.95,0.94396292285493,0.234330845399662,0.25
1314.10517586787,290.970052567593,0,0.95,0.951014991581373,0.496686539318802,0.5
1403.80235034795,643.915206795644,0,0.95,0.937628950132063,0.772452589969143,0.75
1390.85944782279,1030.74850290804,0,0.95,0.924779240428978,0.969984471837226,1
1271.28241391918,1.25653224763924,0.26257183592826,0.95,0.962117061152755,0.034460213938255,0
1243.99261760632,64.401955104085,2.66453525910038e-15,0.95,0.936599608485042,0.243617470247412,0.25
1268.62236464104,239.391598730735,0,0.95,0.951823207307599,0.475854760371168,0.5
1249.72206963143,633.653006451946,0,0.95,0.951046224467933,0.767098544316517,0.75
1357.84276294071,1032.29949206624,0,0.95,0.949952594086013,1.03220716261577,1
1511.88299397894,1.9517142780359,0.162705489741037,0.95,0.945710441556187,0.0439281727413147,0
1432.33150634574,59.1559419393091,3.41948691584548e-14,0.95,0.942021955831083,0.232597545972688,0.25
1418.12615180005,311.804063826597,0,0.95,0.957044778109682,0.529980225761778,0.5
1541.42255974904,457.815583667266,0,0.95,0.96292023674168,0.681057639767922,0.75
1417.30419164916,971.454747788924,0,0.95,0.954842214650258,0.935399042680751,1
1399.81004315281,5.0107753746853,0.0254046798699969,0.95,0.946521481752608,0.0730995990702711,0
1418.09368466065,79.8487763374645,0,0.95,0.950634155540706,0.294519356837579,0.25
1426.56997042034,183.730750169335,0,0.95,0.95423474169717,0.448647021975525,0.5
1481.12896669695,442.907819555834,0,0.95,0.953201873474113,0.715383433939356,0.75
1367.73581052819,990.673102045307,0,0.95,0.938614927153346,1.01071805529654,1
1381.8125230687,1.17182148959156,0.279282627049498,0.95,0.949143856812517,-0.0348046988675497,0
1346.52791394937,51.6004196420298,1.30917499063798e-12,0.95,0.960787532964239,0.226482706919609,0.25
1277.72132615164,221.337574102261,0,0.95,0.94660314777359,0.454707687569312,0.5
1389.28742748375,534.384437126523,0,0.95,0.951292054004982,0.745803161210418,0.75
1301.78662448716,932.75586162711,0,0.95,0.951135190977408,0.944135192323475,1
1352.30887509254,0.953118818059299,0.329157722944388,0.95,0.945784172975068,0.0308700326198668,0
1301.40581065312,54.0234415293197,4.05009359383257e-13,0.95,0.947871783410145,0.226744146614558,0.25
1387.9857611617,219.117816746526,0,0.95,0.951891800168944,0.476455227848764,0.5
1333.7280044951,527.922818738424,0,0.95,0.946925042608496,0.720033511451819,0.75
1407.12130128217,1000.2376748903,0,0.95,0.95988958800543,1.02708176228445,1
1474.57636054627,2.3686377087238,0.124104578402651,0.95,0.945492893368993,-0.0501853047880145,0
1494.16217325852,57.5098987691805,7.54951656745106e-14,0.95,0.936366087701151,0.24944678524339,0.25
1453.28167535588,234.667859718862,0,0.95,0.94581233523153,0.494361207277147,0.5
1434.06285203776,575.688669065975,0,0.95,0.956808178354046,0.766707119958792,0.75
1494.40559940939,971.780315137024,0,0.95,0.967301226166452,1.02270805126452,1
955.293969300079,1.13535859747505,0.286886880979004,1,1,-0.0353409157090545,0
944.611394974379,71.8917198349562,0,1,1,0.279759848766412,0.25
925.307615787722,177.032002403439,0,1,1,0.434888897838065,0.5
1018.64584590716,457.413376944845,0,1,1,0.731644252427928,0.75
997.822506336902,883.189838993265,0,1,1,1.00636798854997,1
887.512739280785,8.62299988881362e-06,0.997657592836563,1,1,-8.9278197553902e-05,0
913.864183177394,91.6453537829963,0,1,1,0.294821725133134,0.25
903.53429290102,286.190217649593,0,1,1,0.518371498957574,0.5
857.23514201498,734.108695402693,0,1,1,0.811663111049368,0.75
935.227860854592,1146.78163819814,0,1,1,1.05384067739013,1
702.732366682839,0.00171050960130154,0.967018328228995,1,1,-0.00132698909270557,0
723.340044881822,68.6483836518009,4.44089209850063e-16,1,1,0.268528121162918,0.25
697.914017358145,260.769341216573,0,1,1,0.516905426298258,0.5
735.31139885793,575.229617929939,0,1,1,0.781868748122467,0.75
702.452864715618,1020.52083476826,0,1,1,1.02484045919276,1
644.510255941651,0.0128659347000521,0.909713436870175,1,1,0.0033755748446239,0
795.211698884702,55.6777704645652,1.82076576038526e-13,1,1,0.239015140782461,0.25
798.226365878106,267.469086795967,0,1,1,0.524639005414476,0.5
744.431622295661,623.358901327166,0,1,1,0.780162845225015,0.75
789.088048276275,1076.45642863649,0,1,1,1.04781389766254,1
820.864727429377,0.583972416606849,0.444935851244884,1,1,-0.022806548126186,0
771.239878101732,73.5300352881097,0,1,1,0.249788499399367,0.25
867.861195607375,278.693472915637,0,1,1,0.509791699154526,0.5
834.602097226293,557.500856622182,0,1,1,0.709413220140806,0.75
873.981598156578,1094.3634639599,0,1,1,1.01322998365604,1
924.428966874613,0.439283591972884,0.50761788279731,1,1,-0.0214905669553451,0
730.958538705625,71.1295821642259,0,1,1,0.248813297721805,0.25
787.231487673641,264.6281689108,0,1,1,0.493286937342494,0.5
865.213282114158,557.892932010404,0,1,1,0.74403550576108,0.75
838.068518068006,1055.02823232168,0,1,1,1.00970384823531,1
865.932052942908,1.04712685310423,0.30641187785224,1,1,-0.031443133199995,0
803.494227030964,97.3526600398897,0,1,1,0.294076043652811,0.25
878.216045036882,264.875782850928,0,1,1,0.5030975595031,0.5
875.735311465069,627.791402927113,0,1,1,0.773593312911241,0.75
826.810378904629,1062.31616022653,0,1,1,0.98255530050852,1
827.993071020167,0.720593231856619,0.39614817236965,1,1,0.0260581778323386,0
841.787393719716,72.6134119693727,0,1,1,0.263349543957855,0.25
886.416088467941,270.521653644743,0,1,1,0.519504161208196,0.5
794.522061391334,629.679976629083,0,1,1,0.757811349758846,0.75
791.861947870487,1063.04866453185,0,1,1,0.983362491538012,1
536.209072774777,1.30834104907674,0.252963075969849,1,1,-0.0340520706301164,0
631.972210090618,72.5220300734388,0,1,1,0.265659495331162,0.25
641.78351284121,280.194093579713,0,1,1,0.52468713886784,0.5
684.174574069793,567.348925735631,0,1,1,0.762228892200654,0.75
666.324740277492,985.686543093357,0,1,1,0.995965980855494,1
944.011568619258,0.970871364632664,0.324696165917163,1,1,-0.0305248556873775,0
928.730253634551,39.693404974292,4.40858460848403e-10,1,1,0.193727568727804,0.25
894.277154118175,302.691410244601,0,1,1,0.526049059713567,0.5
845.069369550966,613.971973040179,0,1,1,0.73141788629648,0.75
968.212053902964,1051.6277682797,0,1,1,1.01656627785654,1
