"","lambda_input","K","mu","sd"
"1",0,1.00085567034622,2.33785328606923e-20,0.00234851844653536
"2",0,1.00219344989986,3.18259924436595e-20,0.00240831231120388
"3",0,1.01169069219085,2.80960828604251e-20,0.0023703314634126
"4",0,1.00348077330769,2.58617158246867e-20,0.00228256034933351
"5",0,1.00499286249671,3.60649158886344e-20,0.00241228682340394
"6",0,0.998093531143122,7.09792433975422e-20,0.00231086958697991
"7",0,0.998335765823737,-6.41212411400978e-20,0.00237851813872926
"8",0,1.00295215271468,-4.31171930934655e-20,0.00240690805321196
"9",0,0.999077226863198,6.24383984321403e-20,0.00237617822144633
"10",0,1.00120668934838,0,0.00230864529916385
"11",0,0.999783521465841,-5.66010708761373e-20,0.00224393051639316
"12",0,1.00100948913856,1.77093413447193e-20,0.00233503082586377
"13",0,0.998427798491885,5.88986477455646e-20,0.00232435723600919
"14",0,0.997586755487697,1.84551538547767e-20,0.00234444256179856
"15",0,0.99712986117073,-2.58648921982389e-20,0.00235160406881408
"16",0,0.996508218494547,7.19351200785187e-20,0.00241577397512312
"17",0,0.995768800087224,-7.34330978457379e-20,0.00252847945036342
"18",0,1.00280916112238,-2.74057510084129e-21,0.00244898955988006
"19",0,1.00341941839092,1.06704128497413e-19,0.00229407487190642
"20",0,0.999600666189142,-5.85904336318824e-20,0.00222539885018111
"21",0,1.00016521272786,5.02737876997069e-20,0.00242595077871361
"22",0,1.00050357439621,-1.20868226676289e-20,0.00242787238259414
"23",0,1.00020796924927,2.27826451822989e-20,0.00234114965553748
"24",0,0.998556610814587,5.9846689371779e-20,0.00220857832345422
"25",0,0.999339840299602,-6.90492788272233e-20,0.00238508310465831
"26",0,1.00034444746724,-2.53432257818487e-20,0.0023702073490341
"27",0,0.998933651286333,2.84060969191202e-20,0.00246284831370926
"28",0,1.00201795292089,-6.24949378813695e-20,0.00233980216924058
"29",0,1.0030068021126,0,0.00231100745671516
"30",0,0.999912567140718,-4.29720989965788e-20,0.00231107701606113
"31",0,1.00021576362592,-2.67158426728743e-20,0.00239109208368273
"32",0,0.998697261956586,4.05491612509579e-20,0.002280631164255
"33",0,0.999905295533854,-2.43408019934426e-20,0.00233863660158893
"34",0,1.00055456420225,7.08869168062915e-20,0.00234525979030854
"35",0,1.00499032567672,2.51516904566508e-20,0.00227346078035957
"36",0,0.997997719895542,2.76528728707743e-20,0.00236869639608235
"37",0,0.99699235554163,6.38980479584963e-21,0.00223090871142521
"38",0,0.997830194288362,4.40219169253617e-20,0.00229842940900952
"39",0,0.997525772292684,8.81697770620683e-21,0.00240143599051019
"40",0,1.00445822071358,3.98931342333094e-20,0.00234936314728449
"41",0,0.99666646024491,-5.63898420349158e-20,0.00243244075026622
"42",0,0.998732761745665,-4.67625714355418e-20,0.00242030108706599
"43",0,0.998927577857912,2.67664528914727e-20,0.0023219076511922
"44",0,0.996929622743593,-1.4148361894903e-20,0.00241915221305839
"45",0,0.998623765733785,-2.95584852438597e-20,0.00244058423651338
"46",0,1.00016625124796,-2.27959859512182e-20,0.00235944070328485
"47",0,1.00256977800702,-2.46080011836319e-20,0.00224879878627568
"48",0,1.00087795173833,-5.16644569804208e-20,0.00226076811101994
"49",0,0.999915282620313,6.24044112351317e-20,0.0023185462601817
"50",0,1.00217560636858,3.58038709222025e-20,0.00248808979701834
"51",0.05,1.0041408729976,-1.48644117847763e-19,0.0105862199694045
"52",0.05,0.989046327767888,3.77403999978626e-20,0.0101386700234022
"53",0.05,0.983544793959452,-5.28217369204307e-19,0.0102713505552135
"54",0.05,0.984951468344056,-2.55858160179423e-19,0.0111457766793182
"55",0.05,1.00778117835509,1.79280452517003e-19,0.0101565179615948
"56",0.05,1.01255516139165,-5.81414426423666e-19,0.0104220982928067
"57",0.05,1.0337530418456,6.50521303491303e-19,0.0100203640107173
"58",0.05,1.00860425607548,-1.14394340625535e-19,0.0106071279968409
"59",0.05,0.999229895491183,3.74876453664019e-19,0.0104774700472169
"60",0.05,1.0343248134312,-6.44397255282654e-19,0.0103746299577489
"61",0.05,0.992314663986317,-4.1629337369966e-19,0.00994479726093814
"62",0.05,0.996375529096525,1.94824354132067e-19,0.0104111957195392
"63",0.05,0.992954915304934,4.87118907087055e-19,0.0101325147176126
"64",0.05,0.999171927516717,3.52221710456756e-20,0.0104019568599353
"65",0.05,0.984882044557337,4.20028815466831e-19,0.0108477903515585
"66",0.05,0.985727281231004,-2.79088038757872e-19,0.0101664959124582
"67",0.05,0.999042905298393,-1.99889611156648e-19,0.00991900771839697
"68",0.05,0.99859764034597,4.26204956201735e-19,0.0105458282009777
"69",0.05,1.00011557711953,4.23338596708227e-20,0.0108106361611014
"70",0.05,1.01524619032606,3.8296815940914e-19,0.0102660766718041
"71",0.05,1.00807566399439,-1.80185083704671e-19,0.0100216009529133
"72",0.05,0.992762686727177,8.5296217788508e-21,0.0103658239376575
"73",0.05,0.985113078695972,-1.53136780599999e-19,0.0102158650872794
"74",0.05,0.997705009764536,6.72154524964177e-20,0.0100827055767727
"75",0.05,1.01197656658313,4.16663977083863e-19,0.0103938086570405
"76",0.05,1.04299517630121,2.3047004165137e-19,0.0103337995202529
"77",0.05,1.00504285130916,-3.76637064584446e-19,0.00992522533186001
"78",0.05,0.996975366765277,3.49765314909718e-20,0.010746246699546
"79",0.05,0.985885351759006,-5.74764794271246e-21,0.0101972069040482
"80",0.05,1.01966162689642,1.05398003692747e-19,0.0099857809222451
"81",0.05,0.993219595014395,-4.15144823492962e-19,0.00960229614401155
"82",0.05,0.994716922422953,5.17608281539947e-19,0.0104802402511004
"83",0.05,1.01148742938399,-4.42035790227681e-19,0.0101669086349041
"84",0.05,0.991964217433565,3.46507626194578e-19,0.00988144837338802
"85",0.05,0.993946225209916,1.6728530131358e-20,0.010095285959937
"86",0.05,1.00508689812608,-2.09772791585211e-19,0.00989205842639478
"87",0.05,1.03914073047848,6.1974224377045e-20,0.0105316425174653
"88",0.05,0.984542491619462,3.2838953851325e-19,0.00978784596701703
"89",0.05,1.01628060283254,2.06701450118467e-20,0.0103610942825151
"90",0.05,0.995676930416309,2.49619762522895e-19,0.00981202907056547
"91",0.05,1.00639461133858,-7.01360220985506e-20,0.0104019632244215
"92",0.05,1.00424658633903,-3.45476363581296e-19,0.0104033581826081
"93",0.05,0.987490918030009,-2.70319553687896e-19,0.0107378854367853
"94",0.05,1.02454978655879,3.07268824913023e-19,0.0101177797949638
"95",0.05,0.998456896457007,1.72909917720704e-19,0.0107639207225731
"96",0.05,1.0028775911815,7.06086664831185e-20,0.0104722760402863
"97",0.05,1.01085610031892,3.45409871494937e-19,0.0103793335137711
"98",0.05,0.984285294217319,4.38370043390202e-19,0.010562031293628
"99",0.05,0.990727665955822,-3.50434470938049e-20,0.0102199219770184
"100",0.05,0.982096524653043,-3.54839042263772e-19,0.0100924478141591
"101",0.1,1.03708010344836,1.02074924034079e-18,0.0178636305749409
"102",0.1,0.964134639295015,8.03464960579328e-19,0.0185697134605998
"103",0.1,1.03293208211219,-1.42261216370433e-18,0.0176715527474642
"104",0.1,0.96985609714117,3.26754817864608e-19,0.0183825467834292
"105",0.1,1.00471688573079,1.81039739948451e-19,0.0179595955973851
"106",0.1,0.980991460500437,-8.81727416773837e-19,0.019381602493506
"107",0.1,0.96236832943221,1.3503738058307e-19,0.0188870907368047
"108",0.1,1.04574455489491,-8.4511102949698e-19,0.0186044695637655
"109",0.1,0.97529013598937,-6.1938267828434e-19,0.0184669530099836
"110",0.1,1.03140700197611,1.40648126825682e-19,0.0182344710258291
"111",0.1,0.992829589614055,-7.1498749879917e-19,0.0185626033566498
"112",0.1,0.992955927302226,1.72406780150035e-19,0.0179551732589849
"113",0.1,0.992883395062088,7.23603306180404e-19,0.0176447070299989
"114",0.1,0.980266271175646,-1.3904452404994e-18,0.0179756919172853
"115",0.1,0.992677800251775,4.90378713384563e-19,0.0174139074273232
"116",0.1,1.00916880833495,1.54647887377901e-19,0.0177897751249114
"117",0.1,0.982894684399947,6.93022875685682e-19,0.0185147213427824
"118",0.1,0.973280114678411,5.80969734126358e-19,0.0190514300614133
"119",0.1,0.989806985227314,1.02064082012354e-19,0.0184423055795471
"120",0.1,0.99277410902494,-1.3814378921383e-18,0.0179964837092647
"121",0.1,0.964676867459523,5.81606702902693e-19,0.0181473207700978
"122",0.1,0.972326901956208,8.42608788291673e-20,0.0186618878449321
"123",0.1,1.0030184335151,9.14530461722154e-19,0.0193135322454959
"124",0.1,1.02723281186889,5.43532571923612e-19,0.0179724134107904
"125",0.1,0.98844025445235,-7.47631936828114e-19,0.0188032946223273
"126",0.1,1.00061224005961,7.93239578840074e-19,0.0188855562182844
"127",0.1,0.993913184696811,-3.15444598678158e-20,0.0181227785893339
"128",0.1,1.00609265678242,1.52745260795955e-18,0.018938971066923
"129",0.1,1.00462611734864,3.04660810468427e-20,0.0183390877127282
"130",0.1,1.07662344171003,-1.1189389936524e-19,0.0182203178122515
"131",0.1,0.978237421338867,-6.7071626301974e-19,0.0179454091322619
"132",0.1,0.989713054501444,-4.44583453574785e-19,0.0183195973190376
"133",0.1,0.986071115238767,-3.77088903722247e-19,0.0178837982978313
"134",0.1,0.97903843911626,9.64688576485001e-19,0.0178130652551993
"135",0.1,0.983591802347665,-1.15496330489913e-18,0.0187325386677429
"136",0.1,0.994524343066254,-3.05927971757519e-19,0.0184383897345757
"137",0.1,0.996773371675007,-7.50157789076826e-19,0.0190783642586738
"138",0.1,1.00179865824472,7.39465268667161e-19,0.0185445478033555
"139",0.1,1.02661626768007,1.32191349880295e-19,0.018724646150619
"140",0.1,1.02123484508017,-6.76254164428888e-20,0.017944057078553
"141",0.1,1.01192925326297,9.41461874280104e-19,0.017929385290179
"142",0.1,1.02413430656028,-4.48554767547987e-19,0.0184452977974993
"143",0.1,0.996531350766102,1.17906986257799e-18,0.0184372701171952
"144",0.1,1.04873765781584,6.70821718621673e-19,0.018192831723612
"145",0.1,1.04780045086617,-1.12398561595214e-18,0.0190449059662437
"146",0.1,1.02897313905784,1.0178962216162e-18,0.0188721301356395
"147",0.1,1.06568899898348,5.87434289579802e-19,0.0185929907523924
"148",0.1,1.00075987503845,-2.0577818420596e-19,0.0183764117077182
"149",0.1,0.969499956386954,-1.13754703695416e-18,0.0186294938610062
"150",0.1,0.988298941959795,3.37690013213661e-19,0.0183765286319325
"151",0.15,1.00050935385371,-2.61636957758771e-18,0.0266072005516062
"152",0.15,0.982557678814912,-1.96938548368414e-19,0.026269779239543
"153",0.15,0.959908463575554,-6.34454782547783e-19,0.0260661541625657
"154",0.15,0.982260340269001,9.68810874081051e-19,0.0266048604524673
"155",0.15,1.02276327723561,3.10667121097407e-18,0.025043918518294
"156",0.15,0.964511845988736,-1.40993928026399e-19,0.0262467174028338
"157",0.15,1.00787720314387,1.02457020596585e-18,0.0253435279655026
"158",0.15,0.94938819711558,3.29611944698991e-18,0.0259250156322544
"159",0.15,0.997236044469948,1.12434549907561e-18,0.0267137615081817
"160",0.15,0.993517965765719,-2.34519028545835e-18,0.025962170626882
"161",0.15,0.970630063118527,8.30966426310781e-19,0.0257218995331176
"162",0.15,0.989593683842173,1.52060709943808e-18,0.0265811376497962
"163",0.15,1.0267002567254,2.43278111550097e-18,0.024971356825163
"164",0.15,0.96890778353901,-3.38312582429893e-19,0.0269019177136122
"165",0.15,0.994792902405275,-9.05850915111639e-20,0.025505534785155
"166",0.15,0.972555109896857,-3.36152648414394e-19,0.0263452010572896
"167",0.15,0.979962689897258,-2.72970343296328e-18,0.0268113806421876
"168",0.15,1.11746975927644,-1.384028118891e-18,0.0263410559652219
"169",0.15,1.00060901681221,-2.34997771567623e-18,0.0269707855329549
"170",0.15,0.943650493960636,-2.04300238767943e-18,0.0261732089255362
"171",0.15,0.987839158982153,-1.10576424319081e-18,0.0254909607214523
"172",0.15,0.949954941923573,-9.47335200736366e-19,0.026155030843266
"173",0.15,0.951974130951652,-5.75074384813468e-19,0.0261992359720614
"174",0.15,0.997559111513393,1.80766995339435e-18,0.0271085154445146
"175",0.15,1.01009328967065,6.64307611740814e-19,0.026057613582718
"176",0.15,0.980438048362724,-5.20791007839255e-19,0.0262453060250359
"177",0.15,0.990576405195909,-2.80668771644038e-18,0.0264648043377118
"178",0.15,1.05144358714653,-1.17321517084656e-18,0.0267147831172997
"179",0.15,0.995903090679103,-9.51976941287319e-19,0.024787760249016
"180",0.15,0.956493943831592,-2.35365214460142e-18,0.0261050061111008
"181",0.15,1.00567444762403,-3.46944695195361e-18,0.0260567644821653
"182",0.15,0.971242288655455,-2.92888831270781e-18,0.0264137645559931
"183",0.15,0.979119736562391,1.37750765926304e-18,0.02715139363864
"184",0.15,1.00525566385319,-8.0428488847227e-19,0.0261170934687296
"185",0.15,0.979937890551515,6.81432923868401e-19,0.0259966236707014
"186",0.15,0.962028548427621,2.58526017501742e-18,0.0258353554456781
"187",0.15,0.985711214824135,3.25547287695002e-18,0.0255261796857861
"188",0.15,0.999774020463544,1.75414085925966e-18,0.0258529998285065
"189",0.15,0.970210248724981,1.86863938493771e-18,0.0269865995594049
"190",0.15,0.976917109738094,-1.50936358409622e-18,0.0258685763723202
"191",0.15,0.960747872167638,-1.24442692478813e-18,0.0269081482144799
"192",0.15,0.932325773402314,2.31490716352811e-18,0.0260608727071177
"193",0.15,1.01179951659301,-1.59552546955682e-18,0.026345507833761
"194",0.15,0.961089686363891,1.31841017053311e-18,0.0261316971605485
"195",0.15,0.954303719010344,1.12954681076734e-18,0.0261366229511924
"196",0.15,1.00239484677467,-3.07560034840289e-18,0.0262740406477212
"197",0.15,1.07395422016594,-4.20091072388454e-19,0.0267807304562006
"198",0.15,1.00276043282896,-2.03171863827258e-19,0.0262713672778494
"199",0.15,0.971711398983648,1.09233368877915e-18,0.0266818105688986
"200",0.15,0.961929079683857,-4.95029771297936e-19,0.0262017331872903
"201",0.2,0.970928970399453,2.88327304739933e-18,0.0338255382904559
"202",0.2,0.983165720801758,-2.13491266223657e-19,0.0329358924365186
"203",0.2,1.02218210371399,2.3949331423188e-18,0.0354165482665421
"204",0.2,0.947256497693159,2.34398368702498e-18,0.034509202738952
"205",0.2,1.09029211951165,1.02474045958825e-18,0.0346949389648686
"206",0.2,1.1463344235263,-3.29209349939161e-18,0.0346547121965252
"207",0.2,1.03792391696281,-1.21131132468227e-18,0.0346976758766635
"208",0.2,1.06250079857824,-8.80753328884494e-20,0.0345389413643235
"209",0.2,0.960641365070464,2.29278266294583e-19,0.0353852507034172
"210",0.2,0.92405321298797,2.20549845883012e-18,0.0332027962021765
"211",0.2,0.957078780079809,-1.1942885035413e-18,0.0325548795897782
"212",0.2,1.03483946094821,-6.33132564117119e-19,0.0342016556255931
"213",0.2,0.986620207039307,-1.72239067626478e-18,0.0340991455819318
"214",0.2,0.961771372069612,2.21866812709403e-18,0.0349187547117896
"215",0.2,0.977404320929944,-4.02385542691997e-19,0.0347435064483458
"216",0.2,1.09832448379256,4.6766213677215e-19,0.0332175202512146
"217",0.2,1.00413890938309,1.55593853773395e-18,0.0347901072109402
"218",0.2,0.985535555164095,-1.26360713884575e-18,0.0343572597452432
"219",0.2,0.964128191922385,1.32669076462547e-19,0.0340667423148229
"220",0.2,0.994041486853742,3.37711527850521e-18,0.033022920318279
"221",0.2,1.10735012547542,2.45552479716769e-18,0.0347478837352457
"222",0.2,1.0190382820658,-6.42481266755965e-19,0.0336069945614653
"223",0.2,0.940738845006215,-3.32673545286842e-18,0.0346105258494764
"224",0.2,0.943287567183745,-8.67361737988404e-19,0.0364845090390326
"225",0.2,0.974945341893685,-3.74481736310599e-19,0.0339105471109378
"226",0.2,0.992540740722162,2.18955645172984e-18,0.0333432511958171
"227",0.2,1.03444713123839,3.26594389824398e-18,0.0334519320838509
"228",0.2,1.0451201793374,-7.30450720526007e-19,0.0350696582478337
"229",0.2,0.988200035789064,-1.17299833041207e-18,0.0337853456652835
"230",0.2,1.03381314483298,-1.27810834290275e-18,0.0347013034288979
"231",0.2,1.1881402940121,-2.04221676462085e-18,0.034808043375279
"232",0.2,0.965836083027594,-3.49766331349255e-18,0.0335232239006331
"233",0.2,1.06687942562505,-5.3048995860179e-19,0.0345051513034918
"234",0.2,0.973926670521494,-1.68971214515971e-18,0.0336577769083188
"235",0.2,1.01353428985508,-4.85902144258324e-19,0.0339651088863586
"236",0.2,1.10734681115843,-2.97459929273934e-18,0.0344886857118085
"237",0.2,0.93581608221872,-4.16987543669714e-19,0.0348156572924116
"238",0.2,0.918291326047004,-2.32072797394164e-18,0.0330298479797662
"239",0.2,0.999845080336982,-1.00410673699314e-19,0.0345895794504795
"240",0.2,1.10925488966862,1.49938384191167e-19,0.0352295870181564
"241",0.2,1.12775142005933,-2.39423010497258e-18,0.0343835015568597
"242",0.2,0.99015244808862,-3.00601913288479e-18,0.0332850172055786
"243",0.2,0.996703171519552,1.37108206732517e-18,0.0358459293030334
"244",0.2,0.962753866823404,-8.40149110491965e-19,0.034902997799004
"245",0.2,0.971944240868259,-2.07311991466848e-18,0.0324876949368477
"246",0.2,0.977532753943856,1.68140783414483e-18,0.0334616003540296
"247",0.2,0.931537134213609,-2.07512907681937e-19,0.0346603289384349
"248",0.2,0.960399385203939,-1.0556368333723e-18,0.0345102762390934
"249",0.2,1.07657741817321,9.53496518394693e-19,0.0350547523777288
"250",0.2,0.98917212381459,4.2007074359772e-19,0.0331012272478813
"251",0.25,0.934322386627356,4.04724539472545e-18,0.0437959930566226
"252",0.25,0.998066161176408,6.14682831273205e-18,0.0437114278740704
"253",0.25,0.982764151263922,-1.98223497349399e-18,0.0456220898941756
"254",0.25,1.02064331649784,6.90964839733738e-18,0.0430585959523132
"255",0.25,0.924911484962992,3.72848466205879e-18,0.0443479404520459
"256",0.25,1.12997400833636,-3.41274317833262e-18,0.0437412813868637
"257",0.25,1.01699351961976,5.36821699289106e-18,0.0442148589594577
"258",0.25,0.950032499639104,-6.81048667371879e-18,0.0422765297352054
"259",0.25,0.979753253045884,6.38055646661503e-18,0.0428600597414793
"260",0.25,1.00622602944268,3.53720619960217e-18,0.045571330808364
"261",0.25,1.03085784072488,-7.10348934621768e-19,0.0428578381972949
"262",0.25,1.11210032727837,4.27941373743607e-19,0.04558568673206
"263",0.25,1.05250519039525,-2.23687171216347e-18,0.0436932980625123
"264",0.25,0.961658744756875,-2.25808141716272e-18,0.0431846762246846
"265",0.25,0.993660089825635,3.96433103358462e-18,0.0430015816688361
"266",0.25,0.981591673106501,-3.02165790218994e-18,0.0432684622256359
"267",0.25,0.931767737088299,2.51524061994912e-18,0.0433589036827898
"268",0.25,0.941356569028126,4.48988448416981e-19,0.0421625302013005
"269",0.25,0.967070384498759,-2.10665564311617e-18,0.0419174254852001
"270",0.25,0.927202417890269,-3.03759567412548e-19,0.0449744502797728
"271",0.25,0.956741374728512,-1.26556378495391e-18,0.0439945523749899
"272",0.25,0.985353219891355,1.82492232046402e-18,0.0427384107418086
"273",0.25,0.964386397803319,4.52566315586184e-18,0.043000572856399
"274",0.25,1.00691849683126,6.83403122503715e-20,0.0433448748989391
"275",0.25,1.06772426114465,6.16125328382379e-18,0.0422746467830012
"276",0.25,1.01013650887584,-3.07683701650588e-18,0.0433205086944186
"277",0.25,0.965721506991069,3.43158288514545e-18,0.0429213016629943
"278",0.25,0.923254480246795,2.98538117512494e-18,0.0443218821086728
"279",0.25,0.914727711907045,4.10787686012286e-19,0.0432228380210339
"280",0.25,1.02824741715819,6.36277597450274e-18,0.0407254801678427
"281",0.25,1.06465202899651,-4.32505187263413e-18,0.0431150166215013
"282",0.25,1.03943100291514,-5.0412622752509e-18,0.0438997101460474
"283",0.25,0.940897395242885,-4.69074310101812e-18,0.0432709125406609
"284",0.25,1.00455639645462,5.76413459199782e-18,0.0433528165988546
"285",0.25,0.986824379338204,3.69484580734977e-18,0.0432012335395944
"286",0.25,0.93136189877664,-6.35036185962778e-18,0.0418943424999721
"287",0.25,1.01909051832221,-3.02138685164682e-18,0.0449940555221129
"288",0.25,0.957950989835973,-9.5128576240236e-19,0.0418123178729661
"289",0.25,0.911457014200631,6.92371507349243e-19,0.0439477862625903
"290",0.25,1.10219738937819,-3.78438057800634e-18,0.0435073991989541
"291",0.25,1.01974570489925,-6.30748505183777e-18,0.042523821379108
"292",0.25,0.927146961332905,-2.80217303083152e-18,0.0425689477501487
"293",0.25,1.00814344051154,-4.12332250591604e-18,0.042968262818502
"294",0.25,1.00640298167441,1.25749664316426e-18,0.0426656450132163
"295",0.25,0.95693839257861,2.47999727307976e-18,0.0451831006579746
"296",0.25,0.953879968310663,1.08101055234025e-18,0.0424359311216252
"297",0.25,0.977982382872836,3.00267165867724e-18,0.0438678566479296
"298",0.25,1.0065640594957,-7.44395423936655e-19,0.042669535879976
"299",0.25,1.03062296360146,7.31060584248031e-19,0.0447662628391019
"300",0.25,0.937069913940932,-7.84450764979364e-19,0.0426958217848697
"301",0.3,0.968220487436459,5.09101021430904e-18,0.0523447115988826
"302",0.3,1.04540492433871,-4.64201160149669e-18,0.0541374186424618
"303",0.3,0.917120374306293,4.84197575155269e-18,0.0538440015836207
"304",0.3,1.01777209700192,5.50411495894854e-18,0.0548771228233135
"305",0.3,1.10922553858049,3.80891573435651e-18,0.0554624544673187
"306",0.3,0.91302696296544,1.88835831194979e-18,0.053954245643537
"307",0.3,0.957885827545249,5.49229715526844e-18,0.0534435916890535
"308",0.3,0.95695081899287,6.62437362993276e-18,0.0567604779933254
"309",0.3,1.33030222712562,4.58942949019703e-18,0.05390520420738
"310",0.3,1.00957862686115,4.06624603779826e-18,0.0516581805131299
"311",0.3,0.991938597641807,-4.41443417736019e-18,0.0546161732039798
"312",0.3,1.16143990516541,2.38856345455545e-18,0.052965770932499
"313",0.3,1.0373369871998,5.91790071807763e-18,0.0536965826627248
"314",0.3,0.904747994575562,-3.76478362373867e-18,0.0554105471525153
"315",0.3,1.19472584109831,-5.02717103514037e-18,0.0518948347876307
"316",0.3,1.02981367368743,-3.71848310877585e-18,0.0538822222609175
"317",0.3,0.902441706264073,4.94196290877838e-18,0.0536057359902936
"318",0.3,0.89357878866156,-2.43132675993053e-18,0.0546271228082433
"319",0.3,0.954684574743644,-6.82579467665804e-18,0.0538017460733751
"320",0.3,1.00732050681051,-4.21396858379941e-18,0.0532513215742518
"321",0.3,0.93838516514702,-1.56815275283335e-18,0.0521109679640879
"322",0.3,0.965275138952046,-5.50144511109879e-18,0.0541949421762925
"323",0.3,0.954665069302253,4.70898988476787e-18,0.0526668297771308
"324",0.3,0.973436570381407,-4.19528642511477e-18,0.054467881531628
"325",0.3,0.957953820122419,5.1703975302575e-18,0.0553247061771982
"326",0.3,0.963067121615982,-6.80178976293286e-18,0.0537637584798371
"327",0.3,0.943487625333302,2.97982802712274e-18,0.0528065508094319
"328",0.3,0.969744274741649,3.35605295723879e-18,0.0541845093738131
"329",0.3,1.0244293728692,9.92133079250751e-19,0.0547147392353917
"330",0.3,0.928747416630332,4.72693851292019e-18,0.0514153479647103
"331",0.3,1.09548341043197,1.55237676419074e-18,0.055194643650971
"332",0.3,0.930786985168887,-6.15352495521304e-19,0.0545520938252258
"333",0.3,0.96787288305981,2.21875452445465e-18,0.0514885841431772
"334",0.3,1.30405115207637,-3.19455426738349e-18,0.0559866138095176
"335",0.3,1.09295078213592,3.72199406034222e-18,0.0547332308469159
"336",0.3,0.911083216122274,-6.05934166774194e-18,0.0533655933750627
"337",0.3,1.00014998641783,6.95907361684262e-18,0.0543340237836906
"338",0.3,0.952888763985691,-3.52544599416249e-18,0.0543202468276398
"339",0.3,0.964655226618737,6.35238118617404e-18,0.0529778512126941
"340",0.3,1.06606297443096,-6.33909970956109e-18,0.0545773728329173
"341",0.3,0.95782662542298,6.57828995540444e-18,0.055381347744633
"342",0.3,1.02773550454873,3.20753674136606e-18,0.0539028633502183
"343",0.3,1.14619434242739,-2.66940739261298e-18,0.0539267706418044
"344",0.3,0.874159266946081,5.06765582188734e-18,0.053741984757241
"345",0.3,1.05697999813731,-1.36117516997408e-18,0.0550152167280142
"346",0.3,0.963325094402585,-5.7445367906972e-18,0.0523266227870139
"347",0.3,0.997867791701283,3.82843984379072e-18,0.0538459135957677
"348",0.3,1.06926724696757,-2.31639794151528e-18,0.0561767299513393
"349",0.3,1.03946303403476,-5.78274125887104e-18,0.0528118387000578
"350",0.3,0.996308265486606,5.00002532324677e-18,0.0509940220595015
"351",0.35,0.93393996319654,8.56860901134703e-18,0.0703291972426264
"352",0.35,0.889741580448968,-7.07751253979129e-18,0.0680111055969322
"353",0.35,0.903465242789594,-2.56993184328744e-18,0.064704496328161
"354",0.35,1.05097024326097,-9.39399518460129e-18,0.0663164862822278
"355",0.35,1.03469501346122,1.07084886747863e-17,0.065713732226438
"356",0.35,1.01021641807333,1.77611289391144e-18,0.0663454525706265
"357",0.35,0.940460112158792,-9.2807146923014e-18,0.0649112938360971
"358",0.35,0.958100973030626,1.75742395896322e-18,0.0612168964151519
"359",0.35,0.931214906749329,2.00750874257416e-18,0.0702146810695701
"360",0.35,1.00821006097332,9.64124071377304e-18,0.0627164969669032
"361",0.35,0.999326785804707,8.49281311509492e-18,0.0697457519180525
"362",0.35,1.16694695957106,9.9807179665054e-18,0.0645427746500188
"363",0.35,1.00951711973863,1.09950297564471e-17,0.0680290809803936
"364",0.35,0.88785224890031,7.88917000303646e-18,0.0669795243825407
"365",0.35,0.943257084297738,8.09584604216651e-18,0.0609929509314794
"366",0.35,1.044454326171,-1.11747904766452e-17,0.064707840386863
"367",0.35,1.08479556748737,3.95663658629176e-18,0.066646844772996
"368",0.35,0.953334106307753,-1.86545792918782e-18,0.0669237726185001
"369",0.35,0.955997456594402,8.05464635961206e-18,0.0661467029369835
"370",0.35,0.906844231689078,6.30980592211325e-18,0.0674187901774036
"371",0.35,1.25830202972857,1.12007232373583e-17,0.0674151742685859
"372",0.35,1.0091610133805,-2.98223360069294e-19,0.0671839335943874
"373",0.35,0.988270898310861,3.65733580031356e-19,0.066109765682619
"374",0.35,0.892532235333389,-2.45610416770362e-18,0.0685241154137746
"375",0.35,0.912936482136854,-1.27224619728139e-17,0.0654782467016161
"376",0.35,0.886379571335471,-5.85789859816003e-18,0.0651370378176207
"377",0.35,1.02252177150543,-3.06175644191296e-18,0.0690417990638827
"378",0.35,1.14363902541982,6.73499274471238e-18,0.0681546878188858
"379",0.35,0.96709224235307,-4.62493541728004e-18,0.066587485147691
"380",0.35,1.04059678762939,-1.09862204020374e-17,0.0678661632656506
"381",0.35,0.952665996350878,5.28347642871595e-18,0.0669711466055533
"382",0.35,1.01333257418969,-8.58166348313011e-18,0.0654655140595782
"383",0.35,1.02503101334176,-6.37654534209331e-18,0.0644179367038396
"384",0.35,1.15284402601691,1.20115264678762e-17,0.0657521775636606
"385",0.35,0.869442763804844,7.0911768752964e-18,0.0651572270584944
"386",0.35,0.931461851617761,-1.22107132534448e-17,0.0675313174284065
"387",0.35,1.02239357732571,1.1062060555761e-17,0.0646885111948181
"388",0.35,0.993288860387561,-5.46010746805306e-18,0.0658762032640196
"389",0.35,0.887714837750591,-2.27508983874358e-18,0.0669950933816548
"390",0.35,0.895804036163167,6.7135153773018e-18,0.0626326963150614
"391",0.35,1.11532369374017,1.11869267647134e-17,0.0681662388943929
"392",0.35,0.98229891177893,3.93053780712097e-19,0.06905512527457
"393",0.35,1.09900114359361,8.38631735670253e-18,0.0617975785295859
"394",0.35,0.935645466106814,1.06674990564028e-17,0.0637979128733641
"395",0.35,0.925524846226322,-2.37411476654119e-19,0.066902301989853
"396",0.35,1.01340862381751,1.3803819755723e-17,0.0676652886698256
"397",0.35,0.913315362694947,6.8580463031577e-18,0.0665766823465556
"398",0.35,1.23284537292098,-1.22720505090455e-18,0.0717910001970069
"399",0.35,1.03358178863952,-7.23552484203568e-19,0.0655276111657916
"400",0.35,0.969309413921804,5.33907567137372e-18,0.0640535213783114
"401",0.4,0.940757744255591,1.21674588807186e-17,0.0808713505109361
"402",0.4,0.922116444324496,-8.42811335045185e-18,0.0801880625860818
"403",0.4,0.998599312659886,-9.52798902059335e-18,0.0844597880143479
"404",0.4,1.06272199474331,5.35165919283813e-18,0.080547967442913
"405",0.4,1.01469691664264,-1.17371458147227e-17,0.0738152849711311
"406",0.4,1.0578903413795,1.02981994676635e-17,0.0821638992500883
"407",0.4,0.964151223856394,-1.27074728777793e-17,0.081206654641921
"408",0.4,0.990890506637294,6.2333459520305e-18,0.0828253468983967
"409",0.4,0.955803061939274,1.23105964373762e-17,0.080532836471647
"410",0.4,1.01901979576275,2.10245774782958e-18,0.0794142258307467
"411",0.4,0.867860686944467,-9.23024677523809e-18,0.0839325133294041
"412",0.4,0.880359465928538,-6.85204592175935e-18,0.077362408154175
"413",0.4,1.43989520339884,-1.19672279152842e-17,0.0839943552530513
"414",0.4,1.04685667202014,-1.30714869809277e-17,0.0817231953722416
"415",0.4,0.891687314411959,9.83192477085892e-18,0.078553512116793
"416",0.4,1.09247790026825,-3.38731863738784e-19,0.0816014964941801
"417",0.4,0.984874119121184,-2.01460010240857e-19,0.0771722624036456
"418",0.4,1.16722885856506,-1.13592467239864e-17,0.0817244837914881
"419",0.4,1.02810241967385,1.05822892359749e-17,0.0845411126876609
"420",0.4,1.42015488219485,-9.31670851036202e-18,0.0859707371458577
"421",0.4,1.17720636848154,-4.71106850362044e-18,0.077612974655776
"422",0.4,1.03610104318172,4.05429270884661e-18,0.0753332763566785
"423",0.4,0.866485556944387,9.14555703303982e-18,0.084870925187901
"424",0.4,1.00814291325733,-8.39431334772461e-18,0.0787927669138632
"425",0.4,0.901188920955097,-8.81806021431342e-18,0.0819286034766652
"426",0.4,1.08458224078862,-1.36518468513321e-17,0.0834600769045653
"427",0.4,1.00056635429879,6.55144070504238e-18,0.0741284254191001
"428",0.4,1.07358569678838,-6.93889390390723e-18,0.0832580587662196
"429",0.4,0.859313323457502,2.56808192333063e-18,0.0792133190287288
"430",0.4,0.909004591736453,-1.2756424605867e-17,0.0814933402802454
"431",0.4,0.936950983948062,6.77812069777126e-18,0.077646470419459
"432",0.4,0.911084156272685,2.64164504073378e-18,0.0825167945148707
"433",0.4,0.95521502243242,6.224553750038e-18,0.0831750958813431
"434",0.4,0.999556397882512,-1.20578689109699e-17,0.0704760616566987
"435",0.4,0.850334882913766,-3.82662380515181e-19,0.079703393207946
"436",0.4,1.06423087986857,4.03231114507417e-18,0.0826178796130522
"437",0.4,0.893173879797298,-9.55310862967712e-18,0.0812820259662202
"438",0.4,0.916554680269099,1.09906387376485e-17,0.0804991716025995
"439",0.4,0.856234139868676,-8.99237281859477e-18,0.0777708422043146
"440",0.4,0.980422754487459,-1.27472359924552e-17,0.077773608072544
"441",0.4,0.949083452371267,2.25538954645634e-18,0.0773774723741906
"442",0.4,0.864027696885869,-1.50778640874844e-19,0.084069611114586
"443",0.4,1.02237678729386,3.0187102275335e-18,0.082496023658339
"444",0.4,0.8566041276734,7.07035045270578e-18,0.0747167018959948
"445",0.4,0.841604674743762,5.26640193856519e-18,0.0682801022883891
"446",0.4,0.879144584137971,1.04774587443568e-18,0.0868309770693356
"447",0.4,1.02977248474295,-9.14378165198237e-18,0.0811348280717576
"448",0.4,1.01412032996865,-1.17513852855989e-17,0.0830097823479665
"449",0.4,1.08759471655149,-1.1433918184001e-17,0.082551880442
"450",0.4,1.34093280404605,-1.25030397818936e-17,0.0849727681084524
"451",0.45,0.973676114764007,-1.23460710242402e-17,0.100732171175774
"452",0.45,1.08084778554233,-1.54964609937538e-17,0.103142760785979
"453",0.45,0.935798747618504,2.88663407413403e-18,0.0863735737912348
"454",0.45,0.789791757623383,-2.30596249560511e-18,0.0853446160640019
"455",0.45,0.992769241393228,-1.71179260002874e-18,0.10405207474471
"456",0.45,0.981234997228244,1.13653999948317e-17,0.105286461002458
"457",0.45,1.2705509435576,-1.54108293509182e-17,0.105607262526608
"458",0.45,1.04143826553005,-1.44565620325415e-17,0.0978882666246349
"459",0.45,1.01965277943438,7.30182719301496e-18,0.0898365409971016
"460",0.45,0.919446419729979,4.642038706551e-18,0.080892692113789
"461",0.45,0.98598625859175,7.94255340750422e-18,0.0891529008328876
"462",0.45,1.1437238786815,2.5550010241196e-17,0.0903275178478571
"463",0.45,1.31330549790607,-6.675725849393e-18,0.101795296816025
"464",0.45,0.932681716383371,-9.41809157788479e-18,0.0787956973221861
"465",0.45,1.11009821307515,4.55017967748717e-18,0.102499234695974
"466",0.45,1.11053983787621,3.24398033392168e-18,0.0920377101082724
"467",0.45,1.04977299718051,7.30037368447747e-18,0.0987818136314105
"468",0.45,0.820403494273208,-1.82461052763614e-17,0.104154298602292
"469",0.45,0.966667657495153,-2.6267196425768e-17,0.105824784375928
"470",0.45,0.967732624627382,-1.34704733804024e-17,0.0983368752539304
"471",0.45,1.05811889433081,-1.26876590830771e-17,0.105933159962401
"472",0.45,0.881707748905355,4.41258764553518e-18,0.089154358732311
"473",0.45,1.11453835807087,-2.77555756156289e-17,0.102618950796491
"474",0.45,1.01570119367739,-2.52935557698217e-17,0.102108599012678
"475",0.45,1.18891548799085,-1.72473255295735e-17,0.102915153042413
"476",0.45,0.911222745228891,1.50399441165017e-17,0.0942560127827059
"477",0.45,1.04061442514144,-1.98241149516019e-17,0.0926068642835071
"478",0.45,1.04057406977564,7.83513607726521e-18,0.102100106009064
"479",0.45,0.916265269359385,-6.66774171683218e-18,0.0845873869374607
"480",0.45,1.09175018516618,2.20776901534853e-17,0.0972083267427261
"481",0.45,0.919800323041627,-2.64059471987918e-18,0.0965255587157075
"482",0.45,0.919354452542425,1.45538691775221e-17,0.0889154037917063
"483",0.45,0.998347459337113,2.51860571244197e-17,0.100010330904935
"484",0.45,0.889259257833826,2.56272935273034e-17,0.10481273613942
"485",0.45,1.20618314865824,-5.99439118134648e-18,0.106503683515124
"486",0.45,1.08486503133357,7.88338646207261e-19,0.0820349186685634
"487",0.45,0.983812124504939,-1.89477475593183e-17,0.0934570256596996
"488",0.45,1.09933397140876,1.13419880041696e-17,0.104567056813427
"489",0.45,1.10991003987236,-6.31222504821061e-19,0.0881126043457578
"490",0.45,0.993172985258519,1.06701485754618e-17,0.0850944508317255
"491",0.45,1.05101579783991,2.48900970363855e-17,0.0966351435874506
"492",0.45,0.969807055374039,2.67594919747122e-17,0.0972867997435551
"493",0.45,1.31568216339139,-2.48012873259318e-17,0.106521464112539
"494",0.45,0.976558853255247,-1.98550214897814e-17,0.0996936289477278
"495",0.45,0.867234703308788,-4.70288404776759e-18,0.0966452590619234
"496",0.45,0.845201540713204,-2.70272119842849e-18,0.066666652177083
"497",0.45,0.837387547453938,6.98041800008048e-18,0.0863153877331737
"498",0.45,1.00268663565816,-6.82648924367479e-18,0.099095887212859
"499",0.45,0.88124317957366,-1.49059909380911e-17,0.10057820717387
"500",0.45,0.868951801705866,-5.99374743630657e-18,0.102113703466368
"501",0.5,0.896181332321005,2.06372022064621e-17,0.0949103601345906
"502",0.5,0.946276607033378,3.39328174933651e-18,0.112195038386876
"503",0.5,0.854937184490932,2.68618885700959e-17,0.110816478449972
"504",0.5,1.07027930518694,-5.60538282999047e-18,0.0992886496994622
"505",0.5,0.818218529829586,8.79206646722808e-18,0.0965352837184272
"506",0.5,0.915559187166754,2.7643275140449e-17,0.106066419497763
"507",0.5,1.04643799913731,-2.32816153508675e-17,0.100132832562161
"508",0.5,0.951784247373904,-2.69735405886151e-17,0.109828481089099
"509",0.5,0.83104417087748,2.35521780030112e-17,0.123776411886806
"510",0.5,1.07345658648887,-3.95822223196902e-18,0.099642263839449
"511",0.5,1.07398117693459,-3.96538135443922e-18,0.106988358109781
"512",0.5,1.2533968407362,-1.10678881424381e-17,0.113871858562861
"513",0.5,0.982714820425787,-1.05234831265788e-17,0.107012476628246
"514",0.5,0.967089881635934,-7.32404994941913e-18,0.105366596911394
"515",0.5,0.958231084013115,-2.1365775901977e-17,0.102982179174512
"516",0.5,0.986292392081244,0,0.107392044293477
"517",0.5,0.821129688525075,-4.62195470833865e-18,0.106617034475068
"518",0.5,1.05693173335886,-7.04676185567417e-18,0.096164386607283
"519",0.5,0.917366154072654,-2.42861286636753e-17,0.088625496315301
"520",0.5,0.9214410656619,1.99616121158638e-17,0.101511604560212
"521",0.5,1.11524060511013,4.69662828593564e-18,0.112864312871938
"522",0.5,0.91075792746556,-1.10410405861419e-17,0.100915356991544
"523",0.5,1.10782675890269,-1.48452620639047e-17,0.0963146990818556
"524",0.5,1.18606383590042,-1.80826761984193e-17,0.108329623803347
"525",0.5,0.85477607577267,2.77555756156289e-17,0.085017752338423
"526",0.5,0.94071114718255,8.56609501755957e-18,0.109773404032991
"527",0.5,0.991274817774233,2.23806645213557e-18,0.0985446885641313
"528",0.5,0.954495673184972,9.06928341020546e-18,0.0881310786028928
"529",0.5,0.840921860084506,6.58227270432243e-18,0.0879349436892173
"530",0.5,0.940728018859413,1.68527843590061e-17,0.104104951401388
"531",0.5,1.03499921347392,7.05175596193118e-18,0.102232529591719
"532",0.5,0.893988555189327,-1.05183873763681e-17,0.102984820302019
"533",0.5,1.13146504557552,-1.08159297219478e-17,0.100994122225624
"534",0.5,1.00811650548677,-1.63000309864186e-17,0.129332968150922
"535",0.5,0.920345065794156,2.72597547155582e-17,0.10528945346118
"536",0.5,0.968135699217187,-8.808254960916e-18,0.117793279579366
"537",0.5,1.15117643344572,-2.13699636328682e-17,0.108445398369152
"538",0.5,0.931085237951728,1.67589737660317e-17,0.0879796223966547
"539",0.5,1.06218213870991,2.69415227432089e-17,0.0953718671170565
"540",0.5,0.993946203120491,8.38631735670253e-18,0.115121450317667
"541",0.5,0.923205153648158,-2.73032735743223e-17,0.113053622445211
"542",0.5,1.14326731974402,-1.44414789168498e-17,0.110673320330166
"543",0.5,1.19096200729128,1.05526142837008e-17,0.119689385845349
"544",0.5,1.18784579885888,2.36938561219008e-17,0.127617946102538
"545",0.5,1.00746617149185,-1.9999315246412e-17,0.0920818798985282
"546",0.5,1.31230710914604,1.68949869285701e-17,0.125787457313914
"547",0.5,0.823999551384141,9.37198926863163e-18,0.109829927203506
"548",0.5,0.793969312782457,-2.40319645693904e-17,0.0990003545199744
"549",0.5,0.928704916226209,-8.1520890298642e-18,0.113163565004979
"550",0.5,0.822471247798506,1.3811488844967e-17,0.105800001011054
"551",0.55,1.09330939827142,1.76101961382432e-17,0.104045551334567
"552",0.55,1.18240787482487,1.91342692965014e-17,0.152190809364901
"553",0.55,1.18049767567325,1.21662120482202e-17,0.138055404647824
"554",0.55,1.00510108427977,-7.61866156100133e-18,0.140727399916656
"555",0.55,0.953872487606787,2.23818224153946e-17,0.110936572606611
"556",0.55,0.881368870063653,7.23012415996399e-18,0.11341156731388
"557",0.55,0.851831683937951,-1.10388302536661e-17,0.122071908015581
"558",0.55,0.87863563287769,-1.2430222053484e-17,0.128362262431392
"559",0.55,1.11868659241138,-2.79244739853114e-18,0.116361791906708
"560",0.55,1.06583140455081,-9.25876129237446e-18,0.148423534973368
"561",0.55,0.983657118166087,1.18479309479599e-17,0.136598795220741
"562",0.55,1.16878266317182,-1.23455729688672e-17,0.138551686322781
"563",0.55,1.03976471946334,1.90042887026134e-17,0.112399177831053
"564",0.55,0.889957287048772,6.60846973931512e-18,0.124139369308735
"565",0.55,0.835925023752963,3.40006478917812e-18,0.0901747149922292
"566",0.55,1.05990161325169,-1.36027934792907e-17,0.116560575493202
"567",0.55,0.979392218112129,7.75468954661621e-18,0.119641741999371
"568",0.55,0.89813742093553,-6.87259494105974e-18,0.115411703294116
"569",0.55,1.15783731178643,-8.76578811707246e-18,0.125367995829919
"570",0.55,0.81981283494313,-2.76639859430423e-18,0.125581221325673
"571",0.55,0.906013349155882,2.18129821930729e-17,0.136017754989458
"572",0.55,1.10308946738055,2.07423596527978e-17,0.116134089185479
"573",0.55,0.892963901113927,-1.31308318032783e-17,0.102196399248952
"574",0.55,0.992959813590948,-2.37653711136375e-17,0.117539076755209
"575",0.55,1.2699197334639,1.30869029805677e-17,0.131097456630357
"576",0.55,0.970007411626908,7.95370036109008e-18,0.109579101744694
"577",0.55,1.00653214313543,-7.64362531602281e-20,0.113066647964318
"578",0.55,1.16764883759072,-2.1445844232415e-17,0.151697984150295
"579",0.55,0.76682510492295,-2.07032741644797e-17,0.124948569475208
"580",0.55,0.793451261481985,-1.03708274606928e-17,0.113358887408945
"581",0.55,0.90358939386841,2.09226082639735e-17,0.125014181391779
"582",0.55,1.12231686329601,2.35572669769583e-17,0.147338306489541
"583",0.55,0.863344600073133,-1.9780209845814e-17,0.103280177224568
"584",0.55,1.08812633055563,-8.94652461922579e-18,0.112670230920754
"585",0.55,1.08522956029133,-1.94116488698047e-17,0.134319609869883
"586",0.55,0.837996267148392,-2.18089435399804e-17,0.113171338677504
"587",0.55,1.02681472406031,-2.67495406081314e-17,0.142681875912823
"588",0.55,0.834682815256977,6.64140238030436e-18,0.111414518107342
"589",0.55,1.09515784326305,-1.78336756169808e-17,0.117734262805303
"590",0.55,0.895091840597572,1.89321960344067e-17,0.090685392368666
"591",0.55,1.28765718647369,5.27950892639101e-18,0.134418823035665
"592",0.55,0.915091338387511,1.29023175607021e-17,0.119506085161022
"593",0.55,1.22460769730169,8.9429738571109e-18,0.132955209424401
"594",0.55,1.15319679583348,2.56556657429047e-17,0.124029007900353
"595",0.55,0.868904397433542,-3.35572769658704e-18,0.103089913102806
"596",0.55,0.881469931069555,1.38970323963761e-18,0.115420972097394
"597",0.55,1.29324345206898,3.29102793194397e-18,0.134038733998304
"598",0.55,0.749516735261437,-1.74550044557131e-17,0.123082716866168
"599",0.55,0.880899316201456,6.63663189074543e-18,0.117822788457792
"600",0.55,0.958696393217454,1.423083114023e-17,0.125490105854975
"601",0.6,1.1959902877847,2.41800936912062e-17,0.133143756850019
"602",0.6,1.06843438386748,2.17922671553149e-17,0.138492791848508
"603",0.6,1.02163069188102,-1.10654690163407e-18,0.13432392583457
"604",0.6,0.921491903535803,1.41474966507474e-17,0.13957208856492
"605",0.6,0.938380352663095,-8.2831351911998e-20,0.128243996771087
"606",0.6,0.969471880203212,1.82018977798112e-17,0.110354713359991
"607",0.6,1.41469111060673,-2.96408812208368e-17,0.163326985568402
"608",0.6,0.886556470763711,-2.70318706654948e-19,0.135122129033892
"609",0.6,1.02126287359159,-3.10148228713919e-18,0.119833124793387
"610",0.6,0.821405758787896,-5.00366078865638e-18,0.110583895716112
"611",0.6,1.23661151896723,-9.24997925477733e-18,0.145958496227575
"612",0.6,0.916025734838654,1.58503581353803e-18,0.105651353338069
"613",0.6,0.895233499213575,-9.38685639092184e-18,0.130412669345871
"614",0.6,1.2420659077762,1.34651811185479e-18,0.137312167902914
"615",0.6,0.935631360802622,2.4216116308387e-17,0.148145295472713
"616",0.6,0.838142643117882,-2.18584644742087e-17,0.119094777891566
"617",0.6,0.997920489940644,-2.76137081848757e-18,0.118116590469248
"618",0.6,0.815270505471768,2.62237470237056e-17,0.135526704902055
"619",0.6,0.97913852221561,-1.47824325480092e-17,0.126261582931421
"620",0.6,1.17009105345959,3.01130377144271e-19,0.164938014949105
"621",0.6,0.939292703072175,-3.72128678783126e-19,0.131079202142636
"622",0.6,1.05954627789693,-1.55021937127409e-17,0.145680525908084
"623",0.6,0.894573404674523,-1.98573897939019e-17,0.130759390000929
"624",0.6,0.821034379904135,-2.71478396403693e-17,0.128126518376571
"625",0.6,0.898995224596353,-6.7932313420338e-18,0.138680500108513
"626",0.6,0.887719196738662,1.30775110792486e-18,0.123850709330413
"627",0.6,0.725190513695006,1.49180018652832e-17,0.104465145353294
"628",0.6,0.799147815842518,4.76730742555997e-17,0.153612011879795
"629",0.6,1.45492625311633,4.66358722472915e-17,0.164499389980508
"630",0.6,1.13383630577258,-1.53660721299853e-17,0.137225186564193
"631",0.6,0.880308685124786,2.22676355978411e-17,0.144397244305017
"632",0.6,1.25273786600288,7.21414573044699e-19,0.145973567728189
"633",0.6,1.24747202924349,-4.74117544269764e-17,0.171138695699616
"634",0.6,0.998554598198697,-2.36583213956976e-17,0.142179832859637
"635",0.6,1.20985375875545,-2.45306043951095e-17,0.144903709765085
"636",0.6,1.04458331676095,5.31286169572209e-18,0.118522362029511
"637",0.6,1.28077902345186,1.01458012997935e-17,0.142100609369995
"638",0.6,0.990492145235785,-3.11478561720218e-17,0.150765755551247
"639",0.6,0.965816466558673,1.78489222100314e-17,0.123797218483182
"640",0.6,0.953380602292701,1.54512158818433e-17,0.11408582691684
"641",0.6,1.14801905248709,3.84162509746086e-17,0.153012409718715
"642",0.6,0.922723503420403,-1.18623101792725e-17,0.114447099439051
"643",0.6,1.05088165942833,-2.36557464155379e-17,0.127338893920958
"644",0.6,1.10193568879398,-3.7345411593899e-18,0.139127107576439
"645",0.6,1.1894600593132,-4.10534507864352e-18,0.163642029068385
"646",0.6,1.20142766481548,-6.08295694631139e-18,0.149547978511881
"647",0.6,1.0363460510111,2.63743291529367e-17,0.130900403925293
"648",0.6,0.926575542658328,5.13379215440896e-18,0.119221288094945
"649",0.6,0.789811821110629,-2.35298163332037e-17,0.136460561382725
"650",0.6,1.34671603513519,-2.57385936565727e-17,0.132818532273823
"651",0.65,0.890638850648408,-4.14856815350237e-17,0.149595763801803
"652",0.65,1.4336743483099,1.78487214632229e-17,0.169415851385368
"653",0.65,0.842494696721728,3.60509716087402e-17,0.128865557570223
"654",0.65,0.880939737350961,1.19460105869884e-18,0.134392553214842
"655",0.65,1.05295679747491,1.81066235139041e-17,0.161964946950194
"656",0.65,1.54959377482645,-4.96950570971766e-17,0.183967200609033
"657",0.65,1.05131048039708,-1.27517074793838e-17,0.171116237773518
"658",0.65,0.76511705428003,-3.2001040272539e-18,0.147148579739188
"659",0.65,1.23222147645061,-3.62308924181653e-17,0.151804366498827
"660",0.65,1.03734635145919,-4.10497780515759e-17,0.1400576586797
"661",0.65,1.09544530577352,-2.58914413871794e-17,0.15527074044097
"662",0.65,0.81367636430078,-2.1616822915016e-18,0.121738353640739
"663",0.65,1.1663743720555,-1.52304790957888e-17,0.149151490663249
"664",0.65,1.35978766232128,2.41729379568678e-17,0.164080645499852
"665",0.65,0.735063723359709,-2.33713805144857e-17,0.103720738734054
"666",0.65,0.986082827897499,4.02009477004075e-17,0.16410374923165
"667",0.65,0.793589112086009,-2.73910058588671e-17,0.113778687891817
"668",0.65,1.39172586351559,5.3036358128606e-17,0.185075050439272
"669",0.65,0.866149144781315,-4.01881151512566e-17,0.157303120496999
"670",0.65,1.35648270344434,4.42490621509369e-17,0.1717507378425
"671",0.65,1.03791700824033,-4.89466323375098e-17,0.163680211984583
"672",0.65,0.773020651486626,1.71070839785625e-18,0.124191805599235
"673",0.65,1.24405541622538,-5.66061954254682e-19,0.159352568788037
"674",0.65,0.882271300414213,-5.00586781770375e-17,0.12844445053626
"675",0.65,0.890829872514785,3.79080718638375e-17,0.13884519716603
"676",0.65,1.00411046331313,1.4256316667547e-17,0.160183848441271
"677",0.65,0.966624993928233,3.58727262304848e-18,0.124135897585005
"678",0.65,1.17451277342425,1.45515381428513e-17,0.170823888915298
"679",0.65,0.851489335227158,-8.69722588218991e-18,0.117643754703894
"680",0.65,0.910770090886389,-5.46109652724974e-17,0.14140595867291
"681",0.65,0.999974759820937,5.49406033905145e-17,0.153674915673291
"682",0.65,0.775773385079113,-3.82063629865426e-17,0.134632502041822
"683",0.65,0.80251747620295,4.37136763418999e-17,0.134690033299825
"684",0.65,1.03471815377797,-5.28964486145103e-17,0.167579195488271
"685",0.65,1.20143192368493,4.40175206126072e-17,0.17687599735382
"686",0.65,1.00539114209407,-4.32992400614673e-17,0.152918253884365
"687",0.65,0.994005601819126,-3.64937555408186e-17,0.183443192315674
"688",0.65,0.985423751511018,2.34695990669175e-17,0.116391133047081
"689",0.65,0.957495611115863,3.19297641440935e-17,0.192035188544642
"690",0.65,1.50896409077432,-1.61612531083405e-18,0.194226547579486
"691",0.65,1.11981211412273,5.38021775568776e-17,0.181420789691769
"692",0.65,0.850981794305218,4.15511283827262e-17,0.134861323294924
"693",0.65,0.821386012476351,2.65395073539149e-17,0.150278717554842
"694",0.65,0.741852450570859,4.83498603567195e-17,0.143151047419667
"695",0.65,1.09181514283618,1.6859899435763e-17,0.116929424188573
"696",0.65,0.881131404960217,5.15471556227203e-17,0.147162708898535
"697",0.65,1.10326693027528,-2.34311607117711e-17,0.122474890390798
"698",0.65,0.889073798672352,4.44741899557899e-17,0.144430621541929
"699",0.65,0.845413044240121,-2.73983038947406e-17,0.144846628512723
"700",0.65,0.854027895418969,-1.56346696656914e-18,0.117581748807638
"701",0.7,0.7227359240344,1.72115756570017e-17,0.156831702191134
"702",0.7,1.13443223082639,-3.73097074611063e-17,0.143472456354245
"703",0.7,1.41329805990873,-3.96918554881193e-17,0.202187750849843
"704",0.7,0.883626765133582,-4.52901020655291e-17,0.219219252912114
"705",0.7,0.949269016219106,1.1359565631891e-17,0.197659691521791
"706",0.7,1.30853029306087,-1.98566139117222e-17,0.196879933272117
"707",0.7,1.13022368658153,-4.93891291254191e-17,0.149472267978915
"708",0.7,1.04279083241354,-4.00357576409681e-17,0.152048952663063
"709",0.7,0.942158134507026,4.27069268621114e-18,0.174303829026914
"710",0.7,1.17579381189666,9.64421549348379e-18,0.171373103187418
"711",0.7,0.857669691097837,3.87000883271017e-18,0.153438568881557
"712",0.7,1.19874421324526,-5.08849689814794e-17,0.159327860520272
"713",0.7,0.967158085631788,5.34485588773325e-17,0.143920501997814
"714",0.7,1.00507340467756,-9.81516029476687e-18,0.229951855464659
"715",0.7,1.29989206047612,1.15691419118324e-17,0.194380629272752
"716",0.7,0.809489653410677,-2.58201595412615e-17,0.133559767265043
"717",0.7,1.42679288724113,4.18068357710411e-18,0.222343877755081
"718",0.7,0.81342026019977,4.45175444901622e-17,0.153625728492424
"719",0.7,0.974558853766721,-3.90188098844946e-17,0.106064330572403
"720",0.7,1.03317526160786,-1.4331296024038e-17,0.171776950761031
"721",0.7,1.4372250078891,3.64029959605203e-17,0.201183140116274
"722",0.7,1.15723674267049,1.91066509402232e-17,0.189531025723976
"723",0.7,1.09383449623455,-1.07351600482294e-17,0.158930754800224
"724",0.7,1.09246278019647,-4.96967647155983e-17,0.157870906861753
"725",0.7,1.19157335554633,4.62756460754832e-17,0.17055963333618
"726",0.7,0.979865864490557,-4.64643853449222e-17,0.139085215251389
"727",0.7,0.854713032477636,-1.85154083905126e-17,0.143020339110752
"728",0.7,0.796675791816356,2.08952321591183e-17,0.150824674911258
"729",0.7,1.02791754631223,-5.59034037188018e-18,0.160078892401684
"730",0.7,1.24925928702864,4.05964866757869e-17,0.151814082169495
"731",0.7,0.792318297055343,2.64971150489707e-17,0.137465198895277
"732",0.7,1.11738724631267,-4.60572945342082e-17,0.195626160181851
"733",0.7,0.989112224707814,3.18395483589473e-17,0.174303017847513
"734",0.7,0.737214882815314,4.59690879112129e-18,0.181112621784377
"735",0.7,0.940113593078029,3.99689233532979e-17,0.170677411997465
"736",0.7,0.898470826043311,-1.70943446030358e-18,0.139696050625223
"737",0.7,1.30020978105998,4.88821629658284e-17,0.187990152972071
"738",0.7,1.26922779805467,4.77497273491945e-17,0.193688356858449
"739",0.7,1.1289401351982,-2.31776403625261e-17,0.160812770409927
"740",0.7,1.32675104083635,4.68641510147083e-17,0.212296620655273
"741",0.7,0.808268436723615,-3.7755761787394e-17,0.145936927258458
"742",0.7,1.05049365205017,3.83052117314871e-17,0.17764012560047
"743",0.7,1.12942821276766,-1.44539057372189e-17,0.181679480983465
"744",0.7,0.818875139608772,-4.15163780090322e-17,0.157817788696939
"745",0.7,0.732647743805246,-1.18556491121753e-17,0.12695716627035
"746",0.7,0.81695143471143,-2.56687574841374e-17,0.151112546022745
"747",0.7,0.713282598074636,4.8287098338762e-17,0.1317160368161
"748",0.7,1.08041407979578,-1.17161461738943e-17,0.140379382847046
"749",0.7,1.42737206602086,3.46944695195361e-17,0.191219041863938
"750",0.7,0.903796656598308,-4.91687845156192e-17,0.150700255725656
"751",0.75,1.03471509668284,3.22663445441462e-17,0.206968447633466
"752",0.75,0.95944569887741,4.75092784123915e-17,0.197772871427329
"753",0.75,0.886937303642135,4.09652678803624e-17,0.18009234801175
"754",0.75,0.813594472813797,-5.36182697633697e-17,0.185288204833384
"755",0.75,1.05489722902348,4.55045818192022e-17,0.198652077202901
"756",0.75,0.853127703799853,3.61373732045249e-17,0.142884691632285
"757",0.75,1.28662696147305,4.79829934466047e-17,0.220562513622336
"758",0.75,1.4875844461629,-3.58960636822475e-17,0.179961143425787
"759",0.75,1.04225801591595,4.9161127337776e-17,0.155005956714582
"760",0.75,1.15170929532724,1.68544648723734e-17,0.208122037680617
"761",0.75,0.980811696204975,-5.10381667484516e-17,0.187981626704162
"762",0.75,0.909251151083205,3.30706734783318e-17,0.216057831463259
"763",0.75,0.939549591965012,-4.90952103867877e-17,0.219347000147853
"764",0.75,0.798613200290765,3.28351881545997e-17,0.190622407279575
"765",0.75,0.837790372338751,1.60392600351451e-17,0.193510360674382
"766",0.75,0.783989647623397,3.02847482334945e-17,0.155898409421387
"767",0.75,1.02385620875132,-1.72252349103091e-17,0.208514562540325
"768",0.75,0.853349329456105,-5.08968409952681e-17,0.108491887690607
"769",0.75,1.00810068346766,3.38154526081935e-18,0.200989060310365
"770",0.75,1.07601369453718,1.16307788053382e-17,0.203194769619707
"771",0.75,1.02504059259829,4.40883766127109e-17,0.194399355079908
"772",0.75,1.39380064364902,-3.2078669148089e-17,0.241372812420645
"773",0.75,1.0472137624337,-2.63351691257192e-17,0.191044337113378
"774",0.75,0.910410066309015,-1.22992716068714e-17,0.152940473088621
"775",0.75,0.888601878190864,-5.89399406017432e-18,0.179505123195177
"776",0.75,0.790354351336541,-6.38730604865523e-19,0.17505837628208
"777",0.75,0.768474610857132,2.36789754470834e-18,0.158124123282907
"778",0.75,0.824624076053753,4.05053052730808e-17,0.14210082555566
"779",0.75,1.01701641167893,1.52987160700196e-17,0.226115849046348
"780",0.75,1.38629029610226,1.85804063107531e-17,0.176465695048248
"781",0.75,1.03756558577506,-2.8793021569426e-17,0.150542518871
"782",0.75,0.981665177818818,3.78096534116301e-18,0.18095725062102
"783",0.75,1.09045815466779,3.7459605187716e-17,0.257562502345389
"784",0.75,0.993171967158211,-4.46233084120881e-17,0.182098722232895
"785",0.75,0.706165479654811,4.99201264567563e-17,0.166864424565152
"786",0.75,0.768451297937991,-2.36554499540064e-17,0.15340219247733
"787",0.75,0.923493610044909,2.52852785638611e-17,0.209964378265052
"788",0.75,0.87454632302321,6.63949825023893e-18,0.159764187043292
"789",0.75,0.96955408911702,1.05326446349363e-17,0.169932276924451
"790",0.75,0.852941959535348,3.2626787556389e-17,0.182132319456718
"791",0.75,1.37183635994099,-8.06405181345837e-18,0.214122812908819
"792",0.75,0.695578500869711,-4.95398315333287e-17,0.178587115021713
"793",0.75,0.789408495331191,-2.28198265405516e-17,0.184634969579545
"794",0.75,0.847716420069203,1.96267427223645e-17,0.152725830217364
"795",0.75,0.876916293251809,-4.03675844921209e-17,0.129370015964282
"796",0.75,0.874410227088953,-5.44679861110009e-17,0.173501588049485
"797",0.75,0.658856226232366,-4.41058322676879e-17,0.171245236945322
"798",0.75,0.838868538163505,2.28416528855364e-17,0.236070704912243
"799",0.75,0.844283298292545,2.05188717037307e-17,0.169091178416859
"800",0.75,1.04748802159304,-2.28701877314635e-17,0.181138026833575
"801",0.8,1.8418181039897,-1.48807832375808e-17,0.294001437144593
"802",0.8,0.904578500898194,-5.58819483742479e-18,0.165251405574537
"803",0.8,1.0187686789281,-1.41813271466607e-17,0.258257172901651
"804",0.8,0.761136965170878,-3.32685335985468e-17,0.197574543086952
"805",0.8,0.771842002226787,-1.52307052535858e-17,0.170524959664962
"806",0.8,0.873322525967273,6.55142444200979e-17,0.254218056992895
"807",0.8,0.818757584560384,1.33650957055004e-17,0.203960857821715
"808",0.8,0.898509356633846,3.17547366440046e-17,0.152956171768743
"809",0.8,0.917274670280505,-4.49678272049225e-18,0.197693833715042
"810",0.8,0.90985934784789,-3.18163464324561e-17,0.206091412938898
"811",0.8,0.707684196229543,-4.06413929745185e-17,0.158246740197803
"812",0.8,1.04305675458329,-1.02106582737516e-16,0.245705273946042
"813",0.8,0.743967783181223,3.18732941515659e-17,0.181872513040732
"814",0.8,0.959899553252945,-1.38777878078145e-17,0.176543540278953
"815",0.8,0.951475455749072,-3.96987469481781e-17,0.151530034106957
"816",0.8,1.03301862333589,-1.15294601123195e-17,0.261359577768016
"817",0.8,0.661788912365168,3.98588768327907e-17,0.129520649645086
"818",0.8,1.04953897764076,5.14073917982916e-17,0.202857787914967
"819",0.8,0.934888977360384,-1.05666072679894e-17,0.230632196659486
"820",0.8,0.763718247040409,3.70823705943268e-17,0.2057804959256
"821",0.8,0.650699544097742,-1.53857775044702e-17,0.225185172581976
"822",0.8,0.989745190574644,1.1047478036541e-18,0.243883216286943
"823",0.8,1.11129511186261,1.3650755872896e-17,0.214919064769931
"824",0.8,1.02319067466584,9.52413366543062e-17,0.239621505862976
"825",0.8,0.845902714868542,2.03109556083658e-17,0.189667540531827
"826",0.8,1.05840621631172,8.66858405600157e-17,0.235103165819343
"827",0.8,0.888346391034903,1.25802688578924e-18,0.210687592117407
"828",0.8,0.740421763996862,2.25283387864789e-17,0.169053047462559
"829",0.8,0.863334281576,2.91911270546355e-17,0.219587433803377
"830",0.8,1.10472618629483,2.29644862154155e-18,0.197665498455306
"831",0.8,0.825401046118809,-4.17470962313371e-17,0.1658698740007
"832",0.8,0.789099726616195,4.36161777674733e-17,0.194425089743537
"833",0.8,0.952088825097514,2.90748870292179e-17,0.248001535624706
"834",0.8,0.840209503255634,-1.96925266891801e-17,0.170642251833448
"835",0.8,1.0472667472599,5.38707126867058e-17,0.200994385744029
"836",0.8,0.650122435118186,1.14890735813944e-17,0.173805973830124
"837",0.8,0.860536951197434,-3.56001035942133e-17,0.188686192016627
"838",0.8,1.16176250317448,4.39809321774176e-17,0.256419888737537
"839",0.8,0.761910891347388,-9.68539281436843e-17,0.221465245891751
"840",0.8,1.18354625577163,-7.20091846394266e-18,0.230723947845979
"841",0.8,1.00486429733754,5.26039444209009e-17,0.218326471907648
"842",0.8,0.851642846745595,5.51403676407949e-17,0.217603906651227
"843",0.8,0.784367480737401,-1.91460616891931e-18,0.179927476078053
"844",0.8,1.23463379068039,3.96699139466536e-17,0.215835057803518
"845",0.8,1.30332070588408,3.43231302754599e-17,0.274212964924098
"846",0.8,1.18509693282822,3.67294627871828e-17,0.254792934974763
"847",0.8,0.771572030956635,-1.36546590007169e-17,0.203980491674851
"848",0.8,1.21219385437533,-4.49586385915107e-17,0.195256803311015
"849",0.8,0.775943391363702,-1.63597400329365e-17,0.170591655549351
"850",0.8,0.822718022270259,-4.73912901109708e-17,0.135013347262487
"851",0.85,0.885058227904621,-2.97749563719918e-17,0.203064513451274
"852",0.85,0.840369475520517,-3.09936809290284e-18,0.224596116378619
"853",0.85,1.06788332167637,-1.02174670633948e-16,0.316300934493961
"854",0.85,0.722850817502588,1.06822140515756e-16,0.252033903898066
"855",0.85,0.90869778438101,4.65300481860263e-17,0.266289127575189
"856",0.85,0.900178522306151,1.87439243271546e-18,0.215469758028581
"857",0.85,1.1961385607213,1.07259307772362e-17,0.297587602464222
"858",0.85,1.40658717826945,9.42769489862758e-17,0.278037703609742
"859",0.85,0.698192699202294,1.00064542155748e-17,0.177190321777189
"860",0.85,1.07090531597221,-4.96349946261615e-17,0.21511205926362
"861",0.85,1.03180642031962,-2.51079539104193e-18,0.280873236421715
"862",0.85,0.77872060752482,7.45973107504211e-18,0.199430613374404
"863",0.85,0.954589558350396,3.84245044636466e-17,0.282171463791501
"864",0.85,0.872790126154556,-9.07113892057972e-17,0.221574139489478
"865",0.85,0.699772707866211,3.86529085919397e-17,0.206127056992807
"866",0.85,1.05644312190197,-1.07706974849381e-16,0.259154332959885
"867",0.85,0.877395179027918,7.31500295991609e-17,0.237606734825851
"868",0.85,1.16218719596239,-5.40428297815879e-17,0.336762448588602
"869",0.85,1.50085693820629,1.02864385845974e-16,0.392182398164121
"870",0.85,0.915911522342972,-2.92738838676481e-17,0.171295481478765
"871",0.85,0.932957041512675,2.90145477901873e-17,0.169678689424324
"872",0.85,0.933892481131762,-4.32877204133847e-17,0.23015131525104
"873",0.85,1.55206025346713,-3.27915862866068e-17,0.34972256186608
"874",0.85,1.21288466589837,-8.849580681973e-17,0.236044747046315
"875",0.85,1.02607171952599,1.07428172260726e-18,0.233083018248905
"876",0.85,1.47446385800614,5.01189598178277e-17,0.288176105479894
"877",0.85,0.742085982946072,8.2609483489926e-17,0.291754610115114
"878",0.85,1.25877847042446,8.56729475502607e-17,0.332919114307201
"879",0.85,0.764847460441167,-9.77963912109081e-18,0.191230251324991
"880",0.85,0.797084077301328,-7.81936093565555e-17,0.190075064841326
"881",0.85,1.09073142626404,-7.52561804106405e-17,0.321752938358925
"882",0.85,1.02624843036911,-1.06558953826517e-16,0.22932580384455
"883",0.85,1.05125952344791,2.11908398814464e-17,0.325623268535297
"884",0.85,0.747958120879723,-9.89577606259873e-17,0.242525982404399
"885",0.85,1.39823713628987,8.40204455624738e-17,0.258534343666811
"886",0.85,1.14765648195653,6.56667103506037e-17,0.257755824424388
"887",0.85,0.761498451794469,7.17449103598833e-17,0.329152183039845
"888",0.85,0.752711382833433,-3.93279159238702e-17,0.194258351224866
"889",0.85,0.788036279025971,-1.04226082788244e-16,0.304973073518318
"890",0.85,1.15263669326992,-8.60809633209531e-17,0.282691400099599
"891",0.85,0.877248482914227,-2.35870147740659e-17,0.275993206958085
"892",0.85,1.37674662822809,1.96624942890022e-17,0.345770724034936
"893",0.85,0.901636338862905,-1.09014902140159e-17,0.226375833593107
"894",0.85,0.868955529446287,5.17127031300635e-17,0.175659241734788
"895",0.85,1.43708360622276,1.04901357782586e-16,0.317544072555094
"896",0.85,0.820334113497471,3.58182450713174e-18,0.177050523448898
"897",0.85,1.13108141765806,5.09645494209399e-18,0.254621744695595
"898",0.85,1.21252982720823,7.66889535815801e-17,0.325706898719912
"899",0.85,0.829736570511854,8.04993550117261e-17,0.199825995271508
"900",0.85,1.37039815450361,-7.59917909382438e-17,0.400731067848333
"901",0.9,1.4482385664218,4.73969482910584e-18,0.370186204878956
"902",0.9,0.966367134635453,-1.02199282023263e-16,0.309042938691364
"903",0.9,1.21677376652688,-2.74433389424802e-17,0.2974546362367
"904",0.9,0.710177172692669,1.03155060448418e-17,0.27087477724246
"905",0.9,1.13981001434993,7.09387924921132e-17,0.304870885909108
"906",0.9,0.752193901515026,6.29689713999709e-17,0.174701216851257
"907",0.9,0.837412864106648,-7.2661278036068e-17,0.311068049612516
"908",0.9,0.759892573608843,1.06477530243364e-17,0.23738655165533
"909",0.9,0.768974395527714,-4.10739693125495e-17,0.251711687653082
"910",0.9,0.794447979928657,3.38909740657707e-17,0.403759216338844
"911",0.9,0.913345312277795,-5.20852349965295e-17,0.25988073923827
"912",0.9,1.15242626814037,7.60699080224088e-17,0.301883299934518
"913",0.9,1.0231770376411,-8.62576882750682e-17,0.33132437145798
"914",0.9,0.674814914796581,1.02649456317806e-16,0.272838157772263
"915",0.9,0.918535606994061,3.00012835754981e-17,0.193864672272199
"916",0.9,1.23890300610775,8.29422251366618e-17,0.27903993765148
"917",0.9,0.643485139869713,-1.28895917377025e-17,0.28080277830674
"918",0.9,0.994454077735711,6.08605911977742e-17,0.256036228646228
"919",0.9,0.814139538377965,-4.66982176838577e-17,0.259425653063274
"920",0.9,0.79819690709543,-4.86543856419164e-17,0.307571138166609
"921",0.9,0.896779123321859,-3.15219313325177e-17,0.315632794159972
"922",0.9,1.36619172940316,2.65473949247197e-17,0.397871189049885
"923",0.9,0.682611757802755,-1.27077727274426e-17,0.243189826493668
"924",0.9,1.04037389681136,-4.26235652675744e-17,0.305189739942139
"925",0.9,1.03379182828399,3.26427151639292e-17,0.293204195241597
"926",0.9,0.661192097950073,-1.03464369775701e-16,0.272177322252698
"927",0.9,0.918194913071377,-3.67133623849214e-17,0.319764543826138
"928",0.9,1.37125646117199,1.87389098921069e-17,0.426719228383503
"929",0.9,1.12499524288284,-6.20866408957386e-17,0.307557402613244
"930",0.9,0.783808991905239,1.18014203688262e-17,0.245818422866587
"931",0.9,0.627098590961664,-7.74847037660759e-17,0.213593642398864
"932",0.9,0.697365605694828,-2.05701883478071e-17,0.224283093290991
"933",0.9,0.860982494759317,5.26476648735064e-17,0.233684855655424
"934",0.9,1.14439569238097,8.44437909354456e-17,0.319302608019529
"935",0.9,0.877193275756679,9.65574733884089e-17,0.269777854204085
"936",0.9,1.21369379240019,5.57529283157221e-17,0.400986879752896
"937",0.9,1.0673466284489,8.12478339815015e-17,0.308405363055708
"938",0.9,1.08525441512398,5.8617932556515e-18,0.37616519455975
"939",0.9,1.64620478395285,-6.17579175733046e-17,0.442177997444654
"940",0.9,0.79953047859037,-8.02079079152349e-17,0.322934924819097
"941",0.9,0.8621911808517,-1.03978403578203e-16,0.241407286284475
"942",0.9,1.86482003395537,5.07384932679766e-18,0.477302949717557
"943",0.9,1.89965821186588,8.12804007042575e-17,0.375035656877225
"944",0.9,1.23634755832638,-6.96376550174405e-17,0.360462314008492
"945",0.9,1.04815388710022,-9.7684189838583e-17,0.314004625905887
"946",0.9,0.749308469463828,8.47526801343868e-17,0.238244748037097
"947",0.9,1.46013673621723,3.86688023181619e-17,0.362893796151489
"948",0.9,0.905931193995719,-2.8450278157649e-17,0.39275472947672
"949",0.9,0.590931670642295,-4.1511932780125e-17,0.203826853308302
"950",0.9,0.865168992894177,2.59446191743992e-17,0.284134383162269
"951",0.95,1.00079558233466,-9.64218125915767e-17,0.51752388696408
"952",0.95,0.989359878166871,-1.13254620525555e-16,0.443628882604966
"953",0.95,0.817232003100755,5.57492420283356e-17,0.376312405722738
"954",0.95,0.910312599632939,-9.7570348610472e-17,0.306276558846005
"955",0.95,1.24920251857947,2.20081385841203e-16,0.431664564745292
"956",0.95,1.27445228236353,-1.39361910683408e-16,0.510360606836438
"957",0.95,0.822251810897631,-3.42084758957195e-17,0.539149406104522
"958",0.95,0.82027535749321,-4.74967558772993e-17,0.316362135383145
"959",0.95,2.25085051272956,-5.59616914440342e-17,0.51165340222056
"960",0.95,0.645216427552542,1.44538650796375e-17,0.324327527640166
"961",0.95,1.96364169495163,-1.71914782756688e-16,0.567202151798796
"962",0.95,1.27060888405943,8.44726036081794e-17,0.415819253750424
"963",0.95,1.47677773151725,-3.26201197130282e-18,0.592230878699286
"964",0.95,0.902630271454777,5.9682198961554e-17,0.323861645607288
"965",0.95,1.15743166423459,-5.88293519801497e-17,0.457772400638401
"966",0.95,0.994563464212627,-5.47833110662753e-17,0.362615380020043
"967",0.95,1.19540246105617,4.49243235927516e-17,0.395562856809233
"968",0.95,0.939283924188212,3.45587307956727e-17,0.247352687340496
"969",0.95,1.18951193790456,-7.38981358744395e-17,0.411106246270776
"970",0.95,0.931505719613507,8.87921057209431e-17,0.417459785403016
"971",0.95,1.21455299456737,1.55627829958975e-16,0.561667850882332
"972",0.95,1.14583738276607,8.03264247652147e-17,0.724265926307107
"973",0.95,1.43949138945509,7.14012182712054e-18,0.606597445262839
"974",0.95,0.812195002803119,4.77683756265612e-17,0.368959300333557
"975",0.95,0.814849390522487,4.12042633086279e-17,0.412972530452006
"976",0.95,1.59503227184971,1.62168455747347e-17,0.479527743278002
"977",0.95,0.682077861804614,-6.84876688781394e-17,0.239008612422662
"978",0.95,0.755504443239855,-7.27000111586801e-17,0.286811548091052
"979",0.95,0.890437779553288,-6.22077259496145e-17,0.536128742836594
"980",0.95,0.733235127349284,-2.13232074141798e-17,0.307900726750849
"981",0.95,0.78530990458576,-2.120404681916e-16,0.400696734699424
"982",0.95,0.913420136421027,-2.10971106036351e-17,0.411394592329145
"983",0.95,0.888710789946002,-1.02471077955378e-16,0.338291761913525
"984",0.95,0.891198529743958,1.11476772908167e-16,0.405047933995232
"985",0.95,1.19970681351905,-2.18206942586511e-16,0.507167043121872
"986",0.95,1.74626497666477,-1.76608700537192e-16,0.700935107909067
"987",0.95,1.85881057156148,-2.47274531579855e-17,0.585519598571511
"988",0.95,1.56982423094132,2.12785084691136e-16,0.449085323274955
"989",0.95,0.759138125089955,-1.84136560166248e-17,0.498516376807855
"990",0.95,0.698224862773098,4.25371543544273e-17,0.309863456836075
"991",0.95,0.995481808239744,-8.43895820973708e-17,0.389588284885122
"992",0.95,2.56713054938203,-8.43937550051854e-18,0.605970978764002
"993",0.95,0.737215206965048,-7.28099763640244e-17,0.274103260869237
"994",0.95,0.525745650494635,-1.1894998874773e-17,0.236659930225499
"995",0.95,1.48485149041635,4.21499857586327e-17,0.542943714266584
"996",0.95,0.841918646884354,3.67749450683186e-17,0.376689940544549
"997",0.95,1.02464509761897,1.00010440467341e-16,0.382980285050686
"998",0.95,0.989031366688711,-6.26627588251431e-17,0.400515401930856
"999",0.95,1.01560290479736,9.9162065819898e-17,0.376307985952807
"1000",0.95,1.03807331516183,1.00046246244087e-17,0.292001550789882
"1001",1,1.08529711409573,-1.17261587809572e-16,0.944958588173676
"1002",1,0.753499750946459,3.1635284669651e-17,0.721061407926476
"1003",1,1.16153419289895,-1.11928668373659e-16,0.887157482144409
"1004",1,1.07324498997195,-1.04555307554183e-17,0.663183170138188
"1005",1,1.1335228639153,8.00004593820569e-17,0.901238880937387
"1006",1,0.952524284330424,1.81339589611779e-18,0.757151683601238
"1007",1,0.687811711572298,-3.31675876000248e-17,0.691259363438975
"1008",1,1.00480302128272,-4.013840041589e-16,0.991058412005053
"1009",1,0.778848423246925,1.79464299324139e-16,0.78199991056279
"1010",1,1.1775466139713,1.12444613082491e-16,0.758866979034371
"1011",1,0.937990978579665,-1.43704601170136e-16,0.732873906086133
"1012",1,2.37422430638776,8.2945803003831e-17,1.1248896223887
"1013",1,1.01847178598235,7.7285075041067e-17,0.862860512000049
"1014",1,1.16333960153035,-3.7547355471711e-16,0.986399640262951
"1015",1,0.690485656946465,-1.71251684707996e-16,0.937796837459415
"1016",1,1.49674403765214,-9.81116229925583e-18,0.961582107851222
"1017",1,1.47856728348506,-1.46983120119515e-16,0.83800460625331
"1018",1,0.780560193118623,-5.25834529998409e-17,0.59106496012624
"1019",1,1.10514215108981,2.35366847539664e-16,0.910683714792618
"1020",1,1.27638169625284,2.73669975570101e-17,0.677694518026517
"1021",1,1.4899803281898,-1.68344450792585e-16,0.808151437499815
"1022",1,0.988754465332968,1.79730118591778e-16,0.740185775670378
"1023",1,0.637563887037951,4.63609185763492e-17,0.578866232866088
"1024",1,1.43862484273916,1.79903943305082e-16,1.11342112767209
"1025",1,1.33774868653353,1.41647679913551e-16,0.68075053777669
"1026",1,1.7089734608538,-3.26790877751238e-16,0.991908608810174
"1027",1,1.04339176311378,6.00117828694624e-17,0.898040398987781
"1028",1,1.08005610607157,-1.84227741568954e-16,0.691209456666958
"1029",1,0.711195467372027,-1.82354253767426e-16,0.562838927886861
"1030",1,1.13047106983277,-3.88578058618805e-16,0.985367706822636
"1031",1,0.987384452729262,1.14627627051736e-16,0.740131739288646
"1032",1,1.43104749692788,-1.30132016273876e-16,0.742640862847834
"1033",1,1.74411047245446,3.50728560777336e-17,1.03937524359159
"1034",1,0.761876933810698,-1.25069117389021e-16,0.753147556713801
"1035",1,1.42708744578445,-2.71713641170068e-16,1.03822329455481
"1036",1,0.907415496389597,1.416483033298e-16,0.414157581334535
"1037",1,1.19193376169807,8.92099436856919e-17,1.0028943480896
"1038",1,0.83797385097765,2.93045589964264e-16,0.86084758439055
"1039",1,1.48421437958719,-1.78463296115865e-16,0.770965596610439
"1040",1,1.13683486847747,3.61504852745484e-16,0.877889071414092
"1041",1,0.825295568803422,-6.23467748782358e-17,0.74621001494803
"1042",1,0.722546323885789,-1.81170183022328e-18,0.801531955778358
"1043",1,0.815535732566361,1.01264049229277e-16,0.969198164342707
"1044",1,1.27873444020428,3.59235211022657e-17,1.09716992652253
"1045",1,0.590311019540141,-1.4597139686226e-16,0.669129681288628
"1046",1,1.01497631988532,2.76529667220249e-16,1.01797104763836
"1047",1,1.02927990960293,1.62899858532906e-16,0.620938171267459
"1048",1,0.963119619144286,2.20869112929623e-16,0.808666745698064
"1049",1,1.0060790791494,-1.43465534591103e-16,0.671527170853969
"1050",1,0.651446784542999,7.90827906632652e-17,1.00856987216914
